2025-05-28 12:40:07 [INFO] ru.mail.im.botapi.BotLogger - IM_BOT bot successfully started
2025-05-28 12:40:07 [INFO] TagBot - Бот запускается...
2025-05-28 12:40:07 [INFO] ru.mail.im.botapi.BotLogger - IM_BOT bot already started
2025-05-28 12:40:11 [INFO] TagBot - Новое сообщение от пользователя: andrey.sanzharov@lukoil.com
2025-05-28 12:40:17 [INFO] TagBot - Обработка нажатия кнопки: [Зарегистрировать обращение] от пользователя: andrey.sanzharov@lukoil.com
2025-05-28 12:40:17 [INFO] TagBot - Переход к следующему шагу для пользователя: andrey.sanzharov@lukoil.com
2025-05-28 12:40:21 [INFO] TagBot - Обработка нажатия кнопки: [Не работает телефон] от пользователя: andrey.sanzharov@lukoil.com
2025-05-28 12:40:21 [INFO] TagBot - Переход к следующему шагу для пользователя: andrey.sanzharov@lukoil.com
2025-05-28 12:40:25 [INFO] TagBot - Обработка нажатия кнопки: [От имени другого сотрудника.] от пользователя: andrey.sanzharov@lukoil.com
2025-05-28 12:40:25 [INFO] TagBot - Переход к следующему шагу для пользователя: andrey.sanzharov@lukoil.com
2025-05-28 12:40:27 [INFO] TagBot - Новое сообщение от пользователя: andrey.sanzharov@lukoil.com
2025-05-28 12:40:27 [INFO] TagBot - Пользователь ввел текст: "ghj" | chatId: andrey.sanzharov@lukoil.com
2025-05-28 12:41:53 [INFO] ru.mail.im.botapi.BotLogger - IM_BOT bot successfully started
2025-05-28 12:41:53 [INFO] TagBot - Бот запускается...
2025-05-28 12:41:53 [INFO] ru.mail.im.botapi.BotLogger - IM_BOT bot already started
2025-05-28 12:42:01 [INFO] TagBot - Новое сообщение от пользователя: andrey.sanzharov@lukoil.com = {ghjk}
2025-05-28 12:43:43 [INFO] ru.mail.im.botapi.BotLogger - IM_BOT bot successfully started
2025-05-28 12:43:43 [INFO] TagBot - Бот запускается...
2025-05-28 12:43:43 [INFO] ru.mail.im.botapi.BotLogger - IM_BOT bot already started
2025-05-28 12:49:02 [INFO] ru.mail.im.botapi.BotLogger - IM_BOT bot successfully started
2025-05-28 12:49:02 [INFO] TagBot - Бот запускается...
2025-05-28 12:49:02 [INFO] ru.mail.im.botapi.BotLogger - IM_BOT bot already started
2025-05-28 12:49:20 [INFO] TagBot - Новое сообщение от пользователя: andrey.sanzharov@lukoil.com = {рр}
2025-05-28 12:49:21 [INFO] TagBot - Обработка нажатия кнопки: [Зарегистрировать обращение] от пользователя: andrey.sanzharov@lukoil.com
2025-05-28 12:49:21 [INFO] TagBot - Переход к следующему шагу для пользователя: andrey.sanzharov@lukoil.com
2025-05-28 12:50:38 [INFO] ru.mail.im.botapi.BotLogger - IM_BOT bot successfully started
2025-05-28 12:50:38 [INFO] TagBot - Бот запускается...
2025-05-28 12:50:38 [INFO] ru.mail.im.botapi.BotLogger - IM_BOT bot already started
2025-05-28 12:50:42 [INFO] TagBot - Новое сообщение от пользователя: andrey.sanzharov@lukoil.com = {рр}
2025-05-28 12:50:43 [INFO] TagBot - Обработка нажатия кнопки: [Зарегистрировать обращение] от пользователя: andrey.sanzharov@lukoil.com
2025-05-28 12:50:43 [INFO] TagBot - Переход к следующему шагу для пользователя: andrey.sanzharov@lukoil.com
2025-05-28 12:50:45 [INFO] TagBot - Обработка нажатия кнопки: [Не работает телефон] от пользователя: andrey.sanzharov@lukoil.com
2025-05-28 12:50:45 [INFO] TagBot - Переход к следующему шагу для пользователя: andrey.sanzharov@lukoil.com
2025-05-28 12:50:47 [INFO] TagBot - Обработка нажатия кнопки: [От себя] от пользователя: andrey.sanzharov@lukoil.com
2025-05-28 12:50:47 [INFO] TagBot - Диалог завершен для пользователя: andrey.sanzharov@lukoil.com
2025-05-28 13:07:24 [INFO] ru.mail.im.botapi.BotLogger - IM_BOT bot successfully started
2025-05-28 13:07:24 [INFO] TagBot - Бот запускается...
2025-05-28 13:07:24 [INFO] ru.mail.im.botapi.BotLogger - IM_BOT bot already started
2025-05-28 13:07:28 [INFO] TagBot - Новое сообщение от пользователя: andrey.sanzharov@lukoil.com = {ghgh}
2025-05-28 13:07:30 [INFO] TagBot - Обработка нажатия кнопки: [Зарегистрировать обращение] от пользователя: andrey.sanzharov@lukoil.com
2025-05-28 13:07:30 [INFO] TagBot - Переход к следующему шагу для пользователя: andrey.sanzharov@lukoil.com
2025-05-28 13:07:31 [INFO] TagBot - Обработка нажатия кнопки: [Не работает телефон] от пользователя: andrey.sanzharov@lukoil.com
2025-05-28 13:07:31 [INFO] TagBot - Переход к следующему шагу для пользователя: andrey.sanzharov@lukoil.com
2025-05-28 13:07:33 [INFO] TagBot - Обработка нажатия кнопки: [Отменить составление заявки.] от пользователя: andrey.sanzharov@lukoil.com
2025-05-28 13:07:33 [INFO] TagBot - Переход к следующему шагу для пользователя: andrey.sanzharov@lukoil.com
2025-05-28 13:07:35 [INFO] TagBot - Обработка нажатия кнопки: [Зарегистрировать обращение] от пользователя: andrey.sanzharov@lukoil.com
2025-05-28 13:07:35 [INFO] TagBot - Переход к следующему шагу для пользователя: andrey.sanzharov@lukoil.com
2025-05-28 13:07:36 [INFO] TagBot - Обработка нажатия кнопки: [Не работает телефон] от пользователя: andrey.sanzharov@lukoil.com
2025-05-28 13:07:36 [INFO] TagBot - Переход к следующему шагу для пользователя: andrey.sanzharov@lukoil.com
2025-05-28 13:07:38 [INFO] TagBot - Обработка нажатия кнопки: [От имени другого сотрудника.] от пользователя: andrey.sanzharov@lukoil.com
2025-05-28 13:07:38 [INFO] TagBot - Переход к следующему шагу для пользователя: andrey.sanzharov@lukoil.com
2025-05-28 13:07:41 [INFO] TagBot - Новое сообщение от пользователя: andrey.sanzharov@lukoil.com = {ghghgh}
2025-05-28 13:07:41 [INFO] TagBot - Пользователь ввел текст: "ghghgh" | chatId: andrey.sanzharov@lukoil.com
2025-05-28 13:21:10 [INFO] ru.mail.im.botapi.BotLogger - IM_BOT bot successfully started
2025-05-28 13:21:10 [INFO] TagBot - Бот запускается...
2025-05-28 13:21:10 [INFO] ru.mail.im.botapi.BotLogger - IM_BOT bot already started
2025-05-28 13:21:20 [INFO] TagBot - Новое сообщение от пользователя: andrey.sanzharov@lukoil.com = {gjgjgj}
2025-05-28 13:21:23 [INFO] TagBot - Обработка нажатия кнопки: [Зарегистрировать обращение] от пользователя: andrey.sanzharov@lukoil.com
2025-05-28 13:21:23 [INFO] TagBot - Переход к следующему шагу для пользователя: andrey.sanzharov@lukoil.com
2025-05-28 13:21:25 [INFO] TagBot - Обработка нажатия кнопки: [Не работает телефон] от пользователя: andrey.sanzharov@lukoil.com
2025-05-28 13:21:25 [INFO] TagBot - Переход к следующему шагу для пользователя: andrey.sanzharov@lukoil.com
2025-05-28 13:21:26 [INFO] TagBot - Обработка нажатия кнопки: [От имени другого сотрудника.] от пользователя: andrey.sanzharov@lukoil.com
2025-05-28 13:21:26 [INFO] TagBot - Переход к следующему шагу для пользователя: andrey.sanzharov@lukoil.com
2025-05-28 13:21:28 [INFO] TagBot - Новое сообщение от пользователя: andrey.sanzharov@lukoil.com = {ghgh}
2025-05-28 13:21:28 [INFO] TagBot - Пользователь ввел текст: "ghgh" | chatId: andrey.sanzharov@lukoil.com
2025-05-28 13:25:27 [INFO] ru.mail.im.botapi.BotLogger - IM_BOT bot successfully started
2025-05-28 13:25:27 [INFO] TagBot - Бот запускается...
2025-05-28 13:25:27 [INFO] ru.mail.im.botapi.BotLogger - IM_BOT bot already started
2025-05-28 13:25:33 [INFO] TagBot - Новое сообщение от пользователя: andrey.sanzharov@lukoil.com = {j,n}
2025-05-28 13:25:34 [INFO] TagBot - Обработка нажатия кнопки: [Зарегистрировать обращение] от пользователя: andrey.sanzharov@lukoil.com
2025-05-28 13:25:34 [INFO] TagBot - Переход к следующему шагу для пользователя: andrey.sanzharov@lukoil.com
2025-05-28 13:25:36 [INFO] TagBot - Обработка нажатия кнопки: [Не работает электронная почта] от пользователя: andrey.sanzharov@lukoil.com
2025-05-28 13:25:36 [INFO] TagBot - Переход к следующему шагу для пользователя: andrey.sanzharov@lukoil.com
2025-05-28 13:25:37 [INFO] TagBot - Обработка нажатия кнопки: [От себя] от пользователя: andrey.sanzharov@lukoil.com
2025-05-28 13:25:38 [INFO] TagBot - Диалог завершен для пользователя: andrey.sanzharov@lukoil.com
2025-05-28 13:25:40 [INFO] TagBot - Обработка нажатия кнопки: [От имени другого сотрудника.] от пользователя: andrey.sanzharov@lukoil.com
2025-05-28 13:25:40 [WARN] TagBot - Состояние пользователя не найдено: andrey.sanzharov@lukoil.com
2025-05-28 13:25:48 [INFO] TagBot - Новое сообщение от пользователя: andrey.sanzharov@lukoil.com = {nb}
2025-05-28 13:25:49 [INFO] TagBot - Обработка нажатия кнопки: [Зарегистрировать обращение] от пользователя: andrey.sanzharov@lukoil.com
2025-05-28 13:25:49 [INFO] TagBot - Переход к следующему шагу для пользователя: andrey.sanzharov@lukoil.com
2025-05-28 13:25:52 [INFO] TagBot - Обработка нажатия кнопки: [Не работает электронная почта] от пользователя: andrey.sanzharov@lukoil.com
2025-05-28 13:25:52 [INFO] TagBot - Переход к следующему шагу для пользователя: andrey.sanzharov@lukoil.com
2025-05-28 13:25:54 [INFO] TagBot - Обработка нажатия кнопки: [От имени другого сотрудника.] от пользователя: andrey.sanzharov@lukoil.com
2025-05-28 13:25:54 [INFO] TagBot - Переход к следующему шагу для пользователя: andrey.sanzharov@lukoil.com
2025-05-28 13:25:56 [INFO] TagBot - Новое сообщение от пользователя: andrey.sanzharov@lukoil.com = {jjj}
2025-05-28 13:25:56 [INFO] TagBot - Пользователь ввел текст: "jjj" | chatId: andrey.sanzharov@lukoil.com
2025-05-28 13:34:10 [INFO] ru.mail.im.botapi.BotLogger - IM_BOT bot successfully started
2025-05-28 13:34:10 [INFO] TagBot - Бот запускается...
2025-05-28 13:34:10 [INFO] ru.mail.im.botapi.BotLogger - IM_BOT bot already started
2025-05-28 13:34:21 [INFO] TagBot - Новое сообщение от пользователя: andrey.sanzharov@lukoil.com = {о}
2025-05-28 13:34:25 [INFO] TagBot - Обработка нажатия кнопки: [Зарегистрировать обращение] от пользователя: andrey.sanzharov@lukoil.com
2025-05-28 13:34:25 [INFO] TagBot - Переход к следующему шагу для пользователя: andrey.sanzharov@lukoil.com
2025-05-28 13:34:28 [INFO] TagBot - Обработка нажатия кнопки: [Не работает электронная почта] от пользователя: andrey.sanzharov@lukoil.com
2025-05-28 13:34:28 [INFO] TagBot - Переход к следующему шагу для пользователя: andrey.sanzharov@lukoil.com
2025-05-28 13:34:37 [INFO] TagBot - Обработка нажатия кнопки: [От себя] от пользователя: andrey.sanzharov@lukoil.com
2025-05-28 13:34:37 [INFO] TagBot - Диалог завершен для пользователя: andrey.sanzharov@lukoil.com
2025-05-28 13:34:42 [INFO] TagBot - Новое сообщение от пользователя: andrey.sanzharov@lukoil.com = {о}
2025-05-28 13:34:43 [INFO] TagBot - Обработка нажатия кнопки: [Зарегистрировать обращение] от пользователя: andrey.sanzharov@lukoil.com
2025-05-28 13:34:43 [INFO] TagBot - Переход к следующему шагу для пользователя: andrey.sanzharov@lukoil.com
2025-05-28 13:34:47 [INFO] TagBot - Обработка нажатия кнопки: [Заблокирована учетная запись] от пользователя: andrey.sanzharov@lukoil.com
2025-05-28 13:34:47 [INFO] TagBot - Переход к следующему шагу для пользователя: andrey.sanzharov@lukoil.com
2025-05-28 13:35:19 [INFO] ru.mail.im.botapi.BotLogger - IM_BOT bot successfully started
2025-05-28 13:35:19 [INFO] TagBot - Бот запускается...
2025-05-28 13:35:19 [INFO] ru.mail.im.botapi.BotLogger - IM_BOT bot already started
2025-05-28 13:35:23 [INFO] TagBot - Новое сообщение от пользователя: andrey.sanzharov@lukoil.com = {jj}
2025-05-28 13:35:28 [INFO] TagBot - Обработка нажатия кнопки: [Зарегистрировать обращение] от пользователя: andrey.sanzharov@lukoil.com
2025-05-28 13:35:28 [INFO] TagBot - Переход к следующему шагу для пользователя: andrey.sanzharov@lukoil.com
2025-05-28 13:35:29 [INFO] TagBot - Обработка нажатия кнопки: [Заблокирована учетная запись] от пользователя: andrey.sanzharov@lukoil.com
2025-05-28 13:35:29 [INFO] TagBot - Переход к следующему шагу для пользователя: andrey.sanzharov@lukoil.com
2025-05-28 13:35:53 [INFO] TagBot - Обработка нажатия кнопки: [Да] от пользователя: andrey.sanzharov@lukoil.com
2025-05-28 13:35:53 [INFO] TagBot - Диалог завершен для пользователя: andrey.sanzharov@lukoil.com
2025-05-28 13:38:19 [INFO] ru.mail.im.botapi.BotLogger - IM_BOT bot successfully started
2025-05-28 13:38:19 [INFO] TagBot - Бот запускается...
2025-05-28 13:38:19 [INFO] ru.mail.im.botapi.BotLogger - IM_BOT bot already started
2025-05-28 13:38:23 [INFO] TagBot - Новое сообщение от пользователя: andrey.sanzharov@lukoil.com = {jh}
2025-05-28 13:38:25 [INFO] TagBot - Обработка нажатия кнопки: [Зарегистрировать обращение] от пользователя: andrey.sanzharov@lukoil.com
2025-05-28 13:38:25 [INFO] TagBot - Переход к следующему шагу для пользователя: andrey.sanzharov@lukoil.com
2025-05-28 13:38:26 [INFO] TagBot - Обработка нажатия кнопки: [Заблокирована учетная запись] от пользователя: andrey.sanzharov@lukoil.com
2025-05-28 13:38:26 [INFO] TagBot - Переход к следующему шагу для пользователя: andrey.sanzharov@lukoil.com
2025-05-28 13:39:14 [INFO] ru.mail.im.botapi.BotLogger - IM_BOT bot successfully started
2025-05-28 13:39:14 [INFO] TagBot - Бот запускается...
2025-05-28 13:39:14 [INFO] ru.mail.im.botapi.BotLogger - IM_BOT bot already started
2025-05-28 13:39:16 [INFO] TagBot - Новое сообщение от пользователя: andrey.sanzharov@lukoil.com = {pl}
2025-05-28 13:39:18 [INFO] TagBot - Обработка нажатия кнопки: [Зарегистрировать обращение] от пользователя: andrey.sanzharov@lukoil.com
2025-05-28 13:39:18 [INFO] TagBot - Переход к следующему шагу для пользователя: andrey.sanzharov@lukoil.com
2025-05-28 13:39:20 [INFO] TagBot - Обработка нажатия кнопки: [Заблокирована учетная запись] от пользователя: andrey.sanzharov@lukoil.com
2025-05-28 13:39:20 [INFO] TagBot - Переход к следующему шагу для пользователя: andrey.sanzharov@lukoil.com
2025-05-28 13:39:23 [INFO] TagBot - Новое сообщение от пользователя: andrey.sanzharov@lukoil.com = {j}
2025-05-28 13:39:23 [INFO] TagBot - Пользователь ввел текст: "j" | chatId: andrey.sanzharov@lukoil.com
2025-05-28 13:41:08 [INFO] ru.mail.im.botapi.BotLogger - IM_BOT bot successfully started
2025-05-28 13:41:08 [INFO] TagBot - Бот запускается...
2025-05-28 13:41:08 [INFO] ru.mail.im.botapi.BotLogger - IM_BOT bot already started
2025-05-28 13:41:15 [INFO] TagBot - Новое сообщение от пользователя: andrey.sanzharov@lukoil.com = {ghgh}
2025-05-28 13:41:16 [INFO] TagBot - Обработка нажатия кнопки: [Зарегистрировать обращение] от пользователя: andrey.sanzharov@lukoil.com
2025-05-28 13:41:16 [INFO] TagBot - Переход к следующему шагу для пользователя: andrey.sanzharov@lukoil.com
2025-05-28 13:41:17 [INFO] TagBot - Обработка нажатия кнопки: [Заблокирована учетная запись] от пользователя: andrey.sanzharov@lukoil.com
2025-05-28 13:41:17 [INFO] TagBot - Диалог завершен для пользователя: andrey.sanzharov@lukoil.com
2025-05-28 13:41:36 [INFO] ru.mail.im.botapi.BotLogger - IM_BOT bot successfully started
2025-05-28 13:41:36 [INFO] TagBot - Бот запускается...
2025-05-28 13:41:36 [INFO] ru.mail.im.botapi.BotLogger - IM_BOT bot already started
2025-05-28 13:43:45 [INFO] ru.mail.im.botapi.BotLogger - IM_BOT bot successfully started
2025-05-28 13:43:45 [INFO] TagBot - Бот запускается...
2025-05-28 13:43:45 [INFO] ru.mail.im.botapi.BotLogger - IM_BOT bot already started
2025-05-28 13:43:51 [INFO] TagBot - Новое сообщение от пользователя: andrey.sanzharov@lukoil.com = {gh}
2025-05-28 13:43:53 [INFO] TagBot - Обработка нажатия кнопки: [Зарегистрировать обращение] от пользователя: andrey.sanzharov@lukoil.com
2025-05-28 13:43:53 [INFO] TagBot - Переход к следующему шагу для пользователя: andrey.sanzharov@lukoil.com
2025-05-28 13:43:55 [INFO] TagBot - Обработка нажатия кнопки: [Не работает телефон] от пользователя: andrey.sanzharov@lukoil.com
2025-05-28 13:43:55 [INFO] TagBot - Переход к следующему шагу для пользователя: andrey.sanzharov@lukoil.com
2025-05-28 13:43:56 [INFO] TagBot - Обработка нажатия кнопки: [От имени другого сотрудника.] от пользователя: andrey.sanzharov@lukoil.com
2025-05-28 13:43:56 [INFO] TagBot - Переход к следующему шагу для пользователя: andrey.sanzharov@lukoil.com
2025-05-28 13:43:58 [INFO] TagBot - Новое сообщение от пользователя: andrey.sanzharov@lukoil.com = {gghgh}
2025-05-28 13:43:58 [INFO] TagBot - Пользователь ввел текст: "gghgh" | chatId: andrey.sanzharov@lukoil.com
2025-05-28 13:48:29 [INFO] ru.mail.im.botapi.BotLogger - IM_BOT bot successfully started
2025-05-28 13:48:29 [INFO] TagBot - Бот запускается...
2025-05-28 13:48:29 [INFO] ru.mail.im.botapi.BotLogger - IM_BOT bot already started
2025-05-28 13:48:32 [INFO] TagBot - Новое сообщение от пользователя: andrey.sanzharov@lukoil.com = {yhyh}
2025-05-28 13:48:34 [INFO] TagBot - Обработка нажатия кнопки: [Зарегистрировать обращение] от пользователя: andrey.sanzharov@lukoil.com
2025-05-28 13:48:34 [INFO] TagBot - Переход к следующему шагу для пользователя: andrey.sanzharov@lukoil.com
2025-05-28 13:48:35 [INFO] TagBot - Обработка нажатия кнопки: [Заблокирована учетная запись] от пользователя: andrey.sanzharov@lukoil.com
2025-05-28 13:48:35 [INFO] TagBot - Переход к следующему шагу для пользователя: andrey.sanzharov@lukoil.com
2025-05-28 13:48:37 [INFO] TagBot - Новое сообщение от пользователя: andrey.sanzharov@lukoil.com = {kj}
2025-05-28 13:48:37 [INFO] TagBot - Пользователь ввел текст: "kj" | chatId: andrey.sanzharov@lukoil.com
2025-05-28 13:48:41 [INFO] TagBot - Новое сообщение от пользователя: andrey.sanzharov@lukoil.com = {khb}
2025-05-28 13:58:54 [INFO] ru.mail.im.botapi.BotLogger - IM_BOT bot successfully started
2025-05-28 13:58:54 [INFO] TagBot - Бот запускается...
2025-05-28 13:58:54 [INFO] ru.mail.im.botapi.BotLogger - IM_BOT bot already started
2025-05-28 13:58:59 [INFO] TagBot - Новое сообщение от пользователя: andrey.sanzharov@lukoil.com = {попо}
2025-05-28 13:59:01 [INFO] TagBot - Обработка нажатия кнопки: [Зарегистрировать обращение] от пользователя: andrey.sanzharov@lukoil.com
2025-05-28 13:59:01 [INFO] TagBot - Переход к следующему шагу для пользователя: andrey.sanzharov@lukoil.com
2025-05-28 13:59:04 [INFO] TagBot - Обработка нажатия кнопки: [Не работает телефон] от пользователя: andrey.sanzharov@lukoil.com
2025-05-28 13:59:04 [INFO] TagBot - Переход к следующему шагу для пользователя: andrey.sanzharov@lukoil.com
2025-05-28 13:59:05 [INFO] TagBot - Обработка нажатия кнопки: [От имени другого сотрудника.] от пользователя: andrey.sanzharov@lukoil.com
2025-05-28 13:59:05 [INFO] TagBot - Переход к следующему шагу для пользователя: andrey.sanzharov@lukoil.com
2025-05-28 13:59:05 [WARN] TagBot - Неизвестный тэг в файле jsonmessage
2025-05-28 14:08:58 [INFO] ru.mail.im.botapi.BotLogger - IM_BOT bot successfully started
2025-05-28 14:08:58 [INFO] TagBot - Бот запущен и готов к обработке событий.
2025-05-28 14:08:58 [INFO] ru.mail.im.botapi.BotLogger - IM_BOT bot already started
2025-05-28 14:09:05 [ERROR] TagBot - Ошибка обработки нового сообщения
java.io.FileNotFoundException: C:\Users\SanzharovAA\TeamsBot\src\main\java\org\example\JsonHandlers\questions.json (Системе не удается найти указанный путь)
	at java.base/java.io.FileInputStream.open0(Native Method)
	at java.base/java.io.FileInputStream.open(FileInputStream.java:213)
	at java.base/java.io.FileInputStream.<init>(FileInputStream.java:152)
	at java.base/java.io.FileInputStream.<init>(FileInputStream.java:106)
	at TagBot.loadJson(TagBot.java:92)
	at TagBot.handleEvent(TagBot.java:44)
	at java.base/java.util.ArrayList.forEach(ArrayList.java:1596)
	at TagBot.lambda$main$0(TagBot.java:33)
	at java.base/jdk.internal.reflect.DirectMethodHandleAccessor.invoke(DirectMethodHandleAccessor.java:103)
	at java.base/java.lang.reflect.Method.invoke(Method.java:580)
	at ru.mail.im.botapi.util.ListenerList.lambda$new$0(ListenerList.java:22)
	at jdk.proxy2/jdk.proxy2.$Proxy3.onEventFetch(Unknown Source)
	at ru.mail.im.botapi.BotApiClient.lambda$new$0(BotApiClient.java:92)
	at ru.mail.im.botapi.fetcher.BackoffFetcher.handleEvents(BackoffFetcher.java:125)
	at ru.mail.im.botapi.fetcher.BackoffFetcher.handleFetchResponse(BackoffFetcher.java:113)
	at ru.mail.im.botapi.fetcher.BackoffFetcher.fetchNext(BackoffFetcher.java:108)
	at ru.mail.im.botapi.util.IOBackoff.execute(IOBackoff.java:25)
	at ru.mail.im.botapi.fetcher.BackoffFetcher.lambda$start$0(BackoffFetcher.java:75)
	at java.base/java.util.concurrent.ThreadPoolExecutor.runWorker(ThreadPoolExecutor.java:1144)
	at java.base/java.util.concurrent.ThreadPoolExecutor$Worker.run(ThreadPoolExecutor.java:642)
	at java.base/java.lang.Thread.run(Thread.java:1583)
2025-05-28 14:09:24 [INFO] ru.mail.im.botapi.BotLogger - IM_BOT bot successfully started
2025-05-28 14:09:24 [INFO] TagBot - Бот запущен и готов к обработке событий.
2025-05-28 14:09:24 [INFO] ru.mail.im.botapi.BotLogger - IM_BOT bot already started
2025-05-28 14:35:57 [INFO] ru.mail.im.botapi.BotLogger - IM_BOT bot successfully started
2025-05-28 14:35:57 [INFO] TagBot - Бот запускается...
2025-05-28 14:35:57 [INFO] ru.mail.im.botapi.BotLogger - IM_BOT bot already started
2025-05-28 14:36:01 [INFO] TagBot - Новое сообщение от пользователя: andrey.sanzharov@lukoil.com = {ghgh}
2025-05-28 14:36:02 [INFO] TagBot - Обработка нажатия кнопки: [Зарегистрировать обращение] от пользователя: andrey.sanzharov@lukoil.com
2025-05-28 14:36:02 [INFO] TagBot - Переход к следующему шагу для пользователя: andrey.sanzharov@lukoil.com
2025-05-28 14:36:05 [INFO] TagBot - Обработка нажатия кнопки: [Не работает телефон] от пользователя: andrey.sanzharov@lukoil.com
2025-05-28 14:36:05 [INFO] TagBot - Переход к следующему шагу для пользователя: andrey.sanzharov@lukoil.com
2025-05-28 14:36:06 [INFO] TagBot - Обработка нажатия кнопки: [От имени другого сотрудника.] от пользователя: andrey.sanzharov@lukoil.com
2025-05-28 14:36:06 [INFO] TagBot - Переход к следующему шагу для пользователя: andrey.sanzharov@lukoil.com
2025-05-28 14:36:08 [INFO] TagBot - Новое сообщение от пользователя: andrey.sanzharov@lukoil.com = {ghghgh}
2025-05-28 14:36:08 [INFO] TagBot - Пользователь ввел текст: "ghghgh" | chatId: andrey.sanzharov@lukoil.com
2025-05-28 14:36:19 [INFO] ru.mail.im.botapi.BotLogger - IM_BOT bot successfully started
2025-05-28 14:36:19 [INFO] TagBot - Бот запускается...
2025-05-28 14:36:19 [INFO] ru.mail.im.botapi.BotLogger - IM_BOT bot already started
2025-05-28 14:36:22 [INFO] TagBot - Новое сообщение от пользователя: andrey.sanzharov@lukoil.com = {ghgh}
2025-05-28 14:36:24 [INFO] TagBot - Обработка нажатия кнопки: [Зарегистрировать обращение] от пользователя: andrey.sanzharov@lukoil.com
2025-05-28 14:36:24 [INFO] TagBot - Переход к следующему шагу для пользователя: andrey.sanzharov@lukoil.com
2025-05-28 14:36:25 [INFO] TagBot - Обработка нажатия кнопки: [Не работает телефон] от пользователя: andrey.sanzharov@lukoil.com
2025-05-28 14:36:25 [INFO] TagBot - Переход к следующему шагу для пользователя: andrey.sanzharov@lukoil.com
2025-05-28 14:36:29 [INFO] TagBot - Обработка нажатия кнопки: [От имени другого сотрудника.] от пользователя: andrey.sanzharov@lukoil.com
2025-05-28 14:36:29 [INFO] TagBot - Переход к следующему шагу для пользователя: andrey.sanzharov@lukoil.com
2025-05-28 14:36:31 [INFO] TagBot - Новое сообщение от пользователя: andrey.sanzharov@lukoil.com = {hghg}
2025-05-28 14:36:33 [INFO] TagBot - Новое сообщение от пользователя: andrey.sanzharov@lukoil.com = {jjj}
2025-05-28 14:43:55 [INFO] ru.mail.im.botapi.BotLogger - IM_BOT bot successfully started
2025-05-28 14:43:55 [INFO] org.example.NewBot.TagBot - Bot started.
2025-05-28 14:43:55 [INFO] ru.mail.im.botapi.BotLogger - IM_BOT bot already started
2025-05-28 14:44:06 [ERROR] org.example.NewBot.TagBot - Ошибка при обработке сообщения
java.io.FileNotFoundException: C:\Users\SanzharovAA\TeamsBot\src\main\java\org\example\JsonHandlers\questions.json (Системе не удается найти указанный путь)
	at java.base/java.io.FileInputStream.open0(Native Method)
	at java.base/java.io.FileInputStream.open(FileInputStream.java:213)
	at java.base/java.io.FileInputStream.<init>(FileInputStream.java:152)
	at java.base/java.io.FileInputStream.<init>(FileInputStream.java:106)
	at org.example.NewBot.TagBot.loadJson(TagBot.java:93)
	at org.example.NewBot.TagBot.handleEvent(TagBot.java:47)
	at java.base/java.util.ArrayList.forEach(ArrayList.java:1596)
	at org.example.NewBot.TagBot.lambda$main$0(TagBot.java:36)
	at java.base/jdk.internal.reflect.DirectMethodHandleAccessor.invoke(DirectMethodHandleAccessor.java:103)
	at java.base/java.lang.reflect.Method.invoke(Method.java:580)
	at ru.mail.im.botapi.util.ListenerList.lambda$new$0(ListenerList.java:22)
	at jdk.proxy2/jdk.proxy2.$Proxy3.onEventFetch(Unknown Source)
	at ru.mail.im.botapi.BotApiClient.lambda$new$0(BotApiClient.java:92)
	at ru.mail.im.botapi.fetcher.BackoffFetcher.handleEvents(BackoffFetcher.java:125)
	at ru.mail.im.botapi.fetcher.BackoffFetcher.handleFetchResponse(BackoffFetcher.java:113)
	at ru.mail.im.botapi.fetcher.BackoffFetcher.fetchNext(BackoffFetcher.java:108)
	at ru.mail.im.botapi.util.IOBackoff.execute(IOBackoff.java:25)
	at ru.mail.im.botapi.fetcher.BackoffFetcher.lambda$start$0(BackoffFetcher.java:75)
	at java.base/java.util.concurrent.ThreadPoolExecutor.runWorker(ThreadPoolExecutor.java:1144)
	at java.base/java.util.concurrent.ThreadPoolExecutor$Worker.run(ThreadPoolExecutor.java:642)
	at java.base/java.lang.Thread.run(Thread.java:1583)
2025-05-28 14:44:25 [INFO] ru.mail.im.botapi.BotLogger - IM_BOT bot successfully started
2025-05-28 14:44:25 [INFO] org.example.NewBot.TagBot - Bot started.
2025-05-28 14:44:25 [INFO] ru.mail.im.botapi.BotLogger - IM_BOT bot already started
2025-05-28 14:44:33 [INFO] org.example.NewBot.TagBot - Отправлена статистика для chatId=andrey.sanzharov@lukoil.com:

СТАТИСТИКА:
Description: От себя
Username: andrey.sanzharov@lukoil.com
На кого зарегистрирована проблема: andrey.sanzharov@lukoil.com
Телефон: null

2025-05-28 14:45:34 [INFO] ru.mail.im.botapi.BotLogger - IM_BOT bot successfully started
2025-05-28 14:45:34 [INFO] org.example.NewBot.TagBot - Bot started.
2025-05-28 14:45:34 [INFO] ru.mail.im.botapi.BotLogger - IM_BOT bot already started
2025-05-28 14:53:45 [INFO] ru.mail.im.botapi.BotLogger - IM_BOT bot successfully started
2025-05-28 14:53:45 [INFO] TagBot - Бот запускается...
2025-05-28 14:53:45 [INFO] ru.mail.im.botapi.BotLogger - IM_BOT bot already started
2025-05-28 14:53:45 [INFO] TagBot - Обработка нажатия кнопки: [Сбросить пароль учетной записи в домене] от пользователя: andrey.sanzharov@lukoil.com
2025-05-28 14:53:45 [WARN] TagBot - Состояние пользователя не найдено: andrey.sanzharov@lukoil.com
2025-05-28 14:54:04 [INFO] TagBot - Обработка нажатия кнопки: [Зарегистрировать обращение] от пользователя: andrey.sanzharov@lukoil.com
2025-05-28 14:54:04 [WARN] TagBot - Состояние пользователя не найдено: andrey.sanzharov@lukoil.com
2025-05-28 14:54:07 [INFO] TagBot - Новое сообщение от пользователя: andrey.sanzharov@lukoil.com = {h}
2025-05-28 14:54:08 [INFO] TagBot - Обработка нажатия кнопки: [Зарегистрировать обращение] от пользователя: andrey.sanzharov@lukoil.com
2025-05-28 14:54:08 [INFO] TagBot - Переход к следующему шагу для пользователя: andrey.sanzharov@lukoil.com
2025-05-28 14:54:10 [INFO] TagBot - Обработка нажатия кнопки: [Не работает телефон] от пользователя: andrey.sanzharov@lukoil.com
2025-05-28 14:54:10 [INFO] TagBot - Переход к следующему шагу для пользователя: andrey.sanzharov@lukoil.com
2025-05-28 14:54:11 [INFO] TagBot - Обработка нажатия кнопки: [От имени другого сотрудника.] от пользователя: andrey.sanzharov@lukoil.com
2025-05-28 14:54:11 [INFO] TagBot - Переход к следующему шагу для пользователя: andrey.sanzharov@lukoil.com
2025-05-28 14:54:11 [WARN] TagBot - Неизвестный тэг в файле jsonmessageName
2025-05-28 14:54:13 [INFO] TagBot - Новое сообщение от пользователя: andrey.sanzharov@lukoil.com = {jhg}
2025-05-28 14:54:30 [INFO] ru.mail.im.botapi.BotLogger - IM_BOT bot successfully started
2025-05-28 14:54:30 [INFO] TagBot - Бот запускается...
2025-05-28 14:54:30 [INFO] ru.mail.im.botapi.BotLogger - IM_BOT bot already started
2025-05-28 14:54:34 [INFO] TagBot - Новое сообщение от пользователя: andrey.sanzharov@lukoil.com = {jhg}
2025-05-28 14:54:35 [INFO] TagBot - Обработка нажатия кнопки: [Зарегистрировать обращение] от пользователя: andrey.sanzharov@lukoil.com
2025-05-28 14:54:35 [INFO] TagBot - Переход к следующему шагу для пользователя: andrey.sanzharov@lukoil.com
2025-05-28 14:54:36 [INFO] TagBot - Обработка нажатия кнопки: [Не работает телефон] от пользователя: andrey.sanzharov@lukoil.com
2025-05-28 14:54:36 [INFO] TagBot - Переход к следующему шагу для пользователя: andrey.sanzharov@lukoil.com
2025-05-28 14:54:37 [INFO] TagBot - Обработка нажатия кнопки: [От имени другого сотрудника.] от пользователя: andrey.sanzharov@lukoil.com
2025-05-28 14:54:37 [INFO] TagBot - Переход к следующему шагу для пользователя: andrey.sanzharov@lukoil.com
2025-05-28 14:54:39 [INFO] TagBot - Новое сообщение от пользователя: andrey.sanzharov@lukoil.com = {jjj}
2025-05-28 14:54:39 [INFO] TagBot - Пользователь ввел текст: "jjj" | chatId: andrey.sanzharov@lukoil.com
2025-05-28 15:10:05 [INFO] ru.mail.im.botapi.BotLogger - IM_BOT bot successfully started
2025-05-28 15:10:05 [INFO] TagBot - Бот запускается...
2025-05-28 15:10:05 [INFO] ru.mail.im.botapi.BotLogger - IM_BOT bot already started
2025-05-28 15:10:10 [INFO] TagBot - Новое сообщение от пользователя: andrey.sanzharov@lukoil.com = {lkj}
2025-05-28 15:10:28 [INFO] TagBot - Обработка нажатия кнопки: [Зарегистрировать обращение] от пользователя: andrey.sanzharov@lukoil.com
2025-05-28 15:10:28 [INFO] TagBot - Переход к следующему шагу для пользователя: andrey.sanzharov@lukoil.com
2025-05-28 15:10:29 [INFO] TagBot - Обработка нажатия кнопки: [Не работает телефон] от пользователя: andrey.sanzharov@lukoil.com
2025-05-28 15:10:29 [INFO] TagBot - Переход к следующему шагу для пользователя: andrey.sanzharov@lukoil.com
2025-05-28 15:10:31 [INFO] TagBot - Обработка нажатия кнопки: [От имени другого сотрудника.] от пользователя: andrey.sanzharov@lukoil.com
2025-05-28 15:10:31 [INFO] TagBot - Переход к следующему шагу для пользователя: andrey.sanzharov@lukoil.com
2025-05-28 15:10:33 [INFO] TagBot - Новое сообщение от пользователя: andrey.sanzharov@lukoil.com = {lm}
2025-05-28 15:10:33 [INFO] TagBot - Пользователь ввел имя сотрудника: "lm" | chatId: andrey.sanzharov@lukoil.com
2025-05-28 15:10:33 [ERROR] TagBot - ФИО не соответствует стандарту: требуется как минимум один пробел в строке
2025-05-28 15:10:36 [INFO] TagBot - Новое сообщение от пользователя: andrey.sanzharov@lukoil.com = {l,m}
2025-05-28 15:10:38 [INFO] TagBot - Новое сообщение от пользователя: andrey.sanzharov@lukoil.com = {lll}
2025-05-28 15:11:12 [INFO] ru.mail.im.botapi.BotLogger - IM_BOT bot successfully started
2025-05-28 15:11:12 [INFO] TagBot - Бот запускается...
2025-05-28 15:11:12 [INFO] ru.mail.im.botapi.BotLogger - IM_BOT bot already started
2025-05-28 15:11:15 [INFO] TagBot - Новое сообщение от пользователя: andrey.sanzharov@lukoil.com = {ghgh}
2025-05-28 15:11:17 [INFO] TagBot - Обработка нажатия кнопки: [Зарегистрировать обращение] от пользователя: andrey.sanzharov@lukoil.com
2025-05-28 15:11:17 [INFO] TagBot - Переход к следующему шагу для пользователя: andrey.sanzharov@lukoil.com
2025-05-28 15:11:18 [INFO] TagBot - Обработка нажатия кнопки: [Не работает телефон] от пользователя: andrey.sanzharov@lukoil.com
2025-05-28 15:11:18 [INFO] TagBot - Переход к следующему шагу для пользователя: andrey.sanzharov@lukoil.com
2025-05-28 15:11:19 [INFO] TagBot - Обработка нажатия кнопки: [От имени другого сотрудника.] от пользователя: andrey.sanzharov@lukoil.com
2025-05-28 15:11:19 [INFO] TagBot - Переход к следующему шагу для пользователя: andrey.sanzharov@lukoil.com
2025-05-28 15:11:22 [INFO] TagBot - Новое сообщение от пользователя: andrey.sanzharov@lukoil.com = {hhh}
2025-05-28 15:11:22 [INFO] TagBot - Пользователь ввел имя сотрудника: "hhh" | chatId: andrey.sanzharov@lukoil.com
2025-05-28 15:11:22 [ERROR] TagBot - ФИО не соответствует стандарту: требуется как минимум один пробел в строке
2025-05-28 15:11:30 [INFO] TagBot - Обработка нажатия кнопки: [Зарегистрировать обращение] от пользователя: andrey.sanzharov@lukoil.com
2025-05-28 15:11:33 [INFO] TagBot - Обработка нажатия кнопки: [Зарегистрировать обращение] от пользователя: andrey.sanzharov@lukoil.com
2025-05-28 15:11:33 [INFO] TagBot - Обработка нажатия кнопки: [Узнать статус обращений] от пользователя: andrey.sanzharov@lukoil.com
2025-05-28 15:11:34 [INFO] TagBot - Обработка нажатия кнопки: [Зарегистрировать обращение] от пользователя: andrey.sanzharov@lukoil.com
2025-05-28 15:12:21 [INFO] ru.mail.im.botapi.BotLogger - IM_BOT bot successfully started
2025-05-28 15:12:21 [INFO] TagBot - Бот запускается...
2025-05-28 15:12:21 [INFO] ru.mail.im.botapi.BotLogger - IM_BOT bot already started
2025-05-28 15:12:28 [INFO] TagBot - Новое сообщение от пользователя: andrey.sanzharov@lukoil.com = {ghgh}
2025-05-28 15:12:29 [INFO] TagBot - Обработка нажатия кнопки: [Зарегистрировать обращение] от пользователя: andrey.sanzharov@lukoil.com
2025-05-28 15:12:29 [INFO] TagBot - Переход к следующему шагу для пользователя: andrey.sanzharov@lukoil.com
2025-05-28 15:12:31 [INFO] TagBot - Обработка нажатия кнопки: [Не работает телефон] от пользователя: andrey.sanzharov@lukoil.com
2025-05-28 15:12:31 [INFO] TagBot - Переход к следующему шагу для пользователя: andrey.sanzharov@lukoil.com
2025-05-28 15:12:32 [INFO] TagBot - Обработка нажатия кнопки: [От имени другого сотрудника.] от пользователя: andrey.sanzharov@lukoil.com
2025-05-28 15:12:32 [INFO] TagBot - Переход к следующему шагу для пользователя: andrey.sanzharov@lukoil.com
2025-05-28 15:12:34 [INFO] TagBot - Новое сообщение от пользователя: andrey.sanzharov@lukoil.com = {h}
2025-05-28 15:12:34 [INFO] TagBot - Пользователь ввел имя сотрудника: "h" | chatId: andrey.sanzharov@lukoil.com
2025-05-28 15:12:34 [ERROR] TagBot - ФИО не соответствует стандарту: требуется как минимум один пробел в строке
2025-05-28 15:12:38 [INFO] TagBot - Обработка нажатия кнопки: [Зарегистрировать обращение] от пользователя: andrey.sanzharov@lukoil.com
2025-05-28 15:12:38 [INFO] TagBot - Переход к следующему шагу для пользователя: andrey.sanzharov@lukoil.com
2025-05-28 15:12:41 [INFO] TagBot - Обработка нажатия кнопки: [Зарегистрировать обращение] от пользователя: andrey.sanzharov@lukoil.com
2025-05-28 15:12:42 [INFO] TagBot - Обработка нажатия кнопки: [Не работает телефон] от пользователя: andrey.sanzharov@lukoil.com
2025-05-28 15:12:42 [INFO] TagBot - Переход к следующему шагу для пользователя: andrey.sanzharov@lukoil.com
2025-05-28 15:12:44 [INFO] TagBot - Обработка нажатия кнопки: [От имени другого сотрудника.] от пользователя: andrey.sanzharov@lukoil.com
2025-05-28 15:12:44 [INFO] TagBot - Переход к следующему шагу для пользователя: andrey.sanzharov@lukoil.com
2025-05-28 15:12:47 [INFO] TagBot - Новое сообщение от пользователя: andrey.sanzharov@lukoil.com = {h}
2025-05-28 15:12:47 [INFO] TagBot - Пользователь ввел имя сотрудника: "h" | chatId: andrey.sanzharov@lukoil.com
2025-05-28 15:12:47 [ERROR] TagBot - ФИО не соответствует стандарту: требуется как минимум один пробел в строке
2025-05-28 15:12:56 [INFO] TagBot - Обработка нажатия кнопки: [Зарегистрировать обращение] от пользователя: andrey.sanzharov@lukoil.com
2025-05-28 15:12:56 [INFO] TagBot - Переход к следующему шагу для пользователя: andrey.sanzharov@lukoil.com
2025-05-28 15:13:10 [INFO] ru.mail.im.botapi.BotLogger - IM_BOT bot successfully started
2025-05-28 15:13:10 [INFO] TagBot - Бот запускается...
2025-05-28 15:13:10 [INFO] ru.mail.im.botapi.BotLogger - IM_BOT bot already started
2025-05-28 15:13:16 [INFO] TagBot - Новое сообщение от пользователя: andrey.sanzharov@lukoil.com = {hjhj}
2025-05-28 15:13:18 [INFO] TagBot - Обработка нажатия кнопки: [Зарегистрировать обращение] от пользователя: andrey.sanzharov@lukoil.com
2025-05-28 15:13:18 [INFO] TagBot - Переход к следующему шагу для пользователя: andrey.sanzharov@lukoil.com
2025-05-28 15:13:19 [INFO] TagBot - Обработка нажатия кнопки: [Не работает телефон] от пользователя: andrey.sanzharov@lukoil.com
2025-05-28 15:13:19 [INFO] TagBot - Переход к следующему шагу для пользователя: andrey.sanzharov@lukoil.com
2025-05-28 15:13:21 [INFO] TagBot - Обработка нажатия кнопки: [От имени другого сотрудника.] от пользователя: andrey.sanzharov@lukoil.com
2025-05-28 15:13:21 [INFO] TagBot - Переход к следующему шагу для пользователя: andrey.sanzharov@lukoil.com
2025-05-28 15:13:23 [INFO] TagBot - Новое сообщение от пользователя: andrey.sanzharov@lukoil.com = {j}
2025-05-28 15:13:23 [INFO] TagBot - Пользователь ввел имя сотрудника: "j" | chatId: andrey.sanzharov@lukoil.com
2025-05-28 15:13:23 [ERROR] TagBot - ФИО не соответствует стандарту: требуется как минимум один пробел в строке
2025-05-28 15:13:25 [INFO] TagBot - Обработка нажатия кнопки: [Зарегистрировать обращение] от пользователя: andrey.sanzharov@lukoil.com
2025-05-28 15:13:25 [INFO] TagBot - Переход к следующему шагу для пользователя: andrey.sanzharov@lukoil.com
2025-05-28 15:13:27 [INFO] TagBot - Обработка нажатия кнопки: [Не работает телефон] от пользователя: andrey.sanzharov@lukoil.com
2025-05-28 15:13:27 [INFO] TagBot - Переход к следующему шагу для пользователя: andrey.sanzharov@lukoil.com
2025-05-28 15:13:30 [INFO] TagBot - Обработка нажатия кнопки: [От имени другого сотрудника.] от пользователя: andrey.sanzharov@lukoil.com
2025-05-28 15:13:30 [INFO] TagBot - Переход к следующему шагу для пользователя: andrey.sanzharov@lukoil.com
2025-05-28 15:13:32 [INFO] TagBot - Обработка нажатия кнопки: [От имени другого сотрудника.] от пользователя: andrey.sanzharov@lukoil.com
2025-05-28 15:13:34 [INFO] TagBot - Новое сообщение от пользователя: andrey.sanzharov@lukoil.com = {j j j}
2025-05-28 15:13:34 [INFO] TagBot - Пользователь ввел имя сотрудника: "j j j" | chatId: andrey.sanzharov@lukoil.com
2025-05-28 15:23:19 [INFO] ru.mail.im.botapi.BotLogger - IM_BOT bot successfully started
2025-05-28 15:23:19 [INFO] TagBot - Бот запускается...
2025-05-28 15:23:19 [INFO] ru.mail.im.botapi.BotLogger - IM_BOT bot already started
2025-05-28 15:23:21 [INFO] TagBot - Новое сообщение от пользователя: andrey.sanzharov@lukoil.com = {ghgh}
2025-05-28 15:23:23 [INFO] TagBot - Обработка нажатия кнопки: [Зарегистрировать обращение] от пользователя: andrey.sanzharov@lukoil.com
2025-05-28 15:23:23 [INFO] TagBot - Переход к следующему шагу для пользователя: andrey.sanzharov@lukoil.com
2025-05-28 15:23:24 [INFO] TagBot - Обработка нажатия кнопки: [Другое] от пользователя: andrey.sanzharov@lukoil.com
2025-05-28 15:23:24 [INFO] TagBot - Переход к следующему шагу для пользователя: andrey.sanzharov@lukoil.com
2025-05-28 15:23:27 [INFO] TagBot - Новое сообщение от пользователя: andrey.sanzharov@lukoil.com = {gghg}
2025-05-28 15:23:27 [INFO] TagBot - Пользователь ввел текстовое сообщение: "gghg" | chatId: andrey.sanzharov@lukoil.com
2025-05-28 15:28:58 [INFO] ru.mail.im.botapi.BotLogger - IM_BOT bot successfully started
2025-05-28 15:28:58 [INFO] TagBot - Бот запускается...
2025-05-28 15:28:58 [INFO] ru.mail.im.botapi.BotLogger - IM_BOT bot already started
2025-05-28 15:28:58 [INFO] TagBot - Обработка нажатия кнопки: [Зарегистрировать обращение] от пользователя: andrey.sanzharov@lukoil.com
2025-05-28 15:28:58 [WARN] TagBot - Состояние пользователя не найдено: andrey.sanzharov@lukoil.com
2025-05-28 15:29:04 [INFO] TagBot - Новое сообщение от пользователя: andrey.sanzharov@lukoil.com = {ghjk}
2025-05-28 15:29:05 [INFO] TagBot - Обработка нажатия кнопки: [Зарегистрировать обращение] от пользователя: andrey.sanzharov@lukoil.com
2025-05-28 15:29:05 [INFO] TagBot - Переход к следующему шагу для пользователя: andrey.sanzharov@lukoil.com
2025-05-28 15:29:06 [INFO] TagBot - Обработка нажатия кнопки: [Не работает телефон] от пользователя: andrey.sanzharov@lukoil.com
2025-05-28 15:29:06 [INFO] TagBot - Переход к следующему шагу для пользователя: andrey.sanzharov@lukoil.com
2025-05-28 15:29:08 [INFO] TagBot - Обработка нажатия кнопки: [От имени другого сотрудника.] от пользователя: andrey.sanzharov@lukoil.com
2025-05-28 15:29:08 [INFO] TagBot - Переход к следующему шагу для пользователя: andrey.sanzharov@lukoil.com
2025-05-28 15:29:11 [INFO] TagBot - Новое сообщение от пользователя: andrey.sanzharov@lukoil.com = {ghhj}
2025-05-28 15:29:11 [INFO] TagBot - Пользователь ввел имя сотрудника: "ghhj" | chatId: andrey.sanzharov@lukoil.com
2025-05-28 15:29:11 [ERROR] TagBot - ФИО не соответствует стандарту: требуется как минимум один пробел в строке
2025-05-28 15:29:41 [INFO] TagBot - Обработка нажатия кнопки: [Зарегистрировать обращение] от пользователя: andrey.sanzharov@lukoil.com
2025-05-28 15:29:41 [INFO] TagBot - Переход к следующему шагу для пользователя: andrey.sanzharov@lukoil.com
2025-05-28 15:29:43 [INFO] TagBot - Обработка нажатия кнопки: [Не работает телефон] от пользователя: andrey.sanzharov@lukoil.com
2025-05-28 15:29:43 [INFO] TagBot - Переход к следующему шагу для пользователя: andrey.sanzharov@lukoil.com
2025-05-28 15:29:44 [INFO] TagBot - Обработка нажатия кнопки: [От имени другого сотрудника.] от пользователя: andrey.sanzharov@lukoil.com
2025-05-28 15:29:44 [INFO] TagBot - Переход к следующему шагу для пользователя: andrey.sanzharov@lukoil.com
2025-05-28 15:29:47 [INFO] TagBot - Новое сообщение от пользователя: andrey.sanzharov@lukoil.com = {g g g}
2025-05-28 15:29:47 [INFO] TagBot - Пользователь ввел имя сотрудника: "g g g" | chatId: andrey.sanzharov@lukoil.com
2025-05-28 15:30:26 [INFO] ru.mail.im.botapi.BotLogger - IM_BOT bot successfully started
2025-05-28 15:30:26 [INFO] TagBot - Бот запускается...
2025-05-28 15:30:26 [INFO] ru.mail.im.botapi.BotLogger - IM_BOT bot already started
2025-05-28 15:30:40 [INFO] TagBot - Новое сообщение от пользователя: andrey.sanzharov@lukoil.com = {v}
2025-05-28 15:30:41 [INFO] TagBot - Обработка нажатия кнопки: [Зарегистрировать обращение] от пользователя: andrey.sanzharov@lukoil.com
2025-05-28 15:30:41 [INFO] TagBot - Переход к следующему шагу для пользователя: andrey.sanzharov@lukoil.com
2025-05-28 15:30:43 [INFO] TagBot - Обработка нажатия кнопки: [Не работает телефон] от пользователя: andrey.sanzharov@lukoil.com
2025-05-28 15:30:43 [INFO] TagBot - Переход к следующему шагу для пользователя: andrey.sanzharov@lukoil.com
2025-05-28 15:30:44 [INFO] TagBot - Обработка нажатия кнопки: [От имени другого сотрудника.] от пользователя: andrey.sanzharov@lukoil.com
2025-05-28 15:30:44 [INFO] TagBot - Переход к следующему шагу для пользователя: andrey.sanzharov@lukoil.com
2025-05-28 15:30:47 [INFO] TagBot - Новое сообщение от пользователя: andrey.sanzharov@lukoil.com = {g g g}
2025-05-28 15:30:47 [INFO] TagBot - Пользователь ввел имя сотрудника: "g g g" | chatId: andrey.sanzharov@lukoil.com
2025-05-28 15:48:29 [INFO] ru.mail.im.botapi.BotLogger - IM_BOT bot successfully started
2025-05-28 15:48:29 [INFO] TagBot - Бот запускается...
2025-05-28 15:48:29 [INFO] ru.mail.im.botapi.BotLogger - IM_BOT bot already started
2025-05-28 15:48:36 [INFO] TagBot - Новое сообщение от пользователя: andrey.sanzharov@lukoil.com = {bnbnb}
2025-05-28 15:48:37 [INFO] TagBot - Обработка нажатия кнопки: [Зарегистрировать обращение] от пользователя: andrey.sanzharov@lukoil.com
2025-05-28 15:48:37 [INFO] TagBot - Переход к следующему шагу для пользователя: andrey.sanzharov@lukoil.com
2025-05-28 15:48:39 [INFO] TagBot - Обработка нажатия кнопки: [Не работает телефон] от пользователя: andrey.sanzharov@lukoil.com
2025-05-28 15:48:39 [INFO] TagBot - Переход к следующему шагу для пользователя: andrey.sanzharov@lukoil.com
2025-05-28 15:48:43 [INFO] TagBot - Обработка нажатия кнопки: [От имени другого сотрудника.] от пользователя: andrey.sanzharov@lukoil.com
2025-05-28 15:48:43 [INFO] TagBot - Переход к следующему шагу для пользователя: andrey.sanzharov@lukoil.com
2025-05-28 15:48:45 [INFO] TagBot - Новое сообщение от пользователя: andrey.sanzharov@lukoil.com = {g g g}
2025-05-28 15:48:45 [INFO] TagBot - Пользователь ввел имя сотрудника: "g g g" | chatId: andrey.sanzharov@lukoil.com
2025-05-28 15:56:16 [INFO] ru.mail.im.botapi.BotLogger - IM_BOT bot successfully started
2025-05-28 15:56:16 [INFO] TagBot - Бот запускается...
2025-05-28 15:56:16 [INFO] ru.mail.im.botapi.BotLogger - IM_BOT bot already started
2025-05-28 15:56:21 [INFO] TagBot - Новое сообщение от пользователя: andrey.sanzharov@lukoil.com = {g}
2025-05-28 15:56:22 [INFO] TagBot - Обработка нажатия кнопки: [Зарегистрировать обращение] от пользователя: andrey.sanzharov@lukoil.com
2025-05-28 15:56:22 [INFO] TagBot - Переход к следующему шагу для пользователя: andrey.sanzharov@lukoil.com
2025-05-28 15:56:25 [INFO] TagBot - Обработка нажатия кнопки: [Не работает телефон] от пользователя: andrey.sanzharov@lukoil.com
2025-05-28 15:56:25 [INFO] TagBot - Переход к следующему шагу для пользователя: andrey.sanzharov@lukoil.com
2025-05-28 15:56:26 [INFO] TagBot - Обработка нажатия кнопки: [От себя] от пользователя: andrey.sanzharov@lukoil.com
2025-05-28 15:56:26 [INFO] TagBot - Диалог завершен для пользователя: andrey.sanzharov@lukoil.com
2025-05-28 15:56:46 [INFO] ru.mail.im.botapi.BotLogger - IM_BOT bot successfully started
2025-05-28 15:56:46 [INFO] TagBot - Бот запускается...
2025-05-28 15:56:46 [INFO] ru.mail.im.botapi.BotLogger - IM_BOT bot already started
2025-05-28 15:56:49 [INFO] TagBot - Новое сообщение от пользователя: andrey.sanzharov@lukoil.com = {jgjjg}
2025-05-28 15:56:51 [INFO] TagBot - Обработка нажатия кнопки: [Зарегистрировать обращение] от пользователя: andrey.sanzharov@lukoil.com
2025-05-28 15:56:51 [INFO] TagBot - Переход к следующему шагу для пользователя: andrey.sanzharov@lukoil.com
2025-05-28 15:56:53 [INFO] TagBot - Обработка нажатия кнопки: [Не работает телефон] от пользователя: andrey.sanzharov@lukoil.com
2025-05-28 15:56:53 [INFO] TagBot - Переход к следующему шагу для пользователя: andrey.sanzharov@lukoil.com
2025-05-28 15:56:54 [INFO] TagBot - Обработка нажатия кнопки: [От себя] от пользователя: andrey.sanzharov@lukoil.com
2025-05-28 15:56:54 [INFO] TagBot - Диалог завершен для пользователя: andrey.sanzharov@lukoil.com
2025-05-28 15:57:02 [INFO] ru.mail.im.botapi.BotLogger - IM_BOT bot successfully started
2025-05-28 15:57:02 [INFO] TagBot - Бот запускается...
2025-05-28 15:57:02 [INFO] ru.mail.im.botapi.BotLogger - IM_BOT bot already started
2025-05-28 15:57:05 [INFO] TagBot - Новое сообщение от пользователя: andrey.sanzharov@lukoil.com = {fgfg}
2025-05-28 15:57:06 [INFO] TagBot - Обработка нажатия кнопки: [Зарегистрировать обращение] от пользователя: andrey.sanzharov@lukoil.com
2025-05-28 15:57:06 [INFO] TagBot - Переход к следующему шагу для пользователя: andrey.sanzharov@lukoil.com
2025-05-28 15:57:07 [INFO] TagBot - Обработка нажатия кнопки: [Не работает телефон] от пользователя: andrey.sanzharov@lukoil.com
2025-05-28 15:57:07 [INFO] TagBot - Переход к следующему шагу для пользователя: andrey.sanzharov@lukoil.com
2025-05-28 15:57:08 [INFO] TagBot - Обработка нажатия кнопки: [От себя] от пользователя: andrey.sanzharov@lukoil.com
2025-05-28 15:57:08 [INFO] TagBot - Диалог завершен для пользователя: andrey.sanzharov@lukoil.com
2025-05-28 15:58:17 [INFO] ru.mail.im.botapi.BotLogger - IM_BOT bot successfully started
2025-05-28 15:58:17 [INFO] TagBot - Бот запускается...
2025-05-28 15:58:17 [INFO] ru.mail.im.botapi.BotLogger - IM_BOT bot already started
2025-05-28 15:58:18 [INFO] TagBot - Новое сообщение от пользователя: andrey.sanzharov@lukoil.com = {gjgj}
2025-05-28 15:58:19 [INFO] TagBot - Обработка нажатия кнопки: [Зарегистрировать обращение] от пользователя: andrey.sanzharov@lukoil.com
2025-05-28 15:58:19 [INFO] TagBot - Переход к следующему шагу для пользователя: andrey.sanzharov@lukoil.com
2025-05-28 15:58:20 [INFO] TagBot - Обработка нажатия кнопки: [Не работает телефон] от пользователя: andrey.sanzharov@lukoil.com
2025-05-28 15:58:20 [INFO] TagBot - Переход к следующему шагу для пользователя: andrey.sanzharov@lukoil.com
2025-05-28 15:58:21 [INFO] TagBot - Обработка нажатия кнопки: [От имени другого сотрудника.] от пользователя: andrey.sanzharov@lukoil.com
2025-05-28 15:58:21 [INFO] TagBot - Переход к следующему шагу для пользователя: andrey.sanzharov@lukoil.com
2025-05-28 15:58:26 [INFO] TagBot - Новое сообщение от пользователя: andrey.sanzharov@lukoil.com = {g g g}
2025-05-28 15:58:26 [INFO] TagBot - Пользователь ввел имя сотрудника: "g g g" | chatId: andrey.sanzharov@lukoil.com
2025-05-28 15:59:33 [INFO] ru.mail.im.botapi.BotLogger - IM_BOT bot successfully started
2025-05-28 15:59:33 [INFO] TagBot - Бот запускается...
2025-05-28 15:59:33 [INFO] ru.mail.im.botapi.BotLogger - IM_BOT bot already started
2025-05-28 15:59:36 [INFO] TagBot - Новое сообщение от пользователя: andrey.sanzharov@lukoil.com = {ghgh}
2025-05-28 15:59:38 [INFO] TagBot - Обработка нажатия кнопки: [Зарегистрировать обращение] от пользователя: andrey.sanzharov@lukoil.com
2025-05-28 15:59:38 [INFO] TagBot - Переход к следующему шагу для пользователя: andrey.sanzharov@lukoil.com
2025-05-28 15:59:40 [INFO] TagBot - Обработка нажатия кнопки: [Не работает телефон] от пользователя: andrey.sanzharov@lukoil.com
2025-05-28 15:59:40 [INFO] TagBot - Переход к следующему шагу для пользователя: andrey.sanzharov@lukoil.com
2025-05-28 15:59:41 [INFO] TagBot - Обработка нажатия кнопки: [От имени другого сотрудника.] от пользователя: andrey.sanzharov@lukoil.com
2025-05-28 15:59:41 [INFO] TagBot - Переход к следующему шагу для пользователя: andrey.sanzharov@lukoil.com
2025-05-28 15:59:44 [INFO] TagBot - Новое сообщение от пользователя: andrey.sanzharov@lukoil.com = {j j j}
2025-05-28 15:59:44 [INFO] TagBot - Пользователь ввел имя сотрудника: "j j j" | chatId: andrey.sanzharov@lukoil.com
2025-05-28 16:29:08 [INFO] ru.mail.im.botapi.BotLogger - IM_BOT bot successfully started
2025-05-28 16:29:08 [INFO] TagBot - Бот запускается...
2025-05-28 16:29:08 [INFO] ru.mail.im.botapi.BotLogger - IM_BOT bot already started
2025-05-28 16:30:00 [INFO] TagBot - Новое сообщение от пользователя: andrey.sanzharov@lukoil.com = {hh}
2025-05-28 16:30:02 [INFO] TagBot - Обработка нажатия кнопки: [Зарегистрировать обращение] от пользователя: andrey.sanzharov@lukoil.com
2025-05-28 16:30:02 [INFO] TagBot - Переход к следующему шагу для пользователя: andrey.sanzharov@lukoil.com
2025-05-28 16:30:03 [INFO] TagBot - Обработка нажатия кнопки: [Не работает телефон] от пользователя: andrey.sanzharov@lukoil.com
2025-05-28 16:30:03 [INFO] TagBot - Переход к следующему шагу для пользователя: andrey.sanzharov@lukoil.com
2025-05-28 16:30:05 [INFO] TagBot - Обработка нажатия кнопки: [От имени другого сотрудника.] от пользователя: andrey.sanzharov@lukoil.com
2025-05-28 16:30:05 [INFO] TagBot - Переход к следующему шагу для пользователя: andrey.sanzharov@lukoil.com
2025-05-28 16:30:07 [INFO] TagBot - Новое сообщение от пользователя: andrey.sanzharov@lukoil.com = {g j}
2025-05-28 16:30:07 [INFO] TagBot - Пользователь ввел имя сотрудника: "g j" | chatId: andrey.sanzharov@lukoil.com
2025-05-28 16:30:07 [ERROR] TagBot - ФИО не соответствует стандарту: требуется как минимум один пробел в строке
2025-05-28 16:30:27 [INFO] ru.mail.im.botapi.BotLogger - IM_BOT bot successfully started
2025-05-28 16:30:27 [INFO] TagBot - Бот запускается...
2025-05-28 16:30:27 [INFO] ru.mail.im.botapi.BotLogger - IM_BOT bot already started
2025-05-28 16:30:29 [INFO] ru.mail.im.botapi.BotLogger - IM_BOT bot successfully started
2025-05-28 16:30:29 [INFO] TagBot - Бот запускается...
2025-05-28 16:30:29 [INFO] ru.mail.im.botapi.BotLogger - IM_BOT bot already started
2025-05-28 16:30:31 [INFO] TagBot - Новое сообщение от пользователя: andrey.sanzharov@lukoil.com = {gj}
2025-05-28 16:30:31 [INFO] TagBot - Новое сообщение от пользователя: andrey.sanzharov@lukoil.com = {gj}
2025-05-28 16:30:44 [INFO] ru.mail.im.botapi.BotLogger - IM_BOT bot successfully started
2025-05-28 16:30:44 [INFO] TagBot - Бот запускается...
2025-05-28 16:30:44 [INFO] ru.mail.im.botapi.BotLogger - IM_BOT bot already started
2025-05-28 16:30:49 [INFO] TagBot - Новое сообщение от пользователя: andrey.sanzharov@lukoil.com = {g}
2025-05-28 16:30:59 [INFO] TagBot - Обработка нажатия кнопки: [Зарегистрировать обращение] от пользователя: andrey.sanzharov@lukoil.com
2025-05-28 16:30:59 [INFO] TagBot - Переход к следующему шагу для пользователя: andrey.sanzharov@lukoil.com
2025-05-28 16:31:08 [INFO] TagBot - Обработка нажатия кнопки: [Не работает телефон] от пользователя: andrey.sanzharov@lukoil.com
2025-05-28 16:31:08 [INFO] TagBot - Переход к следующему шагу для пользователя: andrey.sanzharov@lukoil.com
2025-05-28 16:31:11 [INFO] TagBot - Обработка нажатия кнопки: [От имени другого сотрудника.] от пользователя: andrey.sanzharov@lukoil.com
2025-05-28 16:31:11 [INFO] TagBot - Переход к следующему шагу для пользователя: andrey.sanzharov@lukoil.com
2025-05-28 16:31:13 [INFO] TagBot - Новое сообщение от пользователя: andrey.sanzharov@lukoil.com = {j j}
2025-05-28 16:31:13 [INFO] TagBot - Пользователь ввел имя сотрудника: "j j" | chatId: andrey.sanzharov@lukoil.com
2025-05-28 16:31:27 [INFO] TagBot - Обработка нажатия кнопки: [Зарегистрировать обращение] от пользователя: andrey.sanzharov@lukoil.com
2025-05-28 16:31:27 [INFO] TagBot - Переход к следующему шагу для пользователя: andrey.sanzharov@lukoil.com
2025-05-28 16:35:24 [INFO] ru.mail.im.botapi.BotLogger - IM_BOT bot successfully started
2025-05-28 16:35:24 [INFO] TagBot - Бот запускается...
2025-05-28 16:35:24 [INFO] ru.mail.im.botapi.BotLogger - IM_BOT bot already started
2025-05-28 16:35:28 [INFO] TagBot - Новое сообщение от пользователя: andrey.sanzharov@lukoil.com = {h}
2025-05-28 16:35:30 [INFO] TagBot - Обработка нажатия кнопки: [Зарегистрировать обращение] от пользователя: andrey.sanzharov@lukoil.com
2025-05-28 16:35:30 [INFO] TagBot - Переход к следующему шагу для пользователя: andrey.sanzharov@lukoil.com
2025-05-28 16:35:31 [INFO] TagBot - Обработка нажатия кнопки: [Другое] от пользователя: andrey.sanzharov@lukoil.com
2025-05-28 16:35:31 [INFO] TagBot - Переход к следующему шагу для пользователя: andrey.sanzharov@lukoil.com
2025-05-28 16:35:34 [INFO] TagBot - Новое сообщение от пользователя: andrey.sanzharov@lukoil.com = {hjhjhjhhgfbfv}
2025-05-28 16:35:34 [INFO] TagBot - Пользователь ввел текстовое сообщение: "hjhjhjhhgfbfv" | chatId: andrey.sanzharov@lukoil.com
2025-05-28 16:35:43 [INFO] TagBot - Обработка нажатия кнопки: [Зарегистрировать обращение] от пользователя: andrey.sanzharov@lukoil.com
2025-05-28 16:35:43 [INFO] TagBot - Переход к следующему шагу для пользователя: andrey.sanzharov@lukoil.com
2025-05-28 16:35:47 [INFO] TagBot - Обработка нажатия кнопки: [Не работает телефон] от пользователя: andrey.sanzharov@lukoil.com
2025-05-28 16:35:47 [INFO] TagBot - Переход к следующему шагу для пользователя: andrey.sanzharov@lukoil.com
2025-05-28 16:35:49 [INFO] TagBot - Обработка нажатия кнопки: [От имени другого сотрудника.] от пользователя: andrey.sanzharov@lukoil.com
2025-05-28 16:35:49 [INFO] TagBot - Переход к следующему шагу для пользователя: andrey.sanzharov@lukoil.com
2025-05-28 16:36:23 [INFO] TagBot - Новое сообщение от пользователя: andrey.sanzharov@lukoil.com = {j j j}
2025-05-28 16:36:23 [INFO] TagBot - Пользователь ввел имя сотрудника: "j j j" | chatId: andrey.sanzharov@lukoil.com
2025-05-28 16:36:54 [INFO] ru.mail.im.botapi.BotLogger - IM_BOT bot successfully started
2025-05-28 16:36:54 [INFO] TagBot - Бот запускается...
2025-05-28 16:36:54 [INFO] ru.mail.im.botapi.BotLogger - IM_BOT bot already started
2025-05-28 16:36:59 [INFO] TagBot - Новое сообщение от пользователя: andrey.sanzharov@lukoil.com = {5}
2025-05-28 16:37:10 [INFO] TagBot - Обработка нажатия кнопки: [Зарегистрировать обращение] от пользователя: andrey.sanzharov@lukoil.com
2025-05-28 16:37:10 [INFO] TagBot - Переход к следующему шагу для пользователя: andrey.sanzharov@lukoil.com
2025-05-28 16:37:13 [INFO] TagBot - Обработка нажатия кнопки: [Не работает телефон] от пользователя: andrey.sanzharov@lukoil.com
2025-05-28 16:37:13 [INFO] TagBot - Переход к следующему шагу для пользователя: andrey.sanzharov@lukoil.com
2025-05-28 16:37:16 [INFO] TagBot - Обработка нажатия кнопки: [От имени другого сотрудника.] от пользователя: andrey.sanzharov@lukoil.com
2025-05-28 16:37:16 [INFO] TagBot - Переход к следующему шагу для пользователя: andrey.sanzharov@lukoil.com
2025-05-28 16:37:21 [INFO] TagBot - Новое сообщение от пользователя: andrey.sanzharov@lukoil.com = {j h g}
2025-05-28 16:37:29 [INFO] TagBot - Пользователь ввел имя сотрудника: "j h g" | chatId: andrey.sanzharov@lukoil.com
2025-05-28 16:46:03 [INFO] ru.mail.im.botapi.BotLogger - IM_BOT bot successfully started
2025-05-28 16:46:03 [INFO] TagBot - Бот запускается...
2025-05-28 16:46:03 [INFO] ru.mail.im.botapi.BotLogger - IM_BOT bot already started
2025-05-28 16:46:12 [INFO] TagBot - Новое сообщение от пользователя: andrey.sanzharov@lukoil.com = {о}
2025-05-28 16:46:13 [INFO] TagBot - Обработка нажатия кнопки: [Зарегистрировать обращение] от пользователя: andrey.sanzharov@lukoil.com
2025-05-28 16:46:13 [INFO] TagBot - Переход к следующему шагу для пользователя: andrey.sanzharov@lukoil.com
2025-05-28 16:46:15 [INFO] TagBot - Обработка нажатия кнопки: [Не работает телефон] от пользователя: andrey.sanzharov@lukoil.com
2025-05-28 16:46:15 [INFO] TagBot - Переход к следующему шагу для пользователя: andrey.sanzharov@lukoil.com
2025-05-28 16:46:17 [INFO] TagBot - Обработка нажатия кнопки: [От себя] от пользователя: andrey.sanzharov@lukoil.com
2025-05-28 16:46:17 [INFO] TagBot - Диалог завершен для пользователя: andrey.sanzharov@lukoil.com
2025-05-28 16:46:22 [INFO] TagBot - Новое сообщение от пользователя: andrey.sanzharov@lukoil.com = {прпр}
2025-05-28 16:46:23 [INFO] TagBot - Обработка нажатия кнопки: [Зарегистрировать обращение] от пользователя: andrey.sanzharov@lukoil.com
2025-05-28 16:46:23 [INFO] TagBot - Переход к следующему шагу для пользователя: andrey.sanzharov@lukoil.com
2025-05-28 16:46:25 [INFO] TagBot - Обработка нажатия кнопки: [Не работает телефон] от пользователя: andrey.sanzharov@lukoil.com
2025-05-28 16:46:25 [INFO] TagBot - Переход к следующему шагу для пользователя: andrey.sanzharov@lukoil.com
2025-05-28 16:46:26 [INFO] TagBot - Обработка нажатия кнопки: [От имени другого сотрудника.] от пользователя: andrey.sanzharov@lukoil.com
2025-05-28 16:46:26 [INFO] TagBot - Переход к следующему шагу для пользователя: andrey.sanzharov@lukoil.com
2025-05-28 16:46:30 [INFO] TagBot - Новое сообщение от пользователя: andrey.sanzharov@lukoil.com = {попоп}
2025-05-28 16:46:30 [INFO] TagBot - Пользователь ввел имя сотрудника: "попоп" | chatId: andrey.sanzharov@lukoil.com
2025-05-28 16:46:30 [ERROR] TagBot - ФИО не соответствует стандарту: требуется как минимум один пробел в строке
2025-05-28 16:46:38 [INFO] TagBot - Обработка нажатия кнопки: [Зарегистрировать обращение] от пользователя: andrey.sanzharov@lukoil.com
2025-05-28 16:46:38 [INFO] TagBot - Переход к следующему шагу для пользователя: andrey.sanzharov@lukoil.com
2025-05-28 16:46:39 [INFO] TagBot - Обработка нажатия кнопки: [Не работает телефон] от пользователя: andrey.sanzharov@lukoil.com
2025-05-28 16:46:39 [INFO] TagBot - Переход к следующему шагу для пользователя: andrey.sanzharov@lukoil.com
2025-05-28 16:46:41 [INFO] TagBot - Обработка нажатия кнопки: [От имени другого сотрудника.] от пользователя: andrey.sanzharov@lukoil.com
2025-05-28 16:46:41 [INFO] TagBot - Переход к следующему шагу для пользователя: andrey.sanzharov@lukoil.com
2025-05-28 16:46:43 [INFO] TagBot - Новое сообщение от пользователя: andrey.sanzharov@lukoil.com = {п п}
2025-05-28 16:46:43 [INFO] TagBot - Пользователь ввел имя сотрудника: "п п" | chatId: andrey.sanzharov@lukoil.com
2025-05-28 16:46:43 [ERROR] TagBot - ФИО не соответствует стандарту: требуется как минимум один пробел в строке
2025-05-28 16:46:46 [INFO] TagBot - Обработка нажатия кнопки: [Зарегистрировать обращение] от пользователя: andrey.sanzharov@lukoil.com
2025-05-28 16:46:46 [INFO] TagBot - Переход к следующему шагу для пользователя: andrey.sanzharov@lukoil.com
2025-05-28 16:46:47 [INFO] TagBot - Обработка нажатия кнопки: [Не работает телефон] от пользователя: andrey.sanzharov@lukoil.com
2025-05-28 16:46:47 [INFO] TagBot - Переход к следующему шагу для пользователя: andrey.sanzharov@lukoil.com
2025-05-28 16:46:49 [INFO] TagBot - Обработка нажатия кнопки: [Отменить составление заявки.] от пользователя: andrey.sanzharov@lukoil.com
2025-05-28 16:46:49 [INFO] TagBot - Переход к следующему шагу для пользователя: andrey.sanzharov@lukoil.com
2025-05-28 16:46:54 [INFO] TagBot - Обработка нажатия кнопки: [Зарегистрировать обращение] от пользователя: andrey.sanzharov@lukoil.com
2025-05-28 16:46:54 [INFO] TagBot - Переход к следующему шагу для пользователя: andrey.sanzharov@lukoil.com
2025-05-28 16:46:55 [INFO] TagBot - Обработка нажатия кнопки: [Другое] от пользователя: andrey.sanzharov@lukoil.com
2025-05-28 16:46:55 [INFO] TagBot - Переход к следующему шагу для пользователя: andrey.sanzharov@lukoil.com
2025-05-28 16:47:01 [INFO] TagBot - Новое сообщение от пользователя: andrey.sanzharov@lukoil.com = {ПОпотпплатпловапт}
2025-05-28 16:47:01 [INFO] TagBot - Пользователь ввел текстовое сообщение: "ПОпотпплатпловапт" | chatId: andrey.sanzharov@lukoil.com
2025-05-28 16:47:05 [INFO] TagBot - Обработка нажатия кнопки: [Зарегистрировать обращение] от пользователя: andrey.sanzharov@lukoil.com
2025-05-28 16:47:05 [INFO] TagBot - Переход к следующему шагу для пользователя: andrey.sanzharov@lukoil.com
2025-05-28 16:47:08 [INFO] TagBot - Обработка нажатия кнопки: [Не работает электронная почта] от пользователя: andrey.sanzharov@lukoil.com
2025-05-28 16:47:08 [INFO] TagBot - Диалог завершен для пользователя: andrey.sanzharov@lukoil.com
2025-05-28 16:49:24 [INFO] ru.mail.im.botapi.BotLogger - IM_BOT bot successfully started
2025-05-28 16:49:24 [INFO] TagBot - Бот запускается...
2025-05-28 16:49:24 [INFO] ru.mail.im.botapi.BotLogger - IM_BOT bot already started
2025-05-28 16:49:30 [INFO] TagBot - Новое сообщение от пользователя: andrey.sanzharov@lukoil.com = {прпр}
2025-05-28 16:49:31 [INFO] TagBot - Обработка нажатия кнопки: [Зарегистрировать обращение] от пользователя: andrey.sanzharov@lukoil.com
2025-05-28 16:49:31 [INFO] TagBot - Переход к следующему шагу для пользователя: andrey.sanzharov@lukoil.com
2025-05-28 16:49:33 [INFO] TagBot - Обработка нажатия кнопки: [Не работает телефон] от пользователя: andrey.sanzharov@lukoil.com
2025-05-28 16:49:33 [INFO] TagBot - Переход к следующему шагу для пользователя: andrey.sanzharov@lukoil.com
2025-05-28 16:49:36 [INFO] TagBot - Обработка нажатия кнопки: [От имени другого сотрудника.] от пользователя: andrey.sanzharov@lukoil.com
2025-05-28 16:49:36 [INFO] TagBot - Переход к следующему шагу для пользователя: andrey.sanzharov@lukoil.com
2025-05-28 16:49:38 [INFO] TagBot - Новое сообщение от пользователя: andrey.sanzharov@lukoil.com = {р р р}
2025-05-28 16:49:38 [INFO] TagBot - Пользователь ввел имя сотрудника: "р р р" | chatId: andrey.sanzharov@lukoil.com
2025-05-28 16:50:35 [INFO] ru.mail.im.botapi.BotLogger - IM_BOT bot successfully started
2025-05-28 16:50:35 [INFO] TagBot - Бот запускается...
2025-05-28 16:50:35 [INFO] ru.mail.im.botapi.BotLogger - IM_BOT bot already started
2025-05-28 16:50:38 [INFO] TagBot - Новое сообщение от пользователя: andrey.sanzharov@lukoil.com = {g}
2025-05-28 16:50:39 [INFO] TagBot - Обработка нажатия кнопки: [Зарегистрировать обращение] от пользователя: andrey.sanzharov@lukoil.com
2025-05-28 16:50:39 [INFO] TagBot - Переход к следующему шагу для пользователя: andrey.sanzharov@lukoil.com
2025-05-28 16:50:40 [INFO] TagBot - Обработка нажатия кнопки: [Не работает телефон] от пользователя: andrey.sanzharov@lukoil.com
2025-05-28 16:50:40 [INFO] TagBot - Переход к следующему шагу для пользователя: andrey.sanzharov@lukoil.com
2025-05-28 16:50:41 [INFO] TagBot - Обработка нажатия кнопки: [От имени другого сотрудника.] от пользователя: andrey.sanzharov@lukoil.com
2025-05-28 16:50:41 [INFO] TagBot - Переход к следующему шагу для пользователя: andrey.sanzharov@lukoil.com
2025-05-28 16:50:44 [INFO] TagBot - Новое сообщение от пользователя: andrey.sanzharov@lukoil.com = {h h h}
2025-05-28 16:50:44 [INFO] TagBot - Пользователь ввел имя сотрудника: "h h h" | chatId: andrey.sanzharov@lukoil.com
2025-05-28 16:52:46 [INFO] ru.mail.im.botapi.BotLogger - IM_BOT bot successfully started
2025-05-28 16:52:46 [INFO] TagBot - Бот запускается...
2025-05-28 16:52:46 [INFO] ru.mail.im.botapi.BotLogger - IM_BOT bot already started
2025-05-28 16:52:47 [INFO] TagBot - Новое сообщение от пользователя: andrey.sanzharov@lukoil.com = {gjgjg}
2025-05-28 16:52:48 [INFO] TagBot - Обработка нажатия кнопки: [Зарегистрировать обращение] от пользователя: andrey.sanzharov@lukoil.com
2025-05-28 16:52:48 [INFO] TagBot - Переход к следующему шагу для пользователя: andrey.sanzharov@lukoil.com
2025-05-28 16:52:49 [INFO] TagBot - Обработка нажатия кнопки: [Не работает телефон] от пользователя: andrey.sanzharov@lukoil.com
2025-05-28 16:52:49 [INFO] TagBot - Переход к следующему шагу для пользователя: andrey.sanzharov@lukoil.com
2025-05-28 16:52:51 [INFO] TagBot - Обработка нажатия кнопки: [От имени другого сотрудника.] от пользователя: andrey.sanzharov@lukoil.com
2025-05-28 16:52:51 [INFO] TagBot - Переход к следующему шагу для пользователя: andrey.sanzharov@lukoil.com
2025-05-28 16:52:53 [INFO] TagBot - Новое сообщение от пользователя: andrey.sanzharov@lukoil.com = {j j j}
2025-05-28 16:52:53 [INFO] TagBot - Пользователь ввел имя сотрудника: "j j j" | chatId: andrey.sanzharov@lukoil.com
2025-05-28 16:53:01 [INFO] TagBot - Обработка нажатия кнопки: [Зарегистрировать обращение] от пользователя: andrey.sanzharov@lukoil.com
2025-05-28 16:53:01 [INFO] TagBot - Переход к следующему шагу для пользователя: andrey.sanzharov@lukoil.com
2025-05-28 16:53:07 [INFO] TagBot - Обработка нажатия кнопки: [Другое] от пользователя: andrey.sanzharov@lukoil.com
2025-05-28 16:53:07 [INFO] TagBot - Переход к следующему шагу для пользователя: andrey.sanzharov@lukoil.com
2025-05-28 16:53:10 [INFO] TagBot - Новое сообщение от пользователя: andrey.sanzharov@lukoil.com = {gjgjkfdnjkfdng}
2025-05-28 16:53:10 [INFO] TagBot - Пользователь ввел текстовое сообщение: "gjgjkfdnjkfdng" | chatId: andrey.sanzharov@lukoil.com
2025-05-28 16:54:04 [INFO] ru.mail.im.botapi.BotLogger - IM_BOT bot successfully started
2025-05-28 16:54:04 [INFO] TagBot - Бот запускается...
2025-05-28 16:54:04 [INFO] ru.mail.im.botapi.BotLogger - IM_BOT bot already started
2025-05-28 16:54:08 [INFO] TagBot - Новое сообщение от пользователя: andrey.sanzharov@lukoil.com = {h}
2025-05-28 16:54:10 [INFO] TagBot - Обработка нажатия кнопки: [Зарегистрировать обращение] от пользователя: andrey.sanzharov@lukoil.com
2025-05-28 16:54:10 [INFO] TagBot - Переход к следующему шагу для пользователя: andrey.sanzharov@lukoil.com
2025-05-28 16:54:12 [INFO] TagBot - Обработка нажатия кнопки: [Не Включается ПК] от пользователя: andrey.sanzharov@lukoil.com
2025-05-28 16:54:12 [INFO] TagBot - Диалог завершен для пользователя: andrey.sanzharov@lukoil.com
2025-05-28 16:57:26 [INFO] TagBot - Новое сообщение от пользователя: andrey.sanzharov@lukoil.com = {прпр}
2025-05-28 16:57:30 [INFO] TagBot - Обработка нажатия кнопки: [Зарегистрировать обращение] от пользователя: andrey.sanzharov@lukoil.com
2025-05-28 16:57:30 [INFO] TagBot - Переход к следующему шагу для пользователя: andrey.sanzharov@lukoil.com
2025-05-28 16:57:32 [INFO] TagBot - Обработка нажатия кнопки: [Другое] от пользователя: andrey.sanzharov@lukoil.com
2025-05-28 16:57:32 [INFO] TagBot - Переход к следующему шагу для пользователя: andrey.sanzharov@lukoil.com
2025-05-28 16:57:37 [INFO] TagBot - Новое сообщение от пользователя: andrey.sanzharov@lukoil.com = {ппп}
2025-05-28 16:57:37 [INFO] TagBot - Пользователь ввел текстовое сообщение: "ппп" | chatId: andrey.sanzharov@lukoil.com
2025-05-28 16:59:37 [INFO] ru.mail.im.botapi.BotLogger - IM_BOT bot successfully started
2025-05-28 16:59:37 [INFO] TagBot - Бот запускается...
2025-05-28 16:59:37 [INFO] ru.mail.im.botapi.BotLogger - IM_BOT bot already started
2025-05-28 16:59:41 [INFO] TagBot - Новое сообщение от пользователя: andrey.sanzharov@lukoil.com = {gjgj}
2025-05-28 16:59:42 [INFO] TagBot - Обработка нажатия кнопки: [Зарегистрировать обращение] от пользователя: andrey.sanzharov@lukoil.com
2025-05-28 16:59:42 [INFO] TagBot - Переход к следующему шагу для пользователя: andrey.sanzharov@lukoil.com
2025-05-28 16:59:43 [INFO] TagBot - Обработка нажатия кнопки: [Другое] от пользователя: andrey.sanzharov@lukoil.com
2025-05-28 16:59:43 [INFO] TagBot - Переход к следующему шагу для пользователя: andrey.sanzharov@lukoil.com
2025-05-28 16:59:45 [INFO] TagBot - Новое сообщение от пользователя: andrey.sanzharov@lukoil.com = {gh}
2025-05-28 16:59:45 [INFO] TagBot - Пользователь ввел текстовое сообщение: "gh" | chatId: andrey.sanzharov@lukoil.com
2025-06-02 09:05:12 [INFO] ru.mail.im.botapi.BotLogger - IM_BOT bot successfully started
2025-06-02 09:05:12 [INFO] TagBot - Бот запускается...
2025-06-02 09:05:12 [INFO] ru.mail.im.botapi.BotLogger - IM_BOT bot already started
2025-06-02 09:05:22 [INFO] TagBot - Новое сообщение от пользователя: andrey.sanzharov@lukoil.com = {ghgh}
2025-06-02 09:05:23 [INFO] TagBot - Обработка нажатия кнопки: [Зарегистрировать обращение] от пользователя: andrey.sanzharov@lukoil.com
2025-06-02 09:05:23 [INFO] TagBot - Переход к следующему шагу для пользователя: andrey.sanzharov@lukoil.com
2025-06-02 09:06:28 [INFO] TagBot - Обработка нажатия кнопки: [Другое] от пользователя: andrey.sanzharov@lukoil.com
2025-06-02 09:06:28 [INFO] TagBot - Переход к следующему шагу для пользователя: andrey.sanzharov@lukoil.com
2025-06-02 09:06:31 [INFO] TagBot - Новое сообщение от пользователя: andrey.sanzharov@lukoil.com = {ghj}
2025-06-02 09:06:31 [INFO] TagBot - Пользователь ввел текстовое сообщение: "ghj" | chatId: andrey.sanzharov@lukoil.com
2025-06-02 09:06:31 [INFO] TagBot - Ответ сохранен в файл: Пользователь andrey.sanzharov@lukoil.com ввел: ghj

2025-06-02 09:19:25 [INFO] ru.mail.im.botapi.BotLogger - IM_BOT bot successfully started
2025-06-02 09:19:25 [INFO] TagBot - Бот запускается...
2025-06-02 09:19:25 [INFO] ru.mail.im.botapi.BotLogger - IM_BOT bot already started
2025-06-02 09:19:31 [INFO] TagBot - Новое сообщение от пользователя: andrey.sanzharov@lukoil.com = {ghj}
2025-06-02 09:19:32 [INFO] TagBot - Обработка нажатия кнопки: [Зарегистрировать обращение] от пользователя: andrey.sanzharov@lukoil.com
2025-06-02 09:19:32 [INFO] TagBot - Переход к следующему шагу для пользователя: andrey.sanzharov@lukoil.com
2025-06-02 09:19:34 [INFO] TagBot - Обработка нажатия кнопки: [Другое] от пользователя: andrey.sanzharov@lukoil.com
2025-06-02 09:19:34 [INFO] TagBot - Переход к следующему шагу для пользователя: andrey.sanzharov@lukoil.com
2025-06-02 09:19:35 [INFO] TagBot - Новое сообщение от пользователя: andrey.sanzharov@lukoil.com = {hg}
2025-06-02 09:19:35 [INFO] TagBot - Пользователь ввел текстовое сообщение: "hg" | chatId: andrey.sanzharov@lukoil.com
2025-06-02 09:19:35 [INFO] TagBot - Ответ сохранен в файл: Пользователь andrey.sanzharov@lukoil.com ввел: hg

2025-06-02 09:35:09 [INFO] ru.mail.im.botapi.BotLogger - IM_BOT bot successfully started
2025-06-02 09:35:09 [INFO] TagBot - Бот запускается...
2025-06-02 09:35:09 [INFO] ru.mail.im.botapi.BotLogger - IM_BOT bot already started
2025-06-02 09:35:14 [INFO] TagBot - Новое сообщение от пользователя: andrey.sanzharov@lukoil.com = {jjh}
2025-06-02 09:35:17 [INFO] TagBot - Обработка нажатия кнопки: [Зарегистрировать обращение] от пользователя: andrey.sanzharov@lukoil.com
2025-06-02 09:35:17 [INFO] TagBot - Переход к следующему шагу для пользователя: andrey.sanzharov@lukoil.com
2025-06-02 09:35:19 [INFO] TagBot - Обработка нажатия кнопки: [Не работает телефон] от пользователя: andrey.sanzharov@lukoil.com
2025-06-02 09:35:19 [INFO] TagBot - Переход к следующему шагу для пользователя: andrey.sanzharov@lukoil.com
2025-06-02 09:35:21 [INFO] TagBot - Обработка нажатия кнопки: [От имени другого сотрудника.] от пользователя: andrey.sanzharov@lukoil.com
2025-06-02 09:35:21 [INFO] TagBot - Переход к следующему шагу для пользователя: andrey.sanzharov@lukoil.com
2025-06-02 09:37:30 [INFO] ru.mail.im.botapi.BotLogger - IM_BOT bot successfully started
2025-06-02 09:37:30 [INFO] TagBot - Бот запускается...
2025-06-02 09:37:30 [INFO] ru.mail.im.botapi.BotLogger - IM_BOT bot already started
2025-06-02 09:37:33 [INFO] TagBot - Новое сообщение от пользователя: andrey.sanzharov@lukoil.com = {gh}
2025-06-02 09:37:36 [INFO] TagBot - Новое сообщение от пользователя: andrey.sanzharov@lukoil.com = {gh}
2025-06-02 09:38:28 [INFO] ru.mail.im.botapi.BotLogger - IM_BOT bot successfully started
2025-06-02 09:38:28 [INFO] TagBot - Бот запускается...
2025-06-02 09:38:28 [INFO] ru.mail.im.botapi.BotLogger - IM_BOT bot already started
2025-06-02 09:38:35 [INFO] TagBot - Новое сообщение от пользователя: andrey.sanzharov@lukoil.com = {lkj}
2025-06-02 09:40:02 [INFO] ru.mail.im.botapi.BotLogger - IM_BOT bot successfully started
2025-06-02 09:40:02 [INFO] TagBot - Бот запускается...
2025-06-02 09:40:02 [INFO] ru.mail.im.botapi.BotLogger - IM_BOT bot already started
2025-06-02 09:40:11 [INFO] ru.mail.im.botapi.BotLogger - IM_BOT bot successfully started
2025-06-02 09:40:11 [INFO] TagBot - Бот запускается...
2025-06-02 09:40:11 [INFO] ru.mail.im.botapi.BotLogger - IM_BOT bot already started
2025-06-02 09:40:16 [INFO] TagBot - Новое сообщение от пользователя: andrey.sanzharov@lukoil.com = {hjbhb}
2025-06-02 09:40:18 [INFO] TagBot - Новое сообщение от пользователя: andrey.sanzharov@lukoil.com = {jn}
2025-06-02 09:40:18 [INFO] TagBot - Пользователь ввел текстовое сообщение: "jn" | chatId: andrey.sanzharov@lukoil.com
2025-06-02 09:40:23 [INFO] TagBot - Новое сообщение от пользователя: andrey.sanzharov@lukoil.com = {kjb}
2025-06-02 09:40:23 [INFO] TagBot - Пользователь ввел текстовое сообщение: "kjb" | chatId: andrey.sanzharov@lukoil.com
2025-06-02 09:40:46 [INFO] ru.mail.im.botapi.BotLogger - IM_BOT bot successfully started
2025-06-02 09:40:46 [INFO] TagBot - Бот запускается...
2025-06-02 09:40:46 [INFO] ru.mail.im.botapi.BotLogger - IM_BOT bot already started
2025-06-02 09:40:52 [INFO] ru.mail.im.botapi.BotLogger - IM_BOT bot successfully started
2025-06-02 09:40:52 [INFO] TagBot - Бот запускается...
2025-06-02 09:40:52 [INFO] ru.mail.im.botapi.BotLogger - IM_BOT bot already started
2025-06-02 09:41:00 [INFO] TagBot - Новое сообщение от пользователя: andrey.sanzharov@lukoil.com = {kgkg}
2025-06-02 09:41:02 [INFO] TagBot - Новое сообщение от пользователя: andrey.sanzharov@lukoil.com = {lkg}
2025-06-02 09:41:02 [INFO] TagBot - Пользователь ввел текстовое сообщение: "lkg" | chatId: andrey.sanzharov@lukoil.com
2025-06-02 09:49:40 [INFO] ru.mail.im.botapi.BotLogger - IM_BOT bot successfully started
2025-06-02 09:49:40 [INFO] TagBot - Бот запускается...
2025-06-02 09:49:40 [INFO] ru.mail.im.botapi.BotLogger - IM_BOT bot already started
2025-06-02 09:49:44 [INFO] TagBot - Новое сообщение от пользователя: andrey.sanzharov@lukoil.com = {jfgh}
2025-06-02 09:49:59 [INFO] ru.mail.im.botapi.BotLogger - IM_BOT bot successfully started
2025-06-02 09:49:59 [INFO] TagBot - Бот запускается...
2025-06-02 09:49:59 [INFO] ru.mail.im.botapi.BotLogger - IM_BOT bot already started
2025-06-02 09:50:02 [INFO] TagBot - Новое сообщение от пользователя: andrey.sanzharov@lukoil.com = {lkj}
2025-06-02 09:50:03 [INFO] TagBot - Новое сообщение от пользователя: andrey.sanzharov@lukoil.com = {kj}
2025-06-02 09:50:03 [INFO] TagBot - Ответ сохранен: Пользователь andrey.sanzharov@lukoil.com ввел: kj

2025-06-02 09:50:05 [INFO] TagBot - Новое сообщение от пользователя: andrey.sanzharov@lukoil.com = {kj}
2025-06-02 09:50:05 [INFO] TagBot - Ответ сохранен: Пользователь andrey.sanzharov@lukoil.com ввел: kj

2025-06-02 09:50:26 [INFO] ru.mail.im.botapi.BotLogger - IM_BOT bot successfully started
2025-06-02 09:50:26 [INFO] TagBot - Бот запускается...
2025-06-02 09:50:26 [INFO] ru.mail.im.botapi.BotLogger - IM_BOT bot already started
2025-06-02 09:50:30 [INFO] TagBot - Новое сообщение от пользователя: andrey.sanzharov@lukoil.com = {jjkj}
2025-06-02 09:50:33 [INFO] TagBot - Новое сообщение от пользователя: andrey.sanzharov@lukoil.com = {kjhkhj}
2025-06-02 09:50:33 [INFO] TagBot - Ответ сохранен: Пользователь andrey.sanzharov@lukoil.com ввел: kjhkhj

2025-06-02 09:50:34 [INFO] TagBot - Новое сообщение от пользователя: andrey.sanzharov@lukoil.com = {lkj}
2025-06-02 09:50:34 [INFO] TagBot - Ответ сохранен: Пользователь andrey.sanzharov@lukoil.com ввел: lkj

2025-06-02 09:50:50 [INFO] ru.mail.im.botapi.BotLogger - IM_BOT bot successfully started
2025-06-02 09:50:50 [INFO] TagBot - Бот запускается...
2025-06-02 09:50:50 [INFO] ru.mail.im.botapi.BotLogger - IM_BOT bot already started
2025-06-02 09:50:54 [INFO] TagBot - Новое сообщение от пользователя: andrey.sanzharov@lukoil.com = {hgh}
2025-06-02 09:50:56 [INFO] TagBot - Новое сообщение от пользователя: andrey.sanzharov@lukoil.com = {jh}
2025-06-02 09:50:56 [INFO] TagBot - Ответ сохранен: Пользователь andrey.sanzharov@lukoil.com ввел: jh

2025-06-02 09:50:58 [INFO] TagBot - Новое сообщение от пользователя: andrey.sanzharov@lukoil.com = {kjh}
2025-06-02 09:51:16 [INFO] ru.mail.im.botapi.BotLogger - IM_BOT bot successfully started
2025-06-02 09:51:16 [INFO] TagBot - Бот запускается...
2025-06-02 09:51:16 [INFO] ru.mail.im.botapi.BotLogger - IM_BOT bot already started
2025-06-02 09:53:52 [INFO] ru.mail.im.botapi.BotLogger - IM_BOT bot successfully started
2025-06-02 09:53:52 [INFO] TagBot - Бот запускается...
2025-06-02 09:53:52 [INFO] ru.mail.im.botapi.BotLogger - IM_BOT bot already started
2025-06-02 09:54:07 [INFO] TagBot - Новое сообщение от пользователя: andrey.sanzharov@lukoil.com = {kjb}
2025-06-02 09:54:19 [INFO] ru.mail.im.botapi.BotLogger - IM_BOT bot successfully started
2025-06-02 09:54:19 [INFO] TagBot - Бот запускается...
2025-06-02 09:54:19 [INFO] ru.mail.im.botapi.BotLogger - IM_BOT bot already started
2025-06-02 09:54:23 [INFO] TagBot - Новое сообщение от пользователя: andrey.sanzharov@lukoil.com = {yuhj}
2025-06-02 09:54:25 [INFO] TagBot - Новое сообщение от пользователя: andrey.sanzharov@lukoil.com = {g}
2025-06-02 09:54:42 [INFO] ru.mail.im.botapi.BotLogger - IM_BOT bot successfully started
2025-06-02 09:54:42 [INFO] TagBot - Бот запускается...
2025-06-02 09:54:42 [INFO] ru.mail.im.botapi.BotLogger - IM_BOT bot already started
2025-06-02 09:55:15 [INFO] ru.mail.im.botapi.BotLogger - IM_BOT bot successfully started
2025-06-02 09:55:15 [INFO] TagBot - Бот запускается...
2025-06-02 09:55:15 [INFO] ru.mail.im.botapi.BotLogger - IM_BOT bot already started
2025-06-02 09:55:23 [INFO] TagBot - Новое сообщение от пользователя: andrey.sanzharov@lukoil.com = {gjgj}
2025-06-02 09:55:24 [INFO] TagBot - Новое сообщение от пользователя: andrey.sanzharov@lukoil.com = {kg}
2025-06-02 09:55:26 [INFO] TagBot - Новое сообщение от пользователя: andrey.sanzharov@lukoil.com = {gj}
2025-06-02 09:55:37 [INFO] ru.mail.im.botapi.BotLogger - IM_BOT bot successfully started
2025-06-02 09:55:37 [INFO] TagBot - Бот запускается...
2025-06-02 09:55:37 [INFO] ru.mail.im.botapi.BotLogger - IM_BOT bot already started
2025-06-02 09:55:47 [INFO] TagBot - Новое сообщение от пользователя: andrey.sanzharov@lukoil.com = {hjhj}
2025-06-02 09:55:48 [INFO] TagBot - Новое сообщение от пользователя: andrey.sanzharov@lukoil.com = {hj}
2025-06-02 09:56:00 [INFO] ru.mail.im.botapi.BotLogger - IM_BOT bot successfully started
2025-06-02 09:56:00 [INFO] TagBot - Бот запускается...
2025-06-02 09:56:00 [INFO] ru.mail.im.botapi.BotLogger - IM_BOT bot already started
2025-06-02 09:56:06 [INFO] TagBot - Новое сообщение от пользователя: andrey.sanzharov@lukoil.com = {gj}
2025-06-02 09:56:07 [INFO] TagBot - Новое сообщение от пользователя: andrey.sanzharov@lukoil.com = {hj}
2025-06-02 09:56:37 [INFO] ru.mail.im.botapi.BotLogger - IM_BOT bot successfully started
2025-06-02 09:56:37 [INFO] TagBot - Бот запускается...
2025-06-02 09:56:37 [INFO] ru.mail.im.botapi.BotLogger - IM_BOT bot already started
2025-06-02 09:56:39 [INFO] TagBot - Новое сообщение от пользователя: andrey.sanzharov@lukoil.com = {ghgh}
2025-06-02 09:56:41 [INFO] TagBot - Новое сообщение от пользователя: andrey.sanzharov@lukoil.com = {hj}
2025-06-02 09:56:53 [INFO] ru.mail.im.botapi.BotLogger - IM_BOT bot successfully started
2025-06-02 09:56:53 [INFO] TagBot - Бот запускается...
2025-06-02 09:56:53 [INFO] ru.mail.im.botapi.BotLogger - IM_BOT bot already started
2025-06-02 09:56:59 [INFO] TagBot - Новое сообщение от пользователя: andrey.sanzharov@lukoil.com = {ghg\}
2025-06-02 09:57:00 [INFO] TagBot - Новое сообщение от пользователя: andrey.sanzharov@lukoil.com = {gh}
2025-06-02 09:57:00 [INFO] TagBot - Пользователь ввел текстовое сообщение: "gh" | chatId: andrey.sanzharov@lukoil.com
2025-06-02 09:57:02 [INFO] TagBot - Новое сообщение от пользователя: andrey.sanzharov@lukoil.com = {gj}
2025-06-02 09:57:02 [INFO] TagBot - Пользователь ввел текстовое сообщение: "gj" | chatId: andrey.sanzharov@lukoil.com
2025-06-02 09:57:03 [INFO] TagBot - Новое сообщение от пользователя: andrey.sanzharov@lukoil.com = {gj}
2025-06-02 09:57:03 [INFO] TagBot - Пользователь ввел текстовое сообщение: "gj" | chatId: andrey.sanzharov@lukoil.com
2025-06-02 09:57:23 [INFO] ru.mail.im.botapi.BotLogger - IM_BOT bot successfully started
2025-06-02 09:57:23 [INFO] TagBot - Бот запускается...
2025-06-02 09:57:23 [INFO] ru.mail.im.botapi.BotLogger - IM_BOT bot already started
2025-06-02 09:57:51 [INFO] TagBot - Новое сообщение от пользователя: andrey.sanzharov@lukoil.com = {ghgh}
2025-06-02 09:57:53 [INFO] TagBot - Новое сообщение от пользователя: andrey.sanzharov@lukoil.com = {gh}
2025-06-02 09:57:53 [INFO] TagBot - Пользователь ввел текстовое сообщение: "gh" | chatId: andrey.sanzharov@lukoil.com
2025-06-02 09:58:34 [INFO] ru.mail.im.botapi.BotLogger - IM_BOT bot successfully started
2025-06-02 09:58:34 [INFO] TagBot - Бот запускается...
2025-06-02 09:58:34 [INFO] ru.mail.im.botapi.BotLogger - IM_BOT bot already started
2025-06-02 09:58:35 [INFO] TagBot - Новое сообщение от пользователя: andrey.sanzharov@lukoil.com = {jhkb}
2025-06-02 09:58:36 [INFO] TagBot - Новое сообщение от пользователя: andrey.sanzharov@lukoil.com = {h}
2025-06-02 09:58:40 [INFO] TagBot - Новое сообщение от пользователя: andrey.sanzharov@lukoil.com = {g'}
2025-06-02 09:59:01 [INFO] ru.mail.im.botapi.BotLogger - IM_BOT bot successfully started
2025-06-02 09:59:01 [INFO] TagBot - Бот запускается...
2025-06-02 09:59:01 [INFO] ru.mail.im.botapi.BotLogger - IM_BOT bot already started
2025-06-02 10:00:32 [INFO] TagBot - Новое сообщение от пользователя: andrey.sanzharov@lukoil.com = {hj}
2025-06-02 10:00:46 [INFO] ru.mail.im.botapi.BotLogger - IM_BOT bot successfully started
2025-06-02 10:00:46 [INFO] TagBot - Бот запускается...
2025-06-02 10:00:46 [INFO] ru.mail.im.botapi.BotLogger - IM_BOT bot already started
2025-06-02 10:00:57 [INFO] TagBot - Новое сообщение от пользователя: andrey.sanzharov@lukoil.com = {j}
2025-06-02 10:00:59 [INFO] TagBot - Новое сообщение от пользователя: andrey.sanzharov@lukoil.com = {j}
2025-06-02 10:00:59 [INFO] TagBot - Ответ сохранен: Пользователь andrey.sanzharov@lukoil.com ввел: j

2025-06-02 10:01:02 [INFO] TagBot - Новое сообщение от пользователя: andrey.sanzharov@lukoil.com = {j}
2025-06-02 10:01:02 [INFO] TagBot - Ответ сохранен: Пользователь andrey.sanzharov@lukoil.com ввел: j

2025-06-02 10:26:54 [INFO] ru.mail.im.botapi.BotLogger - IM_BOT bot successfully started
2025-06-02 10:26:54 [INFO] TagBot - Бот запускается...
2025-06-02 10:26:54 [INFO] ru.mail.im.botapi.BotLogger - IM_BOT bot already started
2025-06-02 10:26:58 [INFO] TagBot - Новое сообщение от пользователя: andrey.sanzharov@lukoil.com = {hj}
2025-06-02 10:26:59 [INFO] TagBot - Новое сообщение от пользователя: andrey.sanzharov@lukoil.com = {hj}
2025-06-02 10:27:01 [INFO] TagBot - Новое сообщение от пользователя: andrey.sanzharov@lukoil.com = {jk}
2025-06-02 10:36:48 [INFO] ru.mail.im.botapi.BotLogger - IM_BOT bot successfully started
2025-06-02 10:36:48 [INFO] TagBot - Бот запускается...
2025-06-02 10:36:48 [INFO] ru.mail.im.botapi.BotLogger - IM_BOT bot already started
2025-06-02 10:36:48 [INFO] TagBot - Бот запустился
2025-06-02 10:37:12 [INFO] TagBot - Новое сообщение от пользователя: andrey.sanzharov@lukoil.com = {4}
2025-06-02 10:37:14 [INFO] TagBot - Новое сообщение от пользователя: andrey.sanzharov@lukoil.com = {4}
2025-06-02 10:37:14 [INFO] TagBot - Пользователь написал сообщение: 4
2025-06-02 10:37:16 [INFO] TagBot - Новое сообщение от пользователя: andrey.sanzharov@lukoil.com = {4}
2025-06-02 10:37:16 [INFO] TagBot - Пользователь написал сообщение: 4
2025-06-02 10:37:28 [INFO] ru.mail.im.botapi.BotLogger - IM_BOT bot successfully started
2025-06-02 10:37:28 [INFO] TagBot - Бот запускается...
2025-06-02 10:37:28 [INFO] ru.mail.im.botapi.BotLogger - IM_BOT bot already started
2025-06-02 10:37:28 [INFO] TagBot - Бот запустился.
2025-06-02 10:37:33 [INFO] TagBot - Новое сообщение от пользователя: andrey.sanzharov@lukoil.com = {12}
2025-06-02 10:37:35 [INFO] TagBot - Новое сообщение от пользователя: andrey.sanzharov@lukoil.com = {2}
2025-06-02 10:37:35 [INFO] TagBot - Пользователь написал сообщение: 2
2025-06-02 10:37:37 [INFO] TagBot - Новое сообщение от пользователя: andrey.sanzharov@lukoil.com = {1}
2025-06-02 10:37:37 [INFO] TagBot - Пользователь написал сообщение: 1
2025-06-02 10:39:08 [INFO] ru.mail.im.botapi.BotLogger - IM_BOT bot successfully started
2025-06-02 10:39:08 [INFO] TagBot - Бот запускается...
2025-06-02 10:39:08 [INFO] ru.mail.im.botapi.BotLogger - IM_BOT bot already started
2025-06-02 10:39:08 [INFO] TagBot - Бот запустился.
2025-06-02 10:39:12 [INFO] TagBot - Новое сообщение от пользователя: andrey.sanzharov@lukoil.com = {g}
2025-06-02 10:39:14 [INFO] TagBot - Новое сообщение от пользователя: andrey.sanzharov@lukoil.com = {h}
2025-06-02 10:39:14 [INFO] TagBot - Пользователь ввел имя сотрудника: "h" | chatId: andrey.sanzharov@lukoil.com
2025-06-02 10:39:15 [INFO] TagBot - Введено ФИО неверного формата
2025-06-02 10:43:00 [INFO] ru.mail.im.botapi.BotLogger - IM_BOT bot successfully started
2025-06-02 10:43:00 [INFO] TagBot - Бот запускается...
2025-06-02 10:43:00 [INFO] ru.mail.im.botapi.BotLogger - IM_BOT bot already started
2025-06-02 10:43:00 [INFO] TagBot - Бот запустился.
2025-06-02 10:43:03 [INFO] TagBot - Новое сообщение от пользователя: andrey.sanzharov@lukoil.com = {jkh}
2025-06-02 10:43:09 [INFO] TagBot - Новое сообщение от пользователя: andrey.sanzharov@lukoil.com = {hg}
2025-06-02 10:44:03 [INFO] ru.mail.im.botapi.BotLogger - IM_BOT bot successfully started
2025-06-02 10:44:03 [INFO] TagBot - Бот запускается...
2025-06-02 10:44:03 [INFO] ru.mail.im.botapi.BotLogger - IM_BOT bot already started
2025-06-02 10:44:03 [INFO] TagBot - Бот запустился.
2025-06-02 10:44:08 [INFO] TagBot - Новое сообщение от пользователя: andrey.sanzharov@lukoil.com = {kjh}
2025-06-02 10:44:14 [INFO] TagBot - Новое сообщение от пользователя: andrey.sanzharov@lukoil.com = {hg}
2025-06-02 10:44:14 [INFO] TagBot - Пользователь написал сообщение: hg
2025-06-02 10:46:34 [INFO] ru.mail.im.botapi.BotLogger - IM_BOT bot successfully started
2025-06-02 10:46:34 [INFO] TagBot - Бот запускается...
2025-06-02 10:46:34 [INFO] ru.mail.im.botapi.BotLogger - IM_BOT bot already started
2025-06-02 10:46:34 [INFO] TagBot - Бот запустился.
2025-06-02 10:46:39 [INFO] TagBot - Новое сообщение от пользователя: andrey.sanzharov@lukoil.com = {роп}
2025-06-02 10:46:44 [INFO] TagBot - Новое сообщение от пользователя: andrey.sanzharov@lukoil.com = {ло}
2025-06-02 10:46:44 [INFO] TagBot - Пользователь написал сообщение: ло
2025-06-02 10:49:49 [INFO] ru.mail.im.botapi.BotLogger - IM_BOT bot successfully started
2025-06-02 10:49:49 [INFO] TagBot - Бот запускается...
2025-06-02 10:49:49 [INFO] ru.mail.im.botapi.BotLogger - IM_BOT bot already started
2025-06-02 10:49:49 [INFO] TagBot - Бот запустился.
2025-06-02 10:49:58 [INFO] TagBot - Новое сообщение от пользователя: andrey.sanzharov@lukoil.com = {h}
2025-06-02 10:50:05 [INFO] TagBot - Новое сообщение от пользователя: andrey.sanzharov@lukoil.com = {fh}
2025-06-02 10:50:05 [INFO] TagBot - Пользователь написал сообщение: fh
2025-06-02 10:50:15 [INFO] ru.mail.im.botapi.BotLogger - IM_BOT bot successfully started
2025-06-02 10:50:15 [INFO] TagBot - Бот запускается...
2025-06-02 10:50:15 [INFO] ru.mail.im.botapi.BotLogger - IM_BOT bot already started
2025-06-02 10:50:15 [INFO] TagBot - Бот запустился.
2025-06-02 10:50:20 [INFO] TagBot - Новое сообщение от пользователя: andrey.sanzharov@lukoil.com = {hg}
2025-06-02 10:50:27 [INFO] TagBot - Новое сообщение от пользователя: andrey.sanzharov@lukoil.com = {hhj}
2025-06-02 10:50:27 [INFO] TagBot - Пользователь написал сообщение: hhj
2025-06-02 10:51:17 [INFO] ru.mail.im.botapi.BotLogger - IM_BOT bot successfully started
2025-06-02 10:51:17 [INFO] TagBot - Бот запускается...
2025-06-02 10:51:17 [INFO] ru.mail.im.botapi.BotLogger - IM_BOT bot already started
2025-06-02 10:51:17 [INFO] TagBot - Бот запустился.
2025-06-02 10:51:17 [INFO] TagBot - Новое сообщение от пользователя: andrey.sanzharov@lukoil.com = {ghgh}
2025-06-02 10:51:19 [INFO] TagBot - Новое сообщение от пользователя: andrey.sanzharov@lukoil.com = {fgfg}
2025-06-02 10:51:28 [INFO] TagBot - Новое сообщение от пользователя: andrey.sanzharov@lukoil.com = {ghgh}
2025-06-02 10:51:28 [INFO] TagBot - Пользователь написал сообщение: ghgh
2025-06-02 10:51:35 [INFO] TagBot - Новое сообщение от пользователя: andrey.sanzharov@lukoil.com = {jkjk}
2025-06-02 10:52:22 [INFO] ru.mail.im.botapi.BotLogger - IM_BOT bot successfully started
2025-06-02 10:52:22 [INFO] TagBot - Бот запускается...
2025-06-02 10:52:22 [INFO] ru.mail.im.botapi.BotLogger - IM_BOT bot already started
2025-06-02 10:52:22 [INFO] TagBot - Бот запустился.
2025-06-02 10:52:28 [INFO] TagBot - Новое сообщение от пользователя: andrey.sanzharov@lukoil.com = {др}
2025-06-02 10:52:35 [INFO] TagBot - Новое сообщение от пользователя: andrey.sanzharov@lukoil.com = {лгрп}
2025-06-02 10:52:35 [INFO] TagBot - Пользователь написал сообщение: лгрп
2025-06-02 10:52:41 [INFO] TagBot - Новое сообщение от пользователя: andrey.sanzharov@lukoil.com = {ор}
2025-06-02 10:53:30 [INFO] ru.mail.im.botapi.BotLogger - IM_BOT bot successfully started
2025-06-02 10:53:30 [INFO] TagBot - Бот запускается...
2025-06-02 10:53:30 [INFO] ru.mail.im.botapi.BotLogger - IM_BOT bot already started
2025-06-02 10:53:30 [INFO] TagBot - Бот запустился.
2025-06-02 10:53:37 [INFO] TagBot - Новое сообщение от пользователя: andrey.sanzharov@lukoil.com = {пр}
2025-06-02 10:53:43 [INFO] TagBot - Новое сообщение от пользователя: andrey.sanzharov@lukoil.com = {арп}
2025-06-02 10:53:43 [INFO] TagBot - Пользователь написал сообщение: арп
2025-06-02 10:53:46 [INFO] TagBot - Новое сообщение от пользователя: andrey.sanzharov@lukoil.com = {ьть}
2025-06-02 10:56:22 [INFO] ru.mail.im.botapi.BotLogger - IM_BOT bot successfully started
2025-06-02 10:56:22 [INFO] TagBot - Бот запускается...
2025-06-02 10:56:22 [INFO] ru.mail.im.botapi.BotLogger - IM_BOT bot already started
2025-06-02 10:56:22 [INFO] TagBot - Бот запустился.
2025-06-02 10:56:27 [INFO] TagBot - Новое сообщение от пользователя: andrey.sanzharov@lukoil.com = {kjh}
2025-06-02 10:56:39 [INFO] TagBot - Новое сообщение от пользователя: andrey.sanzharov@lukoil.com = {,}
2025-06-02 10:56:39 [INFO] TagBot - Пользователь написал сообщение: ,
2025-06-02 10:56:41 [INFO] TagBot - Диалог завершен для пользователя: andrey.sanzharov@lukoil.com
2025-06-02 11:04:52 [INFO] ru.mail.im.botapi.BotLogger - IM_BOT bot successfully started
2025-06-02 11:04:52 [INFO] TagBot - Бот запускается...
2025-06-02 11:04:52 [INFO] ru.mail.im.botapi.BotLogger - IM_BOT bot already started
2025-06-02 11:04:52 [INFO] TagBot - Бот запустился.
2025-06-02 11:04:54 [INFO] TagBot - Новое сообщение от пользователя: andrey.sanzharov@lukoil.com = {ghj}
2025-06-02 11:04:56 [INFO] TagBot - Callback от пользователя: andrey.sanzharov@lukoil.com| Кнопка: Зарегистрировать обращение
2025-06-02 11:04:56 [INFO] TagBot - Переход к следующему узлу для пользователя: andrey.sanzharov@lukoil.com
2025-06-02 11:04:58 [INFO] TagBot - Callback от пользователя: andrey.sanzharov@lukoil.com| Кнопка: Не работает телефон
2025-06-02 11:04:58 [INFO] TagBot - Переход к следующему узлу для пользователя: andrey.sanzharov@lukoil.com
2025-06-02 11:04:59 [INFO] TagBot - Callback от пользователя: andrey.sanzharov@lukoil.com| Кнопка: От имени другого сотрудника.
2025-06-02 11:04:59 [INFO] TagBot - Переход к следующему узлу для пользователя: andrey.sanzharov@lukoil.com
2025-06-02 11:05:01 [INFO] TagBot - Новое сообщение от пользователя: andrey.sanzharov@lukoil.com = {kjg}
2025-06-02 11:05:01 [INFO] TagBot - Пользователь написал сообщение: kjg
2025-06-02 11:05:02 [INFO] TagBot - Callback от пользователя: andrey.sanzharov@lukoil.com| Кнопка: кнопка
2025-06-02 11:05:03 [INFO] TagBot - Диалог завершен для пользователя: andrey.sanzharov@lukoil.com
2025-06-02 11:13:36 [INFO] TagBot - Бот запускается...
2025-06-02 11:13:36 [INFO] ru.mail.im.botapi.BotLogger - IM_BOT bot successfully started
2025-06-02 11:13:36 [INFO] ru.mail.im.botapi.BotLogger - IM_BOT bot already started
2025-06-02 11:13:36 [INFO] TagBot - Бот запустился.
2025-06-02 11:13:47 [INFO] org.example.TagBot.EventHandler - Новое сообщение от пользователя: andrey.sanzharov@lukoil.com = {ghj}
2025-06-02 11:13:47 [ERROR] org.example.TagBot.EventHandler - Ошибка при обработке сообщения: Cannot invoke "ru.mail.im.botapi.BotApiClient.messages()" because "this.client" is null
2025-06-02 11:13:47 [INFO] org.example.TagBot.EventHandler - Новое сообщение от пользователя: andrey.sanzharov@lukoil.com = {ghj}
2025-06-02 11:15:09 [INFO] TagBot - Бот запускается...
2025-06-02 11:15:09 [INFO] ru.mail.im.botapi.BotLogger - IM_BOT bot successfully started
2025-06-02 11:15:09 [INFO] ru.mail.im.botapi.BotLogger - IM_BOT bot already started
2025-06-02 11:15:09 [INFO] TagBot - Бот запустился.
2025-06-02 11:15:14 [INFO] org.example.TagBot.EventHandler - Новое сообщение от пользователя: andrey.sanzharov@lukoil.com = {gh}
2025-06-02 11:15:15 [INFO] org.example.TagBot.EventHandler - Callback от пользователя: andrey.sanzharov@lukoil.com| Кнопка: Зарегистрировать обращение
2025-06-02 11:15:15 [INFO] org.example.TagBot.UserStateManager - Переход к следующему узлу для пользователя: andrey.sanzharov@lukoil.com
2025-06-02 11:15:17 [INFO] org.example.TagBot.EventHandler - Callback от пользователя: andrey.sanzharov@lukoil.com| Кнопка: Не работает телефон
2025-06-02 11:15:17 [INFO] org.example.TagBot.UserStateManager - Переход к следующему узлу для пользователя: andrey.sanzharov@lukoil.com
2025-06-02 11:15:19 [INFO] org.example.TagBot.EventHandler - Callback от пользователя: andrey.sanzharov@lukoil.com| Кнопка: От себя
2025-06-02 11:15:19 [INFO] org.example.TagBot.UserStateManager - Диалог завершен для пользователя: andrey.sanzharov@lukoil.com
2025-06-02 11:15:22 [INFO] org.example.TagBot.EventHandler - Новое сообщение от пользователя: andrey.sanzharov@lukoil.com = {hj}
2025-06-02 11:15:23 [INFO] org.example.TagBot.EventHandler - Callback от пользователя: andrey.sanzharov@lukoil.com| Кнопка: Зарегистрировать обращение
2025-06-02 11:15:23 [INFO] org.example.TagBot.UserStateManager - Переход к следующему узлу для пользователя: andrey.sanzharov@lukoil.com
2025-06-02 11:15:26 [INFO] org.example.TagBot.EventHandler - Callback от пользователя: andrey.sanzharov@lukoil.com| Кнопка: Не работает телефон
2025-06-02 11:15:26 [INFO] org.example.TagBot.UserStateManager - Переход к следующему узлу для пользователя: andrey.sanzharov@lukoil.com
2025-06-02 11:15:27 [INFO] org.example.TagBot.EventHandler - Callback от пользователя: andrey.sanzharov@lukoil.com| Кнопка: От имени другого сотрудника.
2025-06-02 11:15:27 [INFO] org.example.TagBot.UserStateManager - Переход к следующему узлу для пользователя: andrey.sanzharov@lukoil.com
2025-06-02 11:15:29 [INFO] org.example.TagBot.EventHandler - Новое сообщение от пользователя: andrey.sanzharov@lukoil.com = {hjhj}
2025-06-02 11:15:29 [INFO] org.example.TagBot.UserStateManager - Пользователь написал сообщение: hjhj
2025-06-02 11:15:30 [INFO] org.example.TagBot.EventHandler - Callback от пользователя: andrey.sanzharov@lukoil.com| Кнопка: кнопка
2025-06-02 11:15:30 [INFO] org.example.TagBot.UserStateManager - Диалог завершен для пользователя: andrey.sanzharov@lukoil.com
2025-06-02 11:15:32 [INFO] org.example.TagBot.EventHandler - Новое сообщение от пользователя: andrey.sanzharov@lukoil.com = {jk}
2025-06-02 11:15:33 [INFO] org.example.TagBot.EventHandler - Callback от пользователя: andrey.sanzharov@lukoil.com| Кнопка: Зарегистрировать обращение
2025-06-02 11:15:33 [INFO] org.example.TagBot.UserStateManager - Переход к следующему узлу для пользователя: andrey.sanzharov@lukoil.com
2025-06-02 11:15:35 [INFO] org.example.TagBot.EventHandler - Callback от пользователя: andrey.sanzharov@lukoil.com| Кнопка: Не работает электронная почта
2025-06-02 11:15:35 [INFO] org.example.TagBot.UserStateManager - Диалог завершен для пользователя: andrey.sanzharov@lukoil.com
2025-06-02 11:17:04 [INFO] org.example.TagBot.TagBotApplication - Бот запускается...
2025-06-02 11:17:04 [INFO] ru.mail.im.botapi.BotLogger - IM_BOT bot successfully started
2025-06-02 11:17:04 [INFO] ru.mail.im.botapi.BotLogger - IM_BOT bot already started
2025-06-02 11:17:04 [INFO] org.example.TagBot.TagBotApplication - Бот запустился.
2025-06-02 11:17:08 [INFO] org.example.TagBot.EventHandler - Новое сообщение от пользователя: andrey.sanzharov@lukoil.com = {hj}
2025-06-02 11:17:10 [INFO] org.example.TagBot.EventHandler - Callback от пользователя: andrey.sanzharov@lukoil.com| Кнопка: Зарегистрировать обращение
2025-06-02 11:17:10 [INFO] org.example.TagBot.UserStateManager - Переход к следующему узлу для пользователя: andrey.sanzharov@lukoil.com
2025-06-02 11:17:11 [INFO] org.example.TagBot.EventHandler - Callback от пользователя: andrey.sanzharov@lukoil.com| Кнопка: Не работает телефон
2025-06-02 11:17:11 [INFO] org.example.TagBot.UserStateManager - Переход к следующему узлу для пользователя: andrey.sanzharov@lukoil.com
2025-06-02 11:17:12 [INFO] org.example.TagBot.EventHandler - Callback от пользователя: andrey.sanzharov@lukoil.com| Кнопка: От себя
2025-06-02 11:17:12 [INFO] org.example.TagBot.UserStateManager - Диалог завершен для пользователя: andrey.sanzharov@lukoil.com
2025-06-02 11:17:15 [INFO] org.example.TagBot.EventHandler - Callback от пользователя: andrey.sanzharov@lukoil.com| Кнопка: От имени другого сотрудника.
2025-06-02 11:17:15 [WARN] org.example.TagBot.UserStateManager - Нет состояния для пользователя: andrey.sanzharov@lukoil.com
2025-06-02 11:17:20 [INFO] org.example.TagBot.TagBotApplication - Бот запускается...
2025-06-02 11:17:21 [INFO] ru.mail.im.botapi.BotLogger - IM_BOT bot successfully started
2025-06-02 11:17:21 [INFO] ru.mail.im.botapi.BotLogger - IM_BOT bot already started
2025-06-02 11:17:21 [INFO] org.example.TagBot.TagBotApplication - Бот запустился.
2025-06-02 11:17:24 [INFO] org.example.TagBot.EventHandler - Новое сообщение от пользователя: andrey.sanzharov@lukoil.com = {h}
2025-06-02 11:17:25 [INFO] org.example.TagBot.EventHandler - Callback от пользователя: andrey.sanzharov@lukoil.com| Кнопка: Зарегистрировать обращение
2025-06-02 11:17:25 [INFO] org.example.TagBot.UserStateManager - Переход к следующему узлу для пользователя: andrey.sanzharov@lukoil.com
2025-06-02 11:17:26 [INFO] org.example.TagBot.EventHandler - Callback от пользователя: andrey.sanzharov@lukoil.com| Кнопка: Не работает телефон
2025-06-02 11:17:26 [INFO] org.example.TagBot.UserStateManager - Переход к следующему узлу для пользователя: andrey.sanzharov@lukoil.com
2025-06-02 11:17:27 [INFO] org.example.TagBot.EventHandler - Callback от пользователя: andrey.sanzharov@lukoil.com| Кнопка: От имени другого сотрудника.
2025-06-02 11:17:27 [INFO] org.example.TagBot.UserStateManager - Переход к следующему узлу для пользователя: andrey.sanzharov@lukoil.com
2025-06-02 11:17:29 [INFO] org.example.TagBot.EventHandler - Новое сообщение от пользователя: andrey.sanzharov@lukoil.com = {gh}
2025-06-02 11:17:29 [INFO] org.example.TagBot.UserStateManager - Пользователь написал сообщение: gh
2025-06-02 11:17:31 [INFO] org.example.TagBot.EventHandler - Callback от пользователя: andrey.sanzharov@lukoil.com| Кнопка: кнопка
2025-06-02 11:17:31 [INFO] org.example.TagBot.UserStateManager - Диалог завершен для пользователя: andrey.sanzharov@lukoil.com
2025-06-02 11:28:32 [INFO] org.example.TagBot.TagBotApplication - Бот запускается...
2025-06-02 11:28:32 [INFO] ru.mail.im.botapi.BotLogger - IM_BOT bot successfully started
2025-06-02 11:28:32 [INFO] ru.mail.im.botapi.BotLogger - IM_BOT bot already started
2025-06-02 11:28:32 [INFO] org.example.TagBot.TagBotApplication - Бот запустился.
2025-06-02 11:28:36 [INFO] org.example.TagBot.EventHandler - Новое сообщение от пользователя: andrey.sanzharov@lukoil.com = {ghhg}
2025-06-02 11:28:39 [INFO] org.example.TagBot.EventHandler - Callback от пользователя: andrey.sanzharov@lukoil.com| Кнопка: Зарегистрировать обращение
2025-06-02 11:28:39 [INFO] org.example.TagBot.UserStateManager - Переход к следующему узлу для пользователя: andrey.sanzharov@lukoil.com
2025-06-02 11:28:42 [INFO] org.example.TagBot.EventHandler - Callback от пользователя: andrey.sanzharov@lukoil.com| Кнопка: Не работает телефон
2025-06-02 11:28:42 [INFO] org.example.TagBot.UserStateManager - Переход к следующему узлу для пользователя: andrey.sanzharov@lukoil.com
2025-06-02 11:28:43 [INFO] org.example.TagBot.EventHandler - Callback от пользователя: andrey.sanzharov@lukoil.com| Кнопка: От имени другого сотрудника.
2025-06-02 11:28:43 [INFO] org.example.TagBot.UserStateManager - Переход к следующему узлу для пользователя: andrey.sanzharov@lukoil.com
2025-06-02 11:28:45 [INFO] org.example.TagBot.EventHandler - Новое сообщение от пользователя: andrey.sanzharov@lukoil.com = {bb}
2025-06-02 11:28:45 [INFO] org.example.TagBot.UserStateManager - Пользователь написал сообщение: bb
2025-06-02 11:28:47 [INFO] org.example.TagBot.EventHandler - Callback от пользователя: andrey.sanzharov@lukoil.com| Кнопка: кнопка
2025-06-02 11:28:47 [INFO] org.example.TagBot.UserStateManager - Диалог завершен для пользователя: andrey.sanzharov@lukoil.com
2025-06-02 11:30:07 [INFO] org.example.TagBot.TagBotApplication - Бот запускается...
2025-06-02 11:30:07 [INFO] ru.mail.im.botapi.BotLogger - IM_BOT bot successfully started
2025-06-02 11:30:07 [INFO] ru.mail.im.botapi.BotLogger - IM_BOT bot already started
2025-06-02 11:30:07 [INFO] org.example.TagBot.TagBotApplication - Бот запустился.
2025-06-02 11:30:12 [INFO] org.example.TagBot.EventHandler - Новое сообщение от пользователя: andrey.sanzharov@lukoil.com = {ghg}
2025-06-02 11:30:15 [INFO] org.example.TagBot.EventHandler - Callback от пользователя: andrey.sanzharov@lukoil.com| Кнопка: Зарегистрировать обращение
2025-06-02 11:30:15 [INFO] org.example.TagBot.UserStateManager - Переход к следующему узлу для пользователя: andrey.sanzharov@lukoil.com
2025-06-02 11:30:17 [INFO] org.example.TagBot.EventHandler - Callback от пользователя: andrey.sanzharov@lukoil.com| Кнопка: Не работает телефон
2025-06-02 11:30:17 [INFO] org.example.TagBot.UserStateManager - Переход к следующему узлу для пользователя: andrey.sanzharov@lukoil.com
2025-06-02 11:30:19 [INFO] org.example.TagBot.EventHandler - Callback от пользователя: andrey.sanzharov@lukoil.com| Кнопка: От имени другого сотрудника.
2025-06-02 11:30:19 [INFO] org.example.TagBot.UserStateManager - Переход к следующему узлу для пользователя: andrey.sanzharov@lukoil.com
2025-06-02 11:30:21 [INFO] org.example.TagBot.EventHandler - Новое сообщение от пользователя: andrey.sanzharov@lukoil.com = {gffg}
2025-06-02 11:30:21 [INFO] org.example.TagBot.UserStateManager - Пользователь написал сообщение: gffg
2025-06-02 11:30:23 [INFO] org.example.TagBot.EventHandler - Callback от пользователя: andrey.sanzharov@lukoil.com| Кнопка: кнопка
2025-06-02 11:30:23 [INFO] org.example.TagBot.UserStateManager - Диалог завершен для пользователя: andrey.sanzharov@lukoil.com
2025-06-02 11:30:23 [INFO] org.example.TagBot.EventHandler - Callback от пользователя: andrey.sanzharov@lukoil.com| Кнопка: кнопка
2025-06-02 11:30:23 [INFO] org.example.TagBot.UserStateManager - Диалог завершен для пользователя: andrey.sanzharov@lukoil.com
2025-06-02 11:30:23 [INFO] org.example.TagBot.EventHandler - Callback от пользователя: andrey.sanzharov@lukoil.com| Кнопка: кнопка
2025-06-02 11:30:24 [INFO] org.example.TagBot.UserStateManager - Диалог завершен для пользователя: andrey.sanzharov@lukoil.com
2025-06-02 11:30:24 [INFO] org.example.TagBot.EventHandler - Callback от пользователя: andrey.sanzharov@lukoil.com| Кнопка: кнопка
2025-06-02 11:30:24 [INFO] org.example.TagBot.UserStateManager - Диалог завершен для пользователя: andrey.sanzharov@lukoil.com
2025-06-02 11:30:25 [INFO] org.example.TagBot.EventHandler - Callback от пользователя: andrey.sanzharov@lukoil.com| Кнопка: кнопка
2025-06-02 11:30:25 [INFO] org.example.TagBot.UserStateManager - Диалог завершен для пользователя: andrey.sanzharov@lukoil.com
2025-06-02 11:30:27 [INFO] org.example.TagBot.EventHandler - Callback от пользователя: andrey.sanzharov@lukoil.com| Кнопка: кнопка
2025-06-02 11:30:27 [INFO] org.example.TagBot.UserStateManager - Диалог завершен для пользователя: andrey.sanzharov@lukoil.com
2025-06-02 11:30:53 [INFO] org.example.TagBot.TagBotApplication - Бот запускается...
2025-06-02 11:30:53 [INFO] ru.mail.im.botapi.BotLogger - IM_BOT bot successfully started
2025-06-02 11:30:53 [INFO] ru.mail.im.botapi.BotLogger - IM_BOT bot already started
2025-06-02 11:30:53 [INFO] org.example.TagBot.TagBotApplication - Бот запустился.
2025-06-02 11:30:53 [INFO] org.example.TagBot.EventHandler - Callback от пользователя: andrey.sanzharov@lukoil.com| Кнопка: кнопка
2025-06-02 11:30:53 [WARN] org.example.TagBot.UserStateManager - Нет состояния для пользователя: andrey.sanzharov@lukoil.com
2025-06-02 11:44:20 [INFO] org.example.TagBot.TagBotApplication - Бот запускается...
2025-06-02 11:44:20 [INFO] ru.mail.im.botapi.BotLogger - IM_BOT bot successfully started
2025-06-02 11:44:20 [INFO] ru.mail.im.botapi.BotLogger - IM_BOT bot already started
2025-06-02 11:44:20 [INFO] org.example.TagBot.TagBotApplication - Бот запустился.
2025-06-02 11:44:27 [INFO] org.example.TagBot.EventHandler - Новое сообщение от пользователя: andrey.sanzharov@lukoil.com = {gkgkg}
2025-06-02 11:44:29 [INFO] org.example.TagBot.EventHandler - Callback от пользователя: andrey.sanzharov@lukoil.com| Кнопка: Зарегистрировать обращение
2025-06-02 11:44:29 [INFO] org.example.TagBot.UserStateManager - Переход к следующему узлу для пользователя: andrey.sanzharov@lukoil.com
2025-06-02 11:44:31 [INFO] org.example.TagBot.EventHandler - Callback от пользователя: andrey.sanzharov@lukoil.com| Кнопка: Не работает телефон
2025-06-02 11:44:31 [INFO] org.example.TagBot.UserStateManager - Переход к следующему узлу для пользователя: andrey.sanzharov@lukoil.com
2025-06-02 11:44:35 [INFO] org.example.TagBot.EventHandler - Callback от пользователя: andrey.sanzharov@lukoil.com| Кнопка: От имени другого сотрудника.
2025-06-02 11:44:35 [INFO] org.example.TagBot.UserStateManager - Переход к следующему узлу для пользователя: andrey.sanzharov@lukoil.com
2025-06-02 11:44:38 [INFO] org.example.TagBot.EventHandler - Новое сообщение от пользователя: andrey.sanzharov@lukoil.com = {hgh}
2025-06-02 11:44:38 [INFO] org.example.TagBot.UserStateManager - Пользователь написал сообщение: hgh
2025-06-02 11:44:39 [INFO] org.example.TagBot.EventHandler - Callback от пользователя: andrey.sanzharov@lukoil.com| Кнопка: кнопка
2025-06-02 11:44:39 [INFO] org.example.TagBot.UserStateManager - Диалог завершен для пользователя: andrey.sanzharov@lukoil.com
2025-06-02 11:50:05 [INFO] org.example.TagBot.TagBotApplication - Бот запускается...
2025-06-02 11:50:05 [INFO] ru.mail.im.botapi.BotLogger - IM_BOT bot successfully started
2025-06-02 11:50:05 [INFO] ru.mail.im.botapi.BotLogger - IM_BOT bot already started
2025-06-02 11:50:05 [INFO] org.example.TagBot.TagBotApplication - Бот запустился.
2025-06-02 11:50:10 [INFO] org.example.TagBot.EventHandler - Новое сообщение от пользователя: andrey.sanzharov@lukoil.com = {jhyf}
2025-06-02 11:50:11 [INFO] org.example.TagBot.EventHandler - Callback от пользователя: andrey.sanzharov@lukoil.com| Кнопка: Зарегистрировать обращение
2025-06-02 11:50:11 [INFO] org.example.TagBot.UserStateManager - Переход к следующему узлу для пользователя: andrey.sanzharov@lukoil.com
2025-06-02 11:50:12 [INFO] org.example.TagBot.EventHandler - Callback от пользователя: andrey.sanzharov@lukoil.com| Кнопка: Не работает телефон
2025-06-02 11:50:12 [INFO] org.example.TagBot.UserStateManager - Переход к следующему узлу для пользователя: andrey.sanzharov@lukoil.com
2025-06-02 11:50:14 [INFO] org.example.TagBot.EventHandler - Callback от пользователя: andrey.sanzharov@lukoil.com| Кнопка: От имени другого сотрудника.
2025-06-02 11:50:14 [INFO] org.example.TagBot.UserStateManager - Переход к следующему узлу для пользователя: andrey.sanzharov@lukoil.com
2025-06-02 11:50:17 [INFO] org.example.TagBot.EventHandler - Новое сообщение от пользователя: andrey.sanzharov@lukoil.com = {ioure}
2025-06-02 11:50:17 [INFO] org.example.TagBot.UserStateManager - Пользователь написал сообщение: ioure
2025-06-02 11:50:19 [INFO] org.example.TagBot.EventHandler - Callback от пользователя: andrey.sanzharov@lukoil.com| Кнопка: кнопка
2025-06-02 11:50:19 [INFO] org.example.TagBot.UserStateManager - Диалог завершен для пользователя: andrey.sanzharov@lukoil.com
2025-06-02 11:51:12 [INFO] org.example.TagBot.TagBotApplication - Бот запускается...
2025-06-02 11:51:13 [INFO] ru.mail.im.botapi.BotLogger - IM_BOT bot successfully started
2025-06-02 11:51:13 [INFO] ru.mail.im.botapi.BotLogger - IM_BOT bot already started
2025-06-02 11:51:13 [INFO] org.example.TagBot.TagBotApplication - Бот запустился.
2025-06-02 11:51:20 [INFO] org.example.TagBot.EventHandler - Новое сообщение от пользователя: andrey.sanzharov@lukoil.com = {ghghgh}
2025-06-02 11:51:20 [INFO] org.example.TagBot.EventHandler - Callback от пользователя: andrey.sanzharov@lukoil.com| Кнопка: Зарегистрировать обращение
2025-06-02 11:51:20 [INFO] org.example.TagBot.UserStateManager - Переход к следующему узлу для пользователя: andrey.sanzharov@lukoil.com
2025-06-02 11:51:21 [INFO] org.example.TagBot.EventHandler - Callback от пользователя: andrey.sanzharov@lukoil.com| Кнопка: Не работает телефон
2025-06-02 11:51:21 [INFO] org.example.TagBot.UserStateManager - Переход к следующему узлу для пользователя: andrey.sanzharov@lukoil.com
2025-06-02 11:51:24 [INFO] org.example.TagBot.EventHandler - Callback от пользователя: andrey.sanzharov@lukoil.com| Кнопка: От себя
2025-06-02 11:51:24 [INFO] org.example.TagBot.UserStateManager - Диалог завершен для пользователя: andrey.sanzharov@lukoil.com
2025-06-02 11:51:29 [INFO] org.example.TagBot.EventHandler - Новое сообщение от пользователя: andrey.sanzharov@lukoil.com = {hj}
2025-06-02 11:51:30 [INFO] org.example.TagBot.EventHandler - Callback от пользователя: andrey.sanzharov@lukoil.com| Кнопка: Зарегистрировать обращение
2025-06-02 11:51:30 [INFO] org.example.TagBot.UserStateManager - Переход к следующему узлу для пользователя: andrey.sanzharov@lukoil.com
2025-06-02 11:51:39 [INFO] org.example.TagBot.EventHandler - Callback от пользователя: andrey.sanzharov@lukoil.com| Кнопка: Не работает телефон
2025-06-02 11:51:39 [INFO] org.example.TagBot.UserStateManager - Переход к следующему узлу для пользователя: andrey.sanzharov@lukoil.com
2025-06-02 11:51:40 [INFO] org.example.TagBot.EventHandler - Callback от пользователя: andrey.sanzharov@lukoil.com| Кнопка: От имени другого сотрудника.
2025-06-02 11:51:40 [INFO] org.example.TagBot.UserStateManager - Переход к следующему узлу для пользователя: andrey.sanzharov@lukoil.com
2025-06-02 11:51:42 [INFO] org.example.TagBot.EventHandler - Новое сообщение от пользователя: andrey.sanzharov@lukoil.com = {jhg}
2025-06-02 11:51:42 [INFO] org.example.TagBot.UserStateManager - Пользователь написал сообщение: jhg
2025-06-02 11:51:43 [INFO] org.example.TagBot.EventHandler - Callback от пользователя: andrey.sanzharov@lukoil.com| Кнопка: кнопка
2025-06-02 11:51:44 [INFO] org.example.TagBot.UserStateManager - Диалог завершен для пользователя: andrey.sanzharov@lukoil.com
2025-06-02 11:55:13 [INFO] org.example.TagBot.TagBotApplication - Бот запускается...
2025-06-02 11:55:13 [INFO] ru.mail.im.botapi.BotLogger - IM_BOT bot successfully started
2025-06-02 11:55:13 [INFO] ru.mail.im.botapi.BotLogger - IM_BOT bot already started
2025-06-02 11:55:13 [INFO] org.example.TagBot.TagBotApplication - Бот запустился.
2025-06-02 11:55:20 [INFO] org.example.TagBot.EventHandler - Новое сообщение от пользователя: andrey.sanzharov@lukoil.com = {hj}
2025-06-02 11:55:21 [INFO] org.example.TagBot.EventHandler - Callback от пользователя: andrey.sanzharov@lukoil.com| Кнопка: Зарегистрировать обращение
2025-06-02 11:55:21 [INFO] org.example.TagBot.UserStateManager - Переход к следующему узлу для пользователя: andrey.sanzharov@lukoil.com
2025-06-02 11:55:22 [INFO] org.example.TagBot.EventHandler - Callback от пользователя: andrey.sanzharov@lukoil.com| Кнопка: Не работает телефон
2025-06-02 11:55:22 [INFO] org.example.TagBot.UserStateManager - Переход к следующему узлу для пользователя: andrey.sanzharov@lukoil.com
2025-06-02 11:55:23 [INFO] org.example.TagBot.EventHandler - Callback от пользователя: andrey.sanzharov@lukoil.com| Кнопка: От себя
2025-06-02 11:55:23 [INFO] org.example.TagBot.UserStateManager - Диалог завершен для пользователя: andrey.sanzharov@lukoil.com
2025-06-02 11:56:56 [INFO] org.example.TagBot.TagBotApplication - Бот запускается...
2025-06-02 11:56:56 [INFO] ru.mail.im.botapi.BotLogger - IM_BOT bot successfully started
2025-06-02 11:56:56 [INFO] ru.mail.im.botapi.BotLogger - IM_BOT bot already started
2025-06-02 11:56:56 [INFO] org.example.TagBot.TagBotApplication - Бот запустился.
2025-06-02 11:57:11 [INFO] org.example.TagBot.EventHandler - Новое сообщение от пользователя: andrey.sanzharov@lukoil.com = {kk}
2025-06-02 11:57:13 [INFO] org.example.TagBot.EventHandler - Callback от пользователя: andrey.sanzharov@lukoil.com| Кнопка: Зарегистрировать обращение
2025-06-02 11:57:13 [INFO] org.example.TagBot.UserStateManager - Переход к следующему узлу для пользователя: andrey.sanzharov@lukoil.com
2025-06-02 11:57:14 [INFO] org.example.TagBot.EventHandler - Callback от пользователя: andrey.sanzharov@lukoil.com| Кнопка: Не работает телефон
2025-06-02 11:57:14 [INFO] org.example.TagBot.UserStateManager - Переход к следующему узлу для пользователя: andrey.sanzharov@lukoil.com
2025-06-02 11:57:15 [INFO] org.example.TagBot.EventHandler - Callback от пользователя: andrey.sanzharov@lukoil.com| Кнопка: От имени другого сотрудника.
2025-06-02 11:57:15 [INFO] org.example.TagBot.UserStateManager - Переход к следующему узлу для пользователя: andrey.sanzharov@lukoil.com
2025-06-02 11:57:17 [INFO] org.example.TagBot.EventHandler - Новое сообщение от пользователя: andrey.sanzharov@lukoil.com = {jhkj}
2025-06-02 11:57:17 [INFO] org.example.TagBot.UserStateManager - Пользователь написал сообщение: jhkj
2025-06-02 11:57:18 [INFO] org.example.TagBot.EventHandler - Callback от пользователя: andrey.sanzharov@lukoil.com| Кнопка: кнопка
2025-06-02 11:57:19 [INFO] org.example.TagBot.UserStateManager - Диалог завершен для пользователя: andrey.sanzharov@lukoil.com
2025-06-02 11:57:24 [INFO] org.example.TagBot.EventHandler - Новое сообщение от пользователя: andrey.sanzharov@lukoil.com = {lkh}
2025-06-02 11:57:26 [INFO] org.example.TagBot.EventHandler - Callback от пользователя: andrey.sanzharov@lukoil.com| Кнопка: Зарегистрировать обращение
2025-06-02 11:57:26 [INFO] org.example.TagBot.UserStateManager - Переход к следующему узлу для пользователя: andrey.sanzharov@lukoil.com
2025-06-02 11:57:27 [INFO] org.example.TagBot.EventHandler - Callback от пользователя: andrey.sanzharov@lukoil.com| Кнопка: Не работает телефон
2025-06-02 11:57:27 [INFO] org.example.TagBot.UserStateManager - Переход к следующему узлу для пользователя: andrey.sanzharov@lukoil.com
2025-06-02 11:57:28 [INFO] org.example.TagBot.EventHandler - Callback от пользователя: andrey.sanzharov@lukoil.com| Кнопка: От себя
2025-06-02 11:57:28 [INFO] org.example.TagBot.UserStateManager - Диалог завершен для пользователя: andrey.sanzharov@lukoil.com
2025-06-02 11:58:26 [INFO] org.example.TagBot.TagBotApplication - Бот запускается...
2025-06-02 11:58:26 [INFO] ru.mail.im.botapi.BotLogger - IM_BOT bot successfully started
2025-06-02 11:58:26 [INFO] ru.mail.im.botapi.BotLogger - IM_BOT bot already started
2025-06-02 11:58:26 [INFO] org.example.TagBot.TagBotApplication - Бот запустился.
2025-06-02 11:58:32 [INFO] org.example.TagBot.EventHandler - Новое сообщение от пользователя: andrey.sanzharov@lukoil.com = {ghgh}
2025-06-02 11:58:33 [INFO] org.example.TagBot.EventHandler - Callback от пользователя: andrey.sanzharov@lukoil.com| Кнопка: Зарегистрировать обращение
2025-06-02 11:58:33 [INFO] org.example.TagBot.UserStateManager - Переход к следующему узлу для пользователя: andrey.sanzharov@lukoil.com
2025-06-02 11:58:34 [INFO] org.example.TagBot.EventHandler - Callback от пользователя: andrey.sanzharov@lukoil.com| Кнопка: Не работает телефон
2025-06-02 11:58:34 [INFO] org.example.TagBot.UserStateManager - Переход к следующему узлу для пользователя: andrey.sanzharov@lukoil.com
2025-06-02 11:58:36 [INFO] org.example.TagBot.EventHandler - Callback от пользователя: andrey.sanzharov@lukoil.com| Кнопка: От имени другого сотрудника.
2025-06-02 11:58:36 [INFO] org.example.TagBot.UserStateManager - Переход к следующему узлу для пользователя: andrey.sanzharov@lukoil.com
2025-06-02 11:58:39 [INFO] org.example.TagBot.EventHandler - Callback от пользователя: andrey.sanzharov@lukoil.com| Кнопка: Отменить составление заявки.
2025-06-02 11:58:39 [WARN] org.example.TagBot.UserStateManager - Нет опций у текущего состояния пользователя: andrey.sanzharov@lukoil.com
2025-06-02 11:58:41 [INFO] org.example.TagBot.EventHandler - Callback от пользователя: andrey.sanzharov@lukoil.com| Кнопка: Отменить составление заявки.
2025-06-02 11:58:41 [WARN] org.example.TagBot.UserStateManager - Нет опций у текущего состояния пользователя: andrey.sanzharov@lukoil.com
2025-06-02 11:58:42 [INFO] org.example.TagBot.EventHandler - Callback от пользователя: andrey.sanzharov@lukoil.com| Кнопка: Отменить составление заявки.
2025-06-02 11:58:42 [WARN] org.example.TagBot.UserStateManager - Нет опций у текущего состояния пользователя: andrey.sanzharov@lukoil.com
2025-06-02 11:59:30 [INFO] ru.mail.im.botapi.BotLogger - IM_BOT bot successfully started
2025-06-02 11:59:30 [INFO] TagBot - Бот запускается...
2025-06-02 11:59:30 [INFO] ru.mail.im.botapi.BotLogger - IM_BOT bot already started
2025-06-02 11:59:30 [INFO] TagBot - Бот запустился.
2025-06-02 11:59:36 [INFO] TagBot - Новое сообщение от пользователя: andrey.sanzharov@lukoil.com = {ghgh}
2025-06-02 11:59:37 [INFO] TagBot - Callback от пользователя: andrey.sanzharov@lukoil.com| Кнопка: Зарегистрировать обращение
2025-06-02 11:59:37 [INFO] TagBot - Переход к следующему узлу для пользователя: andrey.sanzharov@lukoil.com
2025-06-02 11:59:38 [INFO] TagBot - Callback от пользователя: andrey.sanzharov@lukoil.com| Кнопка: Не работает телефон
2025-06-02 11:59:38 [INFO] TagBot - Переход к следующему узлу для пользователя: andrey.sanzharov@lukoil.com
2025-06-02 11:59:39 [INFO] TagBot - Callback от пользователя: andrey.sanzharov@lukoil.com| Кнопка: Отменить составление заявки.
2025-06-02 11:59:39 [INFO] TagBot - Переход к следующему узлу для пользователя: andrey.sanzharov@lukoil.com
2025-06-02 12:00:02 [INFO] ru.mail.im.botapi.BotLogger - IM_BOT bot successfully started
2025-06-02 12:00:02 [INFO] TagBot - Бот запускается...
2025-06-02 12:00:02 [INFO] ru.mail.im.botapi.BotLogger - IM_BOT bot already started
2025-06-02 12:00:02 [INFO] TagBot - Бот запустился.
2025-06-02 12:00:12 [INFO] org.example.TagBot.TagBotApplication - Бот запускается...
2025-06-02 12:00:12 [INFO] ru.mail.im.botapi.BotLogger - IM_BOT bot successfully started
2025-06-02 12:00:12 [INFO] ru.mail.im.botapi.BotLogger - IM_BOT bot already started
2025-06-02 12:00:12 [INFO] org.example.TagBot.TagBotApplication - Бот запустился.
2025-06-02 12:00:16 [INFO] org.example.TagBot.EventHandler - Новое сообщение от пользователя: andrey.sanzharov@lukoil.com = {gfgfg}
2025-06-02 12:00:17 [INFO] org.example.TagBot.EventHandler - Callback от пользователя: andrey.sanzharov@lukoil.com| Кнопка: Зарегистрировать обращение
2025-06-02 12:00:17 [INFO] org.example.TagBot.UserStateManager - Переход к следующему узлу для пользователя: andrey.sanzharov@lukoil.com
2025-06-02 12:00:19 [INFO] org.example.TagBot.EventHandler - Callback от пользователя: andrey.sanzharov@lukoil.com| Кнопка: Не работает телефон
2025-06-02 12:00:19 [INFO] org.example.TagBot.UserStateManager - Переход к следующему узлу для пользователя: andrey.sanzharov@lukoil.com
2025-06-02 12:00:20 [INFO] org.example.TagBot.EventHandler - Callback от пользователя: andrey.sanzharov@lukoil.com| Кнопка: Отменить составление заявки.
2025-06-02 12:00:20 [INFO] org.example.TagBot.UserStateManager - Переход к следующему узлу для пользователя: andrey.sanzharov@lukoil.com
2025-06-02 12:10:43 [INFO] org.example.TagBot.TagBotApplication - Бот запускается...
2025-06-02 12:10:43 [INFO] ru.mail.im.botapi.BotLogger - IM_BOT bot successfully started
2025-06-02 12:10:44 [INFO] ru.mail.im.botapi.BotLogger - IM_BOT bot already started
2025-06-02 12:10:44 [INFO] org.example.TagBot.TagBotApplication - Бот запустился.
2025-06-02 12:10:47 [INFO] org.example.TagBot.EventHandler - Новое сообщение от пользователя: andrey.sanzharov@lukoil.com = {jgjth}
2025-06-02 12:10:49 [INFO] org.example.TagBot.EventHandler - Callback от пользователя: andrey.sanzharov@lukoil.com| Кнопка: Зарегистрировать обращение
2025-06-02 12:10:49 [INFO] org.example.TagBot.UserStateManager - Переход к следующему узлу для пользователя: andrey.sanzharov@lukoil.com
2025-06-02 12:10:50 [INFO] org.example.TagBot.EventHandler - Callback от пользователя: andrey.sanzharov@lukoil.com| Кнопка: Не работает телефон
2025-06-02 12:10:50 [INFO] org.example.TagBot.UserStateManager - Переход к следующему узлу для пользователя: andrey.sanzharov@lukoil.com
2025-06-02 12:10:51 [INFO] org.example.TagBot.EventHandler - Callback от пользователя: andrey.sanzharov@lukoil.com| Кнопка: От себя
2025-06-02 12:10:51 [INFO] org.example.TagBot.UserStateManager - Диалог завершен для пользователя: andrey.sanzharov@lukoil.com
2025-06-02 12:11:30 [INFO] org.example.TagBot.TagBotApplication - Бот запускается...
2025-06-02 12:11:30 [INFO] ru.mail.im.botapi.BotLogger - IM_BOT bot successfully started
2025-06-02 12:11:30 [INFO] ru.mail.im.botapi.BotLogger - IM_BOT bot already started
2025-06-02 12:11:30 [INFO] org.example.TagBot.TagBotApplication - Бот запустился.
2025-06-02 12:11:34 [INFO] org.example.TagBot.EventHandler - Новое сообщение от пользователя: andrey.sanzharov@lukoil.com = {gjgj}
2025-06-02 12:11:35 [INFO] org.example.TagBot.EventHandler - Callback от пользователя: andrey.sanzharov@lukoil.com| Кнопка: Зарегистрировать обращение
2025-06-02 12:11:35 [INFO] org.example.TagBot.UserStateManager - Переход к следующему узлу для пользователя: andrey.sanzharov@lukoil.com
2025-06-02 12:11:36 [INFO] org.example.TagBot.EventHandler - Callback от пользователя: andrey.sanzharov@lukoil.com| Кнопка: Не работает телефон
2025-06-02 12:11:36 [INFO] org.example.TagBot.UserStateManager - Переход к следующему узлу для пользователя: andrey.sanzharov@lukoil.com
2025-06-02 12:11:37 [INFO] org.example.TagBot.EventHandler - Callback от пользователя: andrey.sanzharov@lukoil.com| Кнопка: От имени другого сотрудника.
2025-06-02 12:11:37 [INFO] org.example.TagBot.UserStateManager - Переход к следующему узлу для пользователя: andrey.sanzharov@lukoil.com
2025-06-02 12:11:38 [INFO] org.example.TagBot.EventHandler - Новое сообщение от пользователя: andrey.sanzharov@lukoil.com = {fgfgf}
2025-06-02 12:11:38 [INFO] org.example.TagBot.UserStateManager - Пользователь написал сообщение: fgfgf
2025-06-02 12:11:40 [INFO] org.example.TagBot.EventHandler - Callback от пользователя: andrey.sanzharov@lukoil.com| Кнопка: кнопка
2025-06-02 12:11:40 [INFO] org.example.TagBot.UserStateManager - Диалог завершен для пользователя: andrey.sanzharov@lukoil.com
2025-06-02 12:12:02 [INFO] org.example.TagBot.TagBotApplication - Бот запускается...
2025-06-02 12:12:02 [INFO] ru.mail.im.botapi.BotLogger - IM_BOT bot successfully started
2025-06-02 12:12:02 [INFO] ru.mail.im.botapi.BotLogger - IM_BOT bot already started
2025-06-02 12:12:02 [INFO] org.example.TagBot.TagBotApplication - Бот запустился.
2025-06-02 12:12:07 [INFO] org.example.TagBot.EventHandler - Новое сообщение от пользователя: andrey.sanzharov@lukoil.com = {ghgh}
2025-06-02 12:12:08 [INFO] org.example.TagBot.EventHandler - Callback от пользователя: andrey.sanzharov@lukoil.com| Кнопка: Зарегистрировать обращение
2025-06-02 12:12:08 [INFO] org.example.TagBot.UserStateManager - Переход к следующему узлу для пользователя: andrey.sanzharov@lukoil.com
2025-06-02 12:12:09 [INFO] org.example.TagBot.EventHandler - Callback от пользователя: andrey.sanzharov@lukoil.com| Кнопка: Не работает телефон
2025-06-02 12:12:09 [INFO] org.example.TagBot.UserStateManager - Переход к следующему узлу для пользователя: andrey.sanzharov@lukoil.com
2025-06-02 12:12:11 [INFO] org.example.TagBot.EventHandler - Callback от пользователя: andrey.sanzharov@lukoil.com| Кнопка: От имени другого сотрудника.
2025-06-02 12:12:11 [INFO] org.example.TagBot.UserStateManager - Переход к следующему узлу для пользователя: andrey.sanzharov@lukoil.com
2025-06-02 12:12:13 [INFO] org.example.TagBot.EventHandler - Новое сообщение от пользователя: andrey.sanzharov@lukoil.com = {ghghj}
2025-06-02 12:12:13 [INFO] org.example.TagBot.UserStateManager - Пользователь написал сообщение: ghghj
2025-06-02 12:12:14 [INFO] org.example.TagBot.EventHandler - Callback от пользователя: andrey.sanzharov@lukoil.com| Кнопка: кнопка
2025-06-02 12:12:14 [INFO] org.example.TagBot.UserStateManager - Диалог завершен для пользователя: andrey.sanzharov@lukoil.com
2025-06-02 12:12:17 [INFO] org.example.TagBot.EventHandler - Новое сообщение от пользователя: andrey.sanzharov@lukoil.com = {j}
2025-06-02 12:12:18 [INFO] org.example.TagBot.EventHandler - Callback от пользователя: andrey.sanzharov@lukoil.com| Кнопка: Зарегистрировать обращение
2025-06-02 12:12:18 [INFO] org.example.TagBot.UserStateManager - Переход к следующему узлу для пользователя: andrey.sanzharov@lukoil.com
2025-06-02 12:12:19 [INFO] org.example.TagBot.EventHandler - Callback от пользователя: andrey.sanzharov@lukoil.com| Кнопка: Другое
2025-06-02 12:12:19 [INFO] org.example.TagBot.UserStateManager - Переход к следующему узлу для пользователя: andrey.sanzharov@lukoil.com
2025-06-02 12:12:22 [INFO] org.example.TagBot.EventHandler - Новое сообщение от пользователя: andrey.sanzharov@lukoil.com = {kgjhf}
2025-06-02 12:12:22 [INFO] org.example.TagBot.UserStateManager - Пользователь написал сообщение: kgjhf
2025-06-02 12:12:25 [INFO] org.example.TagBot.EventHandler - Новое сообщение от пользователя: andrey.sanzharov@lukoil.com = {kjh}
2025-06-02 12:12:25 [INFO] org.example.TagBot.UserStateManager - Пользователь написал сообщение: kjh
2025-06-02 12:19:10 [INFO] org.example.TagBot.TagBotApplication - Бот запускается...
2025-06-02 12:19:10 [INFO] ru.mail.im.botapi.BotLogger - IM_BOT bot successfully started
2025-06-02 12:19:10 [INFO] ru.mail.im.botapi.BotLogger - IM_BOT bot already started
2025-06-02 12:19:10 [INFO] org.example.TagBot.TagBotApplication - Бот запустился.
2025-06-02 12:19:18 [INFO] org.example.TagBot.EventHandler - Новое сообщение от пользователя: andrey.sanzharov@lukoil.com = {ghg}
2025-06-02 12:19:19 [INFO] org.example.TagBot.EventHandler - Callback от пользователя: andrey.sanzharov@lukoil.com| Кнопка: Зарегистрировать обращение
2025-06-02 12:19:19 [INFO] org.example.TagBot.UserStateManager - Ответ пользователя andrey.sanzharov@lukoil.com: Зарегистрировать обращение
2025-06-02 12:19:19 [INFO] org.example.TagBot.UserStateManager - Переход к следующему узлу для пользователя: andrey.sanzharov@lukoil.com
2025-06-02 12:19:20 [INFO] org.example.TagBot.EventHandler - Callback от пользователя: andrey.sanzharov@lukoil.com| Кнопка: Не работает телефон
2025-06-02 12:19:20 [INFO] org.example.TagBot.UserStateManager - Ответ пользователя andrey.sanzharov@lukoil.com: Не работает телефон
2025-06-02 12:19:20 [INFO] org.example.TagBot.UserStateManager - Переход к следующему узлу для пользователя: andrey.sanzharov@lukoil.com
2025-06-02 12:19:39 [INFO] org.example.TagBot.TagBotApplication - Бот запускается...
2025-06-02 12:19:40 [INFO] ru.mail.im.botapi.BotLogger - IM_BOT bot successfully started
2025-06-02 12:19:40 [INFO] ru.mail.im.botapi.BotLogger - IM_BOT bot already started
2025-06-02 12:19:40 [INFO] org.example.TagBot.TagBotApplication - Бот запустился.
2025-06-02 12:19:43 [INFO] org.example.TagBot.EventHandler - Новое сообщение от пользователя: andrey.sanzharov@lukoil.com = {ghj}
2025-06-02 12:19:44 [INFO] org.example.TagBot.EventHandler - Callback от пользователя: andrey.sanzharov@lukoil.com| Кнопка: Зарегистрировать обращение
2025-06-02 12:19:44 [INFO] org.example.TagBot.UserStateManager - Переход к следующему узлу для пользователя: andrey.sanzharov@lukoil.com
2025-06-02 12:19:45 [INFO] org.example.TagBot.EventHandler - Callback от пользователя: andrey.sanzharov@lukoil.com| Кнопка: Не работает телефон
2025-06-02 12:19:45 [INFO] org.example.TagBot.UserStateManager - Переход к следующему узлу для пользователя: andrey.sanzharov@lukoil.com
2025-06-02 12:19:47 [INFO] org.example.TagBot.EventHandler - Callback от пользователя: andrey.sanzharov@lukoil.com| Кнопка: От имени другого сотрудника.
2025-06-02 12:19:47 [INFO] org.example.TagBot.UserStateManager - Переход к следующему узлу для пользователя: andrey.sanzharov@lukoil.com
2025-06-02 12:19:48 [INFO] org.example.TagBot.EventHandler - Новое сообщение от пользователя: andrey.sanzharov@lukoil.com = {hj}
2025-06-02 12:19:48 [INFO] org.example.TagBot.UserStateManager - Пользователь написал сообщение: hj
2025-06-02 12:19:50 [INFO] org.example.TagBot.EventHandler - Callback от пользователя: andrey.sanzharov@lukoil.com| Кнопка: кнопка
2025-06-02 12:19:50 [INFO] org.example.TagBot.UserStateManager - Диалог завершен для пользователя: andrey.sanzharov@lukoil.com
2025-06-02 12:20:34 [INFO] org.example.TagBot.TagBotApplication - Бот запускается...
2025-06-02 12:20:34 [INFO] ru.mail.im.botapi.BotLogger - IM_BOT bot successfully started
2025-06-02 12:20:34 [INFO] ru.mail.im.botapi.BotLogger - IM_BOT bot already started
2025-06-02 12:20:34 [INFO] org.example.TagBot.TagBotApplication - Бот запустился.
2025-06-02 12:20:37 [INFO] org.example.TagBot.EventHandler - Новое сообщение от пользователя: andrey.sanzharov@lukoil.com = {gh}
2025-06-02 12:20:40 [INFO] org.example.TagBot.EventHandler - Callback от пользователя: andrey.sanzharov@lukoil.com| Кнопка: Зарегистрировать обращение
2025-06-02 12:20:43 [INFO] org.example.TagBot.EventHandler - Callback от пользователя: andrey.sanzharov@lukoil.com| Кнопка: Не работает телефон
2025-06-02 12:20:44 [INFO] org.example.TagBot.EventHandler - Callback от пользователя: andrey.sanzharov@lukoil.com| Кнопка: От имени другого сотрудника.
2025-06-02 12:20:47 [INFO] org.example.TagBot.EventHandler - Callback от пользователя: andrey.sanzharov@lukoil.com| Кнопка: От имени другого сотрудника.
2025-06-02 12:20:47 [WARN] org.example.TagBot.UserStateManager - Нет опций у текущего состояния пользователя: andrey.sanzharov@lukoil.com
2025-06-02 12:20:50 [INFO] org.example.TagBot.EventHandler - Новое сообщение от пользователя: andrey.sanzharov@lukoil.com = {ghgh}
2025-06-02 12:20:50 [INFO] org.example.TagBot.UserStateManager - Пользователь написал сообщение: ghgh
2025-06-02 12:20:51 [INFO] org.example.TagBot.EventHandler - Callback от пользователя: andrey.sanzharov@lukoil.com| Кнопка: кнопка
2025-06-02 12:20:51 [INFO] org.example.TagBot.UserStateManager - Диалог завершен для пользователя: andrey.sanzharov@lukoil.com
2025-06-02 12:24:12 [INFO] org.example.TagBot.TagBotApplication - Бот запускается...
2025-06-02 12:24:13 [INFO] ru.mail.im.botapi.BotLogger - IM_BOT bot successfully started
2025-06-02 12:24:13 [INFO] ru.mail.im.botapi.BotLogger - IM_BOT bot already started
2025-06-02 12:24:13 [INFO] org.example.TagBot.TagBotApplication - Бот запустился.
2025-06-02 12:24:36 [INFO] org.example.TagBot.TagBotApplication - Бот запускается...
2025-06-02 12:24:36 [INFO] ru.mail.im.botapi.BotLogger - IM_BOT bot successfully started
2025-06-02 12:24:36 [INFO] ru.mail.im.botapi.BotLogger - IM_BOT bot already started
2025-06-02 12:24:36 [INFO] org.example.TagBot.TagBotApplication - Бот запустился.
2025-06-02 12:25:49 [INFO] org.example.TagBot.TagBotApplication - Бот запускается...
2025-06-02 12:25:49 [INFO] ru.mail.im.botapi.BotLogger - IM_BOT bot successfully started
2025-06-02 12:25:49 [INFO] ru.mail.im.botapi.BotLogger - IM_BOT bot already started
2025-06-02 12:25:49 [INFO] org.example.TagBot.TagBotApplication - Бот запустился.
2025-06-02 12:25:54 [INFO] org.example.TagBot.EventHandler - Новое сообщение от пользователя: andrey.sanzharov@lukoil.com = {по}
2025-06-02 12:25:56 [INFO] org.example.TagBot.EventHandler - Callback от пользователя: andrey.sanzharov@lukoil.com| Кнопка: Зарегистрировать обращение
2025-06-02 12:25:56 [INFO] org.example.TagBot.EventHandler - Callback от пользователя: andrey.sanzharov@lukoil.com| Кнопка: Не работает телефон
2025-06-02 12:25:58 [INFO] org.example.TagBot.EventHandler - Callback от пользователя: andrey.sanzharov@lukoil.com| Кнопка: От имени другого сотрудника.
2025-06-02 12:26:00 [INFO] org.example.TagBot.EventHandler - Новое сообщение от пользователя: andrey.sanzharov@lukoil.com = {прр}
2025-06-02 12:26:00 [INFO] org.example.TagBot.UserStateManager - Пользователь написал сообщение: прр
2025-06-02 12:26:02 [INFO] org.example.TagBot.EventHandler - Callback от пользователя: andrey.sanzharov@lukoil.com| Кнопка: кнопка
2025-06-02 12:26:03 [INFO] org.example.TagBot.EventHandler - Новое сообщение от пользователя: andrey.sanzharov@lukoil.com = {пр}
2025-06-02 12:26:03 [INFO] org.example.TagBot.UserStateManager - Пользователь написал сообщение: пр
2025-06-02 12:50:53 [INFO] org.example.TagBot.TagBotApplication - Бот запускается...
2025-06-02 12:50:53 [INFO] ru.mail.im.botapi.BotLogger - IM_BOT bot successfully started
2025-06-02 12:50:53 [INFO] ru.mail.im.botapi.BotLogger - IM_BOT bot already started
2025-06-02 12:50:53 [INFO] org.example.TagBot.TagBotApplication - Бот запустился.
2025-06-02 12:50:59 [INFO] org.example.TagBot.EventHandler - Новое сообщение от пользователя: andrey.sanzharov@lukoil.com = {прпр}
2025-06-02 12:51:01 [INFO] org.example.TagBot.EventHandler - Callback от пользователя: andrey.sanzharov@lukoil.com| Кнопка: Зарегистрировать обращение
2025-06-02 12:51:06 [INFO] org.example.TagBot.EventHandler - Callback от пользователя: andrey.sanzharov@lukoil.com| Кнопка: Не работает телефон
2025-06-02 12:51:08 [INFO] org.example.TagBot.EventHandler - Callback от пользователя: andrey.sanzharov@lukoil.com| Кнопка: От имени другого сотрудника.
2025-06-02 12:51:11 [INFO] org.example.TagBot.EventHandler - Новое сообщение от пользователя: andrey.sanzharov@lukoil.com = {прпрор}
2025-06-02 12:51:11 [INFO] org.example.TagBot.UserStateManager - Пользователь написал сообщение: прпрор
2025-06-02 12:51:16 [INFO] org.example.TagBot.EventHandler - Callback от пользователя: andrey.sanzharov@lukoil.com| Кнопка: Кнопка просто так
2025-06-02 12:51:19 [INFO] org.example.TagBot.EventHandler - Новое сообщение от пользователя: andrey.sanzharov@lukoil.com = {рроронн}
2025-06-02 12:51:19 [INFO] org.example.TagBot.UserStateManager - Пользователь написал сообщение: рроронн
2025-06-02 13:14:52 [INFO] org.example.TagBot.TagBotApplication - Бот запускается...
2025-06-02 13:14:52 [INFO] ru.mail.im.botapi.BotLogger - IM_BOT bot successfully started
2025-06-02 13:14:52 [INFO] ru.mail.im.botapi.BotLogger - IM_BOT bot already started
2025-06-02 13:14:52 [INFO] org.example.TagBot.TagBotApplication - Бот запустился.
2025-06-02 13:14:57 [INFO] org.example.TagBot.EventHandler - Новое сообщение от пользователя: andrey.sanzharov@lukoil.com = {пр}
2025-06-02 13:15:00 [INFO] org.example.TagBot.EventHandler - Callback от пользователя: andrey.sanzharov@lukoil.com| Кнопка: Зарегистрировать обращение
2025-06-02 13:25:06 [INFO] org.example.TagBot.TagBotApplication - Бот запускается...
2025-06-02 13:25:06 [INFO] ru.mail.im.botapi.BotLogger - IM_BOT bot successfully started
2025-06-02 13:25:06 [INFO] ru.mail.im.botapi.BotLogger - IM_BOT bot already started
2025-06-02 13:25:06 [INFO] org.example.TagBot.TagBotApplication - Бот запустился.
2025-06-02 13:25:07 [INFO] org.example.TagBot.EventHandler - Callback от пользователя: andrey.sanzharov@lukoil.com| Кнопка: GetStatusAllRequest
2025-06-02 13:25:07 [WARN] org.example.TagBot.UserStateManager - Нет состояния для пользователя: andrey.sanzharov@lukoil.com
2025-06-02 13:25:09 [INFO] org.example.TagBot.EventHandler - Новое сообщение от пользователя: andrey.sanzharov@lukoil.com = {п}
2025-06-02 13:25:11 [INFO] org.example.TagBot.EventHandler - Callback от пользователя: andrey.sanzharov@lukoil.com| Кнопка: Зарегистрировать обращение
2025-06-02 13:25:12 [INFO] org.example.TagBot.EventHandler - Callback от пользователя: andrey.sanzharov@lukoil.com| Кнопка: Не работает телефон
2025-06-02 13:25:14 [INFO] org.example.TagBot.EventHandler - Callback от пользователя: andrey.sanzharov@lukoil.com| Кнопка: От себя
2025-06-02 13:25:14 [INFO] org.example.TagBot.UserStateManager - Диалог завершен для пользователя: andrey.sanzharov@lukoil.com
2025-06-02 13:25:16 [INFO] org.example.TagBot.EventHandler - Новое сообщение от пользователя: andrey.sanzharov@lukoil.com = {р}
2025-06-02 13:25:17 [INFO] org.example.TagBot.EventHandler - Callback от пользователя: andrey.sanzharov@lukoil.com| Кнопка: Зарегистрировать обращение
2025-06-02 13:25:18 [INFO] org.example.TagBot.EventHandler - Callback от пользователя: andrey.sanzharov@lukoil.com| Кнопка: Сбросить пароль учетной записи в домене
2025-06-02 13:25:40 [INFO] org.example.TagBot.TagBotApplication - Бот запускается...
2025-06-02 13:25:40 [INFO] ru.mail.im.botapi.BotLogger - IM_BOT bot successfully started
2025-06-02 13:25:40 [INFO] ru.mail.im.botapi.BotLogger - IM_BOT bot already started
2025-06-02 13:25:40 [INFO] org.example.TagBot.TagBotApplication - Бот запустился.
2025-06-02 13:25:42 [INFO] org.example.TagBot.EventHandler - Новое сообщение от пользователя: andrey.sanzharov@lukoil.com = {j}
2025-06-02 13:25:43 [INFO] org.example.TagBot.EventHandler - Callback от пользователя: andrey.sanzharov@lukoil.com| Кнопка: Зарегистрировать обращение
2025-06-02 13:25:44 [INFO] org.example.TagBot.EventHandler - Callback от пользователя: andrey.sanzharov@lukoil.com| Кнопка: Сбросить пароль учетной записи в домене
2025-06-02 13:26:02 [INFO] org.example.TagBot.EventHandler - Новое сообщение от пользователя: andrey.sanzharov@lukoil.com = {k}
2025-06-02 13:26:02 [INFO] org.example.TagBot.UserStateManager - Пользователь написал сообщение: k
2025-06-02 13:26:19 [INFO] org.example.TagBot.EventHandler - Callback от пользователя: andrey.sanzharov@lukoil.com| Кнопка: Да
2025-06-02 13:26:22 [INFO] org.example.TagBot.EventHandler - Новое сообщение от пользователя: andrey.sanzharov@lukoil.com = {+7}
2025-06-02 13:26:22 [INFO] org.example.TagBot.UserStateManager - Пользователь написал сообщение: +7
2025-06-02 13:28:18 [INFO] org.example.TagBot.TagBotApplication - Бот запускается...
2025-06-02 13:28:18 [INFO] ru.mail.im.botapi.BotLogger - IM_BOT bot successfully started
2025-06-02 13:28:18 [INFO] ru.mail.im.botapi.BotLogger - IM_BOT bot already started
2025-06-02 13:28:18 [INFO] org.example.TagBot.TagBotApplication - Бот запустился.
2025-06-02 13:28:20 [INFO] org.example.TagBot.EventHandler - Новое сообщение от пользователя: andrey.sanzharov@lukoil.com = {ghj}
2025-06-02 13:28:22 [INFO] org.example.TagBot.EventHandler - Callback от пользователя: andrey.sanzharov@lukoil.com| Кнопка: Зарегистрировать обращение
2025-06-02 13:28:24 [INFO] org.example.TagBot.EventHandler - Callback от пользователя: andrey.sanzharov@lukoil.com| Кнопка: Сбросить пароль учетной записи в домене
2025-06-02 13:28:38 [INFO] org.example.TagBot.TagBotApplication - Бот запускается...
2025-06-02 13:28:38 [INFO] ru.mail.im.botapi.BotLogger - IM_BOT bot successfully started
2025-06-02 13:28:38 [INFO] ru.mail.im.botapi.BotLogger - IM_BOT bot already started
2025-06-02 13:28:38 [INFO] org.example.TagBot.TagBotApplication - Бот запустился.
2025-06-02 13:28:41 [INFO] org.example.TagBot.EventHandler - Новое сообщение от пользователя: andrey.sanzharov@lukoil.com = {lj}
2025-06-02 13:28:42 [INFO] org.example.TagBot.EventHandler - Callback от пользователя: andrey.sanzharov@lukoil.com| Кнопка: Зарегистрировать обращение
2025-06-02 13:28:43 [INFO] org.example.TagBot.EventHandler - Callback от пользователя: andrey.sanzharov@lukoil.com| Кнопка: Сбросить пароль учетной записи в домене
2025-06-02 13:28:45 [INFO] org.example.TagBot.EventHandler - Новое сообщение от пользователя: andrey.sanzharov@lukoil.com = {l}
2025-06-02 13:28:45 [INFO] org.example.TagBot.UserStateManager - Пользователь написал сообщение: l
2025-06-02 13:28:46 [INFO] org.example.TagBot.EventHandler - Callback от пользователя: andrey.sanzharov@lukoil.com| Кнопка: Да
2025-06-02 13:28:54 [INFO] org.example.TagBot.EventHandler - Новое сообщение от пользователя: andrey.sanzharov@lukoil.com = {+7}
2025-06-02 13:28:54 [INFO] org.example.TagBot.UserStateManager - Пользователь написал сообщение: +7
2025-06-02 13:30:04 [INFO] org.example.TagBot.TagBotApplication - Бот запускается...
2025-06-02 13:30:04 [INFO] ru.mail.im.botapi.BotLogger - IM_BOT bot successfully started
2025-06-02 13:30:04 [INFO] ru.mail.im.botapi.BotLogger - IM_BOT bot already started
2025-06-02 13:30:04 [INFO] org.example.TagBot.TagBotApplication - Бот запустился.
2025-06-02 13:30:08 [INFO] org.example.TagBot.EventHandler - Новое сообщение от пользователя: andrey.sanzharov@lukoil.com = {b}
2025-06-02 13:30:09 [INFO] org.example.TagBot.EventHandler - Callback от пользователя: andrey.sanzharov@lukoil.com| Кнопка: Зарегистрировать обращение
2025-06-02 13:30:11 [INFO] org.example.TagBot.EventHandler - Callback от пользователя: andrey.sanzharov@lukoil.com| Кнопка: Сбросить пароль учетной записи в домене
2025-06-02 13:30:14 [INFO] org.example.TagBot.EventHandler - Callback от пользователя: andrey.sanzharov@lukoil.com| Кнопка: Да
2025-06-02 13:30:17 [INFO] org.example.TagBot.EventHandler - Новое сообщение от пользователя: andrey.sanzharov@lukoil.com = {+7}
2025-06-02 13:30:17 [INFO] org.example.TagBot.UserStateManager - Пользователь написал сообщение: +7
2025-06-02 13:30:54 [INFO] org.example.TagBot.TagBotApplication - Бот запускается...
2025-06-02 13:30:54 [INFO] ru.mail.im.botapi.BotLogger - IM_BOT bot successfully started
2025-06-02 13:30:54 [INFO] ru.mail.im.botapi.BotLogger - IM_BOT bot already started
2025-06-02 13:30:54 [INFO] org.example.TagBot.TagBotApplication - Бот запустился.
2025-06-02 13:30:55 [INFO] org.example.TagBot.EventHandler - Callback от пользователя: andrey.sanzharov@lukoil.com| Кнопка: Зарегистрировать обращение
2025-06-02 13:30:55 [WARN] org.example.TagBot.UserStateManager - Нет состояния для пользователя: andrey.sanzharov@lukoil.com
2025-06-02 13:30:57 [INFO] org.example.TagBot.EventHandler - Callback от пользователя: andrey.sanzharov@lukoil.com| Кнопка: Зарегистрировать обращение
2025-06-02 13:30:57 [WARN] org.example.TagBot.UserStateManager - Нет состояния для пользователя: andrey.sanzharov@lukoil.com
2025-06-02 13:31:02 [INFO] org.example.TagBot.TagBotApplication - Бот запускается...
2025-06-02 13:31:02 [INFO] ru.mail.im.botapi.BotLogger - IM_BOT bot successfully started
2025-06-02 13:31:02 [INFO] ru.mail.im.botapi.BotLogger - IM_BOT bot already started
2025-06-02 13:31:02 [INFO] org.example.TagBot.TagBotApplication - Бот запустился.
2025-06-02 13:31:04 [INFO] org.example.TagBot.EventHandler - Новое сообщение от пользователя: andrey.sanzharov@lukoil.com = {л}
2025-06-02 13:31:05 [INFO] org.example.TagBot.EventHandler - Callback от пользователя: andrey.sanzharov@lukoil.com| Кнопка: Зарегистрировать обращение
2025-06-02 13:31:07 [INFO] org.example.TagBot.EventHandler - Callback от пользователя: andrey.sanzharov@lukoil.com| Кнопка: Сбросить пароль учетной записи в домене
2025-06-02 13:31:09 [INFO] org.example.TagBot.EventHandler - Callback от пользователя: andrey.sanzharov@lukoil.com| Кнопка: Нет
2025-06-02 13:31:11 [INFO] org.example.TagBot.EventHandler - Новое сообщение от пользователя: andrey.sanzharov@lukoil.com = {д}
2025-06-02 13:31:11 [INFO] org.example.TagBot.UserStateManager - Пользователь написал сообщение: д
2025-06-02 13:31:39 [INFO] org.example.TagBot.TagBotApplication - Бот запускается...
2025-06-02 13:31:40 [INFO] ru.mail.im.botapi.BotLogger - IM_BOT bot successfully started
2025-06-02 13:31:40 [INFO] ru.mail.im.botapi.BotLogger - IM_BOT bot already started
2025-06-02 13:31:40 [INFO] org.example.TagBot.TagBotApplication - Бот запустился.
2025-06-02 13:31:43 [INFO] org.example.TagBot.EventHandler - Новое сообщение от пользователя: andrey.sanzharov@lukoil.com = {пооп}
2025-06-02 13:31:44 [INFO] org.example.TagBot.EventHandler - Callback от пользователя: andrey.sanzharov@lukoil.com| Кнопка: Зарегистрировать обращение
2025-06-02 13:31:46 [INFO] org.example.TagBot.EventHandler - Callback от пользователя: andrey.sanzharov@lukoil.com| Кнопка: Сбросить пароль учетной записи в домене
2025-06-02 13:31:47 [INFO] org.example.TagBot.EventHandler - Callback от пользователя: andrey.sanzharov@lukoil.com| Кнопка: Нет
2025-06-02 13:31:49 [INFO] org.example.TagBot.EventHandler - Новое сообщение от пользователя: andrey.sanzharov@lukoil.com = {пр}
2025-06-02 13:31:49 [INFO] org.example.TagBot.UserStateManager - Пользователь написал сообщение: пр
2025-06-02 13:32:15 [INFO] ru.mail.im.botapi.BotLogger - IM_BOT bot successfully started
2025-06-02 13:32:15 [INFO] TagBot - Бот запускается...
2025-06-02 13:32:15 [INFO] ru.mail.im.botapi.BotLogger - IM_BOT bot already started
2025-06-02 13:32:15 [INFO] TagBot - Бот запустился.
2025-06-02 13:32:17 [INFO] TagBot - Новое сообщение от пользователя: andrey.sanzharov@lukoil.com = {ро}
2025-06-02 13:32:18 [INFO] TagBot - Callback от пользователя: andrey.sanzharov@lukoil.com| Кнопка: Зарегистрировать обращение
2025-06-02 13:32:18 [INFO] TagBot - Переход к следующему узлу для пользователя: andrey.sanzharov@lukoil.com
2025-06-02 13:32:20 [INFO] TagBot - Callback от пользователя: andrey.sanzharov@lukoil.com| Кнопка: Сбросить пароль учетной записи в домене
2025-06-02 13:32:20 [INFO] TagBot - Переход к следующему узлу для пользователя: andrey.sanzharov@lukoil.com
2025-06-02 13:32:22 [INFO] TagBot - Callback от пользователя: andrey.sanzharov@lukoil.com| Кнопка: Нет
2025-06-02 13:32:22 [INFO] TagBot - Переход к следующему узлу для пользователя: andrey.sanzharov@lukoil.com
2025-06-02 13:32:23 [INFO] TagBot - Новое сообщение от пользователя: andrey.sanzharov@lukoil.com = {л}
2025-06-02 13:32:23 [INFO] TagBot - Пользователь написал сообщение: л
2025-06-02 13:32:36 [INFO] org.example.TagBot.TagBotApplication - Бот запускается...
2025-06-02 13:32:36 [INFO] ru.mail.im.botapi.BotLogger - IM_BOT bot successfully started
2025-06-02 13:32:36 [INFO] ru.mail.im.botapi.BotLogger - IM_BOT bot already started
2025-06-02 13:32:36 [INFO] org.example.TagBot.TagBotApplication - Бот запустился.
2025-06-02 13:32:41 [INFO] org.example.TagBot.EventHandler - Callback от пользователя: andrey.sanzharov@lukoil.com| Кнопка: Зарегистрировать обращение
2025-06-02 13:32:41 [WARN] org.example.TagBot.UserStateManager - Нет состояния для пользователя: andrey.sanzharov@lukoil.com
2025-06-02 13:32:45 [INFO] org.example.TagBot.EventHandler - Новое сообщение от пользователя: andrey.sanzharov@lukoil.com = {о}
2025-06-02 13:32:46 [INFO] org.example.TagBot.EventHandler - Callback от пользователя: andrey.sanzharov@lukoil.com| Кнопка: Зарегистрировать обращение
2025-06-02 13:32:47 [INFO] org.example.TagBot.EventHandler - Callback от пользователя: andrey.sanzharov@lukoil.com| Кнопка: Не работает электронная почта
2025-06-02 13:32:49 [INFO] org.example.TagBot.EventHandler - Callback от пользователя: andrey.sanzharov@lukoil.com| Кнопка: От себя
2025-06-02 13:32:49 [INFO] org.example.TagBot.UserStateManager - Диалог завершен для пользователя: andrey.sanzharov@lukoil.com
2025-06-02 13:32:51 [INFO] org.example.TagBot.EventHandler - Новое сообщение от пользователя: andrey.sanzharov@lukoil.com = {о}
2025-06-02 13:32:52 [INFO] org.example.TagBot.EventHandler - Callback от пользователя: andrey.sanzharov@lukoil.com| Кнопка: Зарегистрировать обращение
2025-06-02 13:32:53 [INFO] org.example.TagBot.EventHandler - Callback от пользователя: andrey.sanzharov@lukoil.com| Кнопка: Не работает электронная почта
2025-06-02 13:32:54 [INFO] org.example.TagBot.EventHandler - Callback от пользователя: andrey.sanzharov@lukoil.com| Кнопка: От имени другого сотрудника.
2025-06-02 13:32:57 [INFO] org.example.TagBot.EventHandler - Новое сообщение от пользователя: andrey.sanzharov@lukoil.com = {о о о}
2025-06-02 13:32:57 [INFO] org.example.TagBot.UserStateManager - Пользователь написал сообщение: о о о
2025-06-02 13:33:02 [INFO] org.example.TagBot.EventHandler - Callback от пользователя: andrey.sanzharov@lukoil.com| Кнопка: Зарегистрировать обращение
2025-06-02 13:33:06 [INFO] org.example.TagBot.EventHandler - Callback от пользователя: andrey.sanzharov@lukoil.com| Кнопка: Не работает электронная почта
2025-06-02 13:33:07 [INFO] org.example.TagBot.EventHandler - Callback от пользователя: andrey.sanzharov@lukoil.com| Кнопка: Отменить составление заявки.
2025-06-02 13:33:23 [INFO] org.example.TagBot.EventHandler - Новое сообщение от пользователя: andrey.sanzharov@lukoil.com = {д}
2025-06-02 13:33:25 [INFO] org.example.TagBot.EventHandler - Callback от пользователя: andrey.sanzharov@lukoil.com| Кнопка: Зарегистрировать обращение
2025-06-02 13:33:26 [INFO] org.example.TagBot.EventHandler - Callback от пользователя: andrey.sanzharov@lukoil.com| Кнопка: Сбросить пароль учетной записи в домене
2025-06-02 13:33:27 [INFO] org.example.TagBot.EventHandler - Callback от пользователя: andrey.sanzharov@lukoil.com| Кнопка: Да
2025-06-02 13:33:30 [INFO] org.example.TagBot.EventHandler - Новое сообщение от пользователя: andrey.sanzharov@lukoil.com = {+7}
2025-06-02 13:33:30 [INFO] org.example.TagBot.UserStateManager - Пользователь написал сообщение: +7
2025-06-02 13:33:33 [INFO] org.example.TagBot.EventHandler - Callback от пользователя: andrey.sanzharov@lukoil.com| Кнопка: Зарегистрировать обращение
2025-06-02 13:33:34 [INFO] org.example.TagBot.EventHandler - Callback от пользователя: andrey.sanzharov@lukoil.com| Кнопка: Не работает телефон
2025-06-02 13:33:35 [INFO] org.example.TagBot.EventHandler - Callback от пользователя: andrey.sanzharov@lukoil.com| Кнопка: От имени другого сотрудника.
2025-06-02 13:33:37 [INFO] org.example.TagBot.EventHandler - Новое сообщение от пользователя: andrey.sanzharov@lukoil.com = {ждл}
2025-06-02 13:33:37 [INFO] org.example.TagBot.UserStateManager - Пользователь написал сообщение: ждл
2025-06-02 13:33:38 [INFO] org.example.TagBot.EventHandler - Callback от пользователя: andrey.sanzharov@lukoil.com| Кнопка: Зарегистрировать обращение
2025-06-02 13:33:40 [INFO] org.example.TagBot.EventHandler - Callback от пользователя: andrey.sanzharov@lukoil.com| Кнопка: Не работает телефон
2025-06-02 13:33:41 [INFO] org.example.TagBot.EventHandler - Callback от пользователя: andrey.sanzharov@lukoil.com| Кнопка: Отменить составление заявки.
2025-06-02 13:33:46 [INFO] org.example.TagBot.EventHandler - Новое сообщение от пользователя: andrey.sanzharov@lukoil.com = {эж}
2025-06-02 13:33:47 [INFO] org.example.TagBot.EventHandler - Callback от пользователя: andrey.sanzharov@lukoil.com| Кнопка: Зарегистрировать обращение
2025-06-02 13:33:48 [INFO] org.example.TagBot.EventHandler - Callback от пользователя: andrey.sanzharov@lukoil.com| Кнопка: Сбросить пароль учетной записи в домене
2025-06-02 13:33:49 [INFO] org.example.TagBot.EventHandler - Callback от пользователя: andrey.sanzharov@lukoil.com| Кнопка: Нет
2025-06-02 13:33:52 [INFO] org.example.TagBot.EventHandler - Новое сообщение от пользователя: andrey.sanzharov@lukoil.com = {ж}
2025-06-02 13:33:52 [INFO] org.example.TagBot.UserStateManager - Пользователь написал сообщение: ж
2025-06-02 13:34:55 [INFO] org.example.TagBot.TagBotApplication - Бот запускается...
2025-06-02 13:34:55 [INFO] ru.mail.im.botapi.BotLogger - IM_BOT bot successfully started
2025-06-02 13:34:55 [INFO] ru.mail.im.botapi.BotLogger - IM_BOT bot already started
2025-06-02 13:34:55 [INFO] org.example.TagBot.TagBotApplication - Бот запустился.
2025-06-02 13:34:56 [INFO] org.example.TagBot.EventHandler - Callback от пользователя: andrey.sanzharov@lukoil.com| Кнопка: Зарегистрировать обращение
2025-06-02 13:34:56 [WARN] org.example.TagBot.UserStateManager - Нет состояния для пользователя: andrey.sanzharov@lukoil.com
2025-06-02 13:34:57 [INFO] org.example.TagBot.EventHandler - Новое сообщение от пользователя: andrey.sanzharov@lukoil.com = {jk}
2025-06-02 13:34:58 [INFO] org.example.TagBot.EventHandler - Callback от пользователя: andrey.sanzharov@lukoil.com| Кнопка: Зарегистрировать обращение
2025-06-02 13:35:00 [INFO] org.example.TagBot.EventHandler - Callback от пользователя: andrey.sanzharov@lukoil.com| Кнопка: Сбросить пароль учетной записи в домене
2025-06-02 13:35:01 [INFO] org.example.TagBot.EventHandler - Callback от пользователя: andrey.sanzharov@lukoil.com| Кнопка: Нет
2025-06-02 13:35:03 [INFO] org.example.TagBot.EventHandler - Новое сообщение от пользователя: andrey.sanzharov@lukoil.com = {l}
2025-06-02 13:35:03 [INFO] org.example.TagBot.UserStateManager - Пользователь написал сообщение: l
2025-06-02 13:36:16 [INFO] org.example.TagBot.TagBotApplication - Бот запускается...
2025-06-02 13:36:17 [INFO] ru.mail.im.botapi.BotLogger - IM_BOT bot successfully started
2025-06-02 13:36:17 [INFO] ru.mail.im.botapi.BotLogger - IM_BOT bot already started
2025-06-02 13:36:17 [INFO] org.example.TagBot.TagBotApplication - Бот запустился.
2025-06-02 13:36:18 [INFO] org.example.TagBot.EventHandler - Новое сообщение от пользователя: andrey.sanzharov@lukoil.com = {jh}
2025-06-02 13:36:19 [INFO] org.example.TagBot.EventHandler - Callback от пользователя: andrey.sanzharov@lukoil.com| Кнопка: Зарегистрировать обращение
2025-06-02 13:36:21 [INFO] org.example.TagBot.EventHandler - Callback от пользователя: andrey.sanzharov@lukoil.com| Кнопка: Сбросить пароль учетной записи в домене
2025-06-02 13:36:22 [INFO] org.example.TagBot.EventHandler - Callback от пользователя: andrey.sanzharov@lukoil.com| Кнопка: Нет
2025-06-02 13:37:50 [INFO] org.example.TagBot.TagBotApplication - Бот запускается...
2025-06-02 13:37:50 [INFO] ru.mail.im.botapi.BotLogger - IM_BOT bot successfully started
2025-06-02 13:37:50 [INFO] ru.mail.im.botapi.BotLogger - IM_BOT bot already started
2025-06-02 13:37:50 [INFO] org.example.TagBot.TagBotApplication - Бот запустился.
2025-06-02 13:37:52 [INFO] org.example.TagBot.EventHandler - Новое сообщение от пользователя: andrey.sanzharov@lukoil.com = {gh}
2025-06-02 13:37:53 [INFO] org.example.TagBot.EventHandler - Callback от пользователя: andrey.sanzharov@lukoil.com| Кнопка: Зарегистрировать обращение
2025-06-02 13:37:55 [INFO] org.example.TagBot.EventHandler - Callback от пользователя: andrey.sanzharov@lukoil.com| Кнопка: Сбросить пароль учетной записи в домене
2025-06-02 13:37:56 [INFO] org.example.TagBot.EventHandler - Callback от пользователя: andrey.sanzharov@lukoil.com| Кнопка: Нет
2025-06-02 13:38:29 [INFO] org.example.TagBot.TagBotApplication - Бот запускается...
2025-06-02 13:38:30 [INFO] ru.mail.im.botapi.BotLogger - IM_BOT bot successfully started
2025-06-02 13:38:30 [INFO] ru.mail.im.botapi.BotLogger - IM_BOT bot already started
2025-06-02 13:38:30 [INFO] org.example.TagBot.TagBotApplication - Бот запустился.
2025-06-02 13:38:33 [INFO] org.example.TagBot.EventHandler - Новое сообщение от пользователя: andrey.sanzharov@lukoil.com = {ghgh}
2025-06-02 13:38:34 [INFO] org.example.TagBot.EventHandler - Callback от пользователя: andrey.sanzharov@lukoil.com| Кнопка: Зарегистрировать обращение
2025-06-02 13:38:35 [INFO] org.example.TagBot.EventHandler - Callback от пользователя: andrey.sanzharov@lukoil.com| Кнопка: Сбросить пароль учетной записи в домене
2025-06-02 13:38:37 [INFO] org.example.TagBot.EventHandler - Callback от пользователя: andrey.sanzharov@lukoil.com| Кнопка: Нет
2025-06-02 13:39:16 [INFO] org.example.TagBot.TagBotApplication - Бот запускается...
2025-06-02 13:39:16 [INFO] ru.mail.im.botapi.BotLogger - IM_BOT bot successfully started
2025-06-02 13:39:16 [INFO] ru.mail.im.botapi.BotLogger - IM_BOT bot already started
2025-06-02 13:39:16 [INFO] org.example.TagBot.TagBotApplication - Бот запустился.
2025-06-02 13:39:16 [INFO] org.example.TagBot.EventHandler - Callback от пользователя: andrey.sanzharov@lukoil.com| Кнопка: Зарегистрировать обращение
2025-06-02 13:39:16 [WARN] org.example.TagBot.UserStateManager - Нет состояния для пользователя: andrey.sanzharov@lukoil.com
2025-06-02 13:39:19 [INFO] org.example.TagBot.EventHandler - Новое сообщение от пользователя: andrey.sanzharov@lukoil.com = {l}
2025-06-02 13:39:20 [INFO] org.example.TagBot.EventHandler - Callback от пользователя: andrey.sanzharov@lukoil.com| Кнопка: Зарегистрировать обращение
2025-06-02 13:39:23 [INFO] org.example.TagBot.EventHandler - Callback от пользователя: andrey.sanzharov@lukoil.com| Кнопка: Не Включается ПК
2025-06-02 13:39:24 [INFO] org.example.TagBot.EventHandler - Callback от пользователя: andrey.sanzharov@lukoil.com| Кнопка: Отменить составление заявки.
2025-06-02 13:39:44 [INFO] org.example.TagBot.TagBotApplication - Бот запускается...
2025-06-02 13:39:45 [INFO] ru.mail.im.botapi.BotLogger - IM_BOT bot successfully started
2025-06-02 13:39:45 [INFO] ru.mail.im.botapi.BotLogger - IM_BOT bot already started
2025-06-02 13:39:45 [INFO] org.example.TagBot.TagBotApplication - Бот запустился.
2025-06-02 13:39:48 [INFO] org.example.TagBot.EventHandler - Новое сообщение от пользователя: andrey.sanzharov@lukoil.com = {kjh}
2025-06-02 13:39:49 [INFO] org.example.TagBot.EventHandler - Callback от пользователя: andrey.sanzharov@lukoil.com| Кнопка: Зарегистрировать обращение
2025-06-02 13:39:51 [INFO] org.example.TagBot.EventHandler - Callback от пользователя: andrey.sanzharov@lukoil.com| Кнопка: Не работает электронная почта
2025-06-02 13:39:51 [INFO] org.example.TagBot.EventHandler - Callback от пользователя: andrey.sanzharov@lukoil.com| Кнопка: Отменить составление заявки.
2025-06-02 13:40:26 [INFO] org.example.TagBot.TagBotApplication - Бот запускается...
2025-06-02 13:40:26 [INFO] ru.mail.im.botapi.BotLogger - IM_BOT bot successfully started
2025-06-02 13:40:26 [INFO] ru.mail.im.botapi.BotLogger - IM_BOT bot already started
2025-06-02 13:40:26 [INFO] org.example.TagBot.TagBotApplication - Бот запустился.
2025-06-02 13:40:26 [INFO] org.example.TagBot.EventHandler - Callback от пользователя: andrey.sanzharov@lukoil.com| Кнопка: Отменить составление заявки.
2025-06-02 13:40:26 [WARN] org.example.TagBot.UserStateManager - Нет состояния для пользователя: andrey.sanzharov@lukoil.com
2025-06-02 13:40:27 [INFO] org.example.TagBot.EventHandler - Новое сообщение от пользователя: andrey.sanzharov@lukoil.com = {jjj}
2025-06-02 13:40:28 [INFO] org.example.TagBot.EventHandler - Callback от пользователя: andrey.sanzharov@lukoil.com| Кнопка: Зарегистрировать обращение
2025-06-02 13:40:30 [INFO] org.example.TagBot.EventHandler - Callback от пользователя: andrey.sanzharov@lukoil.com| Кнопка: Не работает электронная почта
2025-06-02 13:40:31 [INFO] org.example.TagBot.EventHandler - Callback от пользователя: andrey.sanzharov@lukoil.com| Кнопка: Отменить составление заявки.
2025-06-02 13:40:47 [INFO] org.example.TagBot.EventHandler - Новое сообщение от пользователя: andrey.sanzharov@lukoil.com = {k}
2025-06-02 13:41:08 [INFO] org.example.TagBot.TagBotApplication - Бот запускается...
2025-06-02 13:41:08 [INFO] ru.mail.im.botapi.BotLogger - IM_BOT bot successfully started
2025-06-02 13:41:08 [INFO] ru.mail.im.botapi.BotLogger - IM_BOT bot already started
2025-06-02 13:41:08 [INFO] org.example.TagBot.TagBotApplication - Бот запустился.
2025-06-02 13:41:12 [INFO] org.example.TagBot.EventHandler - Новое сообщение от пользователя: andrey.sanzharov@lukoil.com = {jhg}
2025-06-02 13:41:14 [INFO] org.example.TagBot.EventHandler - Callback от пользователя: andrey.sanzharov@lukoil.com| Кнопка: Зарегистрировать обращение
2025-06-02 13:41:15 [INFO] org.example.TagBot.EventHandler - Callback от пользователя: andrey.sanzharov@lukoil.com| Кнопка: Сбросить пароль учетной записи в домене
2025-06-02 13:41:16 [INFO] org.example.TagBot.EventHandler - Callback от пользователя: andrey.sanzharov@lukoil.com| Кнопка: Нет
2025-06-02 13:41:47 [INFO] org.example.TagBot.TagBotApplication - Бот запускается...
2025-06-02 13:41:47 [INFO] ru.mail.im.botapi.BotLogger - IM_BOT bot successfully started
2025-06-02 13:41:47 [INFO] ru.mail.im.botapi.BotLogger - IM_BOT bot already started
2025-06-02 13:41:47 [INFO] org.example.TagBot.TagBotApplication - Бот запустился.
2025-06-02 13:41:53 [INFO] org.example.TagBot.EventHandler - Новое сообщение от пользователя: andrey.sanzharov@lukoil.com = {h}
2025-06-02 13:41:54 [INFO] org.example.TagBot.EventHandler - Callback от пользователя: andrey.sanzharov@lukoil.com| Кнопка: Зарегистрировать обращение
2025-06-02 13:41:57 [INFO] org.example.TagBot.EventHandler - Callback от пользователя: andrey.sanzharov@lukoil.com| Кнопка: Не работает электронная почта
2025-06-02 13:41:59 [INFO] org.example.TagBot.EventHandler - Callback от пользователя: andrey.sanzharov@lukoil.com| Кнопка: Отменить составление заявки.
2025-06-02 13:42:02 [INFO] org.example.TagBot.EventHandler - Новое сообщение от пользователя: andrey.sanzharov@lukoil.com = {kk}
2025-06-02 13:42:04 [INFO] org.example.TagBot.EventHandler - Callback от пользователя: andrey.sanzharov@lukoil.com| Кнопка: Зарегистрировать обращение
2025-06-02 13:42:06 [INFO] org.example.TagBot.EventHandler - Callback от пользователя: andrey.sanzharov@lukoil.com| Кнопка: Не Включается ПК
2025-06-02 13:42:08 [INFO] org.example.TagBot.EventHandler - Callback от пользователя: andrey.sanzharov@lukoil.com| Кнопка: От себя
2025-06-02 13:42:08 [INFO] org.example.TagBot.UserStateManager - Диалог завершен для пользователя: andrey.sanzharov@lukoil.com
2025-06-02 13:42:10 [INFO] org.example.TagBot.EventHandler - Новое сообщение от пользователя: andrey.sanzharov@lukoil.com = {hjb}
2025-06-02 13:42:11 [INFO] org.example.TagBot.EventHandler - Callback от пользователя: andrey.sanzharov@lukoil.com| Кнопка: Зарегистрировать обращение
2025-06-02 13:42:13 [INFO] org.example.TagBot.EventHandler - Callback от пользователя: andrey.sanzharov@lukoil.com| Кнопка: Заблокирована учетная запись
2025-06-02 13:48:52 [INFO] org.example.TagBot.TagBotApplication - Бот запускается...
2025-06-02 13:48:52 [INFO] ru.mail.im.botapi.BotLogger - IM_BOT bot successfully started
2025-06-02 13:48:52 [INFO] ru.mail.im.botapi.BotLogger - IM_BOT bot already started
2025-06-02 13:48:52 [INFO] org.example.TagBot.TagBotApplication - Бот запустился.
2025-06-02 13:48:55 [INFO] org.example.TagBot.EventHandler - Новое сообщение от пользователя: andrey.sanzharov@lukoil.com = {пр}
2025-06-02 13:48:56 [INFO] org.example.TagBot.EventHandler - Callback от пользователя: andrey.sanzharov@lukoil.com| Кнопка: Зарегистрировать обращение
2025-06-02 13:48:57 [INFO] org.example.TagBot.EventHandler - Callback от пользователя: andrey.sanzharov@lukoil.com| Кнопка: Заблокирована учетная запись
2025-06-02 13:48:58 [INFO] org.example.TagBot.EventHandler - Callback от пользователя: andrey.sanzharov@lukoil.com| Кнопка: Да
2025-06-02 13:48:59 [INFO] org.example.TagBot.UserStateManager - Диалог завершен для пользователя: andrey.sanzharov@lukoil.com
2025-06-02 13:49:30 [INFO] org.example.TagBot.EventHandler - Callback от пользователя: andrey.sanzharov@lukoil.com| Кнопка: Нет
2025-06-02 13:49:30 [WARN] org.example.TagBot.UserStateManager - Нет состояния для пользователя: andrey.sanzharov@lukoil.com
2025-06-02 13:49:59 [INFO] org.example.TagBot.EventHandler - Новое сообщение от пользователя: andrey.sanzharov@lukoil.com = {о}
2025-06-02 13:50:00 [INFO] org.example.TagBot.EventHandler - Callback от пользователя: andrey.sanzharov@lukoil.com| Кнопка: Зарегистрировать обращение
2025-06-02 13:50:01 [INFO] org.example.TagBot.EventHandler - Callback от пользователя: andrey.sanzharov@lukoil.com| Кнопка: Заблокирована учетная запись
2025-06-02 13:50:02 [INFO] org.example.TagBot.EventHandler - Callback от пользователя: andrey.sanzharov@lukoil.com| Кнопка: Нет
2025-06-02 13:50:03 [INFO] org.example.TagBot.UserStateManager - Диалог завершен для пользователя: andrey.sanzharov@lukoil.com
2025-06-02 13:50:06 [INFO] org.example.TagBot.EventHandler - Новое сообщение от пользователя: andrey.sanzharov@lukoil.com = {д}
2025-06-02 13:50:07 [INFO] org.example.TagBot.EventHandler - Callback от пользователя: andrey.sanzharov@lukoil.com| Кнопка: Зарегистрировать обращение
2025-06-02 13:50:10 [INFO] org.example.TagBot.EventHandler - Callback от пользователя: andrey.sanzharov@lukoil.com| Кнопка: Другое
2025-06-02 13:50:12 [INFO] org.example.TagBot.EventHandler - Новое сообщение от пользователя: andrey.sanzharov@lukoil.com = {рроро}
2025-06-02 13:50:12 [INFO] org.example.TagBot.UserStateManager - Пользователь написал сообщение: рроро
2025-06-02 13:51:24 [INFO] org.example.TagBot.TagBotApplication - Бот запускается...
2025-06-02 13:51:25 [INFO] ru.mail.im.botapi.BotLogger - IM_BOT bot successfully started
2025-06-02 13:51:25 [INFO] ru.mail.im.botapi.BotLogger - IM_BOT bot already started
2025-06-02 13:51:25 [INFO] org.example.TagBot.TagBotApplication - Бот запустился.
2025-06-02 13:51:28 [INFO] org.example.TagBot.EventHandler - Новое сообщение от пользователя: andrey.sanzharov@lukoil.com = {прпр}
2025-06-02 13:51:30 [INFO] org.example.TagBot.EventHandler - Callback от пользователя: andrey.sanzharov@lukoil.com| Кнопка: Узнать статус обращений
2025-06-02 13:51:34 [INFO] org.example.TagBot.EventHandler - Новое сообщение от пользователя: andrey.sanzharov@lukoil.com = {ооро}
2025-06-02 13:51:34 [INFO] org.example.TagBot.UserStateManager - Пользователь написал сообщение: ооро
2025-06-02 13:51:38 [INFO] org.example.TagBot.EventHandler - Callback от пользователя: andrey.sanzharov@lukoil.com| Кнопка: Зарегистрировать обращение
2025-06-02 13:51:40 [INFO] org.example.TagBot.EventHandler - Callback от пользователя: andrey.sanzharov@lukoil.com| Кнопка: Не работает телефон
2025-06-02 13:51:41 [INFO] org.example.TagBot.EventHandler - Callback от пользователя: andrey.sanzharov@lukoil.com| Кнопка: От себя
2025-06-02 13:51:41 [INFO] org.example.TagBot.UserStateManager - Диалог завершен для пользователя: andrey.sanzharov@lukoil.com
2025-06-02 13:51:45 [INFO] org.example.TagBot.EventHandler - Новое сообщение от пользователя: andrey.sanzharov@lukoil.com = {оо}
2025-06-02 13:51:46 [INFO] org.example.TagBot.EventHandler - Callback от пользователя: andrey.sanzharov@lukoil.com| Кнопка: Зарегистрировать обращение
2025-06-02 13:51:48 [INFO] org.example.TagBot.EventHandler - Callback от пользователя: andrey.sanzharov@lukoil.com| Кнопка: Не работает телефон
2025-06-02 13:51:49 [INFO] org.example.TagBot.EventHandler - Callback от пользователя: andrey.sanzharov@lukoil.com| Кнопка: От имени другого сотрудника.
2025-06-02 13:51:52 [INFO] org.example.TagBot.EventHandler - Новое сообщение от пользователя: andrey.sanzharov@lukoil.com = {роророрпарар}
2025-06-02 13:51:52 [INFO] org.example.TagBot.UserStateManager - Пользователь написал сообщение: роророрпарар
2025-06-02 13:51:55 [INFO] org.example.TagBot.EventHandler - Callback от пользователя: andrey.sanzharov@lukoil.com| Кнопка: Зарегистрировать обращение
2025-06-02 13:51:57 [INFO] org.example.TagBot.EventHandler - Callback от пользователя: andrey.sanzharov@lukoil.com| Кнопка: Не работает телефон
2025-06-02 13:51:58 [INFO] org.example.TagBot.EventHandler - Callback от пользователя: andrey.sanzharov@lukoil.com| Кнопка: Отменить составление заявки.
2025-06-02 13:52:04 [INFO] org.example.TagBot.EventHandler - Новое сообщение от пользователя: andrey.sanzharov@lukoil.com = {о}
2025-06-02 13:52:05 [INFO] org.example.TagBot.EventHandler - Callback от пользователя: andrey.sanzharov@lukoil.com| Кнопка: Зарегистрировать обращение
2025-06-02 13:52:07 [INFO] org.example.TagBot.EventHandler - Callback от пользователя: andrey.sanzharov@lukoil.com| Кнопка: Сбросить пароль учетной записи в домене
2025-06-02 13:52:09 [INFO] org.example.TagBot.EventHandler - Callback от пользователя: andrey.sanzharov@lukoil.com| Кнопка: Да
2025-06-02 13:52:12 [INFO] org.example.TagBot.EventHandler - Новое сообщение от пользователя: andrey.sanzharov@lukoil.com = {+7}
2025-06-02 13:52:12 [INFO] org.example.TagBot.UserStateManager - Пользователь написал сообщение: +7
2025-06-02 13:52:16 [INFO] org.example.TagBot.EventHandler - Callback от пользователя: andrey.sanzharov@lukoil.com| Кнопка: Зарегистрировать обращение
2025-06-02 13:52:18 [INFO] org.example.TagBot.EventHandler - Callback от пользователя: andrey.sanzharov@lukoil.com| Кнопка: Сбросить пароль учетной записи в домене
2025-06-02 13:52:19 [INFO] org.example.TagBot.EventHandler - Callback от пользователя: andrey.sanzharov@lukoil.com| Кнопка: Нет
2025-06-02 13:52:23 [INFO] org.example.TagBot.EventHandler - Новое сообщение от пользователя: andrey.sanzharov@lukoil.com = {ооо}
2025-06-02 13:52:24 [INFO] org.example.TagBot.EventHandler - Callback от пользователя: andrey.sanzharov@lukoil.com| Кнопка: Зарегистрировать обращение
2025-06-02 13:52:30 [INFO] org.example.TagBot.EventHandler - Callback от пользователя: andrey.sanzharov@lukoil.com| Кнопка: Заблокирована учетная запись
2025-06-02 13:52:32 [INFO] org.example.TagBot.EventHandler - Callback от пользователя: andrey.sanzharov@lukoil.com| Кнопка: Да
2025-06-02 13:52:33 [INFO] org.example.TagBot.UserStateManager - Диалог завершен для пользователя: andrey.sanzharov@lukoil.com
2025-06-02 13:52:36 [INFO] org.example.TagBot.EventHandler - Новое сообщение от пользователя: andrey.sanzharov@lukoil.com = {роро}
2025-06-02 13:52:37 [INFO] org.example.TagBot.EventHandler - Callback от пользователя: andrey.sanzharov@lukoil.com| Кнопка: Зарегистрировать обращение
2025-06-02 13:52:39 [INFO] org.example.TagBot.EventHandler - Callback от пользователя: andrey.sanzharov@lukoil.com| Кнопка: Другое
2025-06-02 13:52:43 [INFO] org.example.TagBot.EventHandler - Новое сообщение от пользователя: andrey.sanzharov@lukoil.com = {Поплдьтпалдптьлтптиа}
2025-06-02 13:52:43 [INFO] org.example.TagBot.UserStateManager - Пользователь написал сообщение: Поплдьтпалдптьлтптиа
2025-06-02 13:55:00 [INFO] org.example.TagBot.TagBotApplication - Бот запускается...
2025-06-02 13:55:00 [INFO] ru.mail.im.botapi.BotLogger - IM_BOT bot successfully started
2025-06-02 13:55:00 [INFO] ru.mail.im.botapi.BotLogger - IM_BOT bot already started
2025-06-02 13:55:00 [INFO] org.example.TagBot.TagBotApplication - Бот запустился.
2025-06-02 13:55:04 [INFO] org.example.TagBot.EventHandler - Новое сообщение от пользователя: andrey.sanzharov@lukoil.com = {hj}
2025-06-02 13:55:05 [INFO] org.example.TagBot.EventHandler - Callback от пользователя: andrey.sanzharov@lukoil.com| Кнопка: Зарегистрировать обращение
2025-06-02 13:55:06 [INFO] org.example.TagBot.EventHandler - Callback от пользователя: andrey.sanzharov@lukoil.com| Кнопка: Другое
2025-06-02 13:55:07 [INFO] org.example.TagBot.EventHandler - Callback от пользователя: andrey.sanzharov@lukoil.com| Кнопка: От себя
2025-06-02 13:55:09 [INFO] org.example.TagBot.EventHandler - Новое сообщение от пользователя: andrey.sanzharov@lukoil.com = {jhgjgjgjg}
2025-06-02 13:55:09 [INFO] org.example.TagBot.UserStateManager - Пользователь написал сообщение: jhgjgjgjg
2025-06-02 13:55:15 [INFO] org.example.TagBot.EventHandler - Callback от пользователя: andrey.sanzharov@lukoil.com| Кнопка: Зарегистрировать обращение
2025-06-02 13:55:17 [INFO] org.example.TagBot.EventHandler - Callback от пользователя: andrey.sanzharov@lukoil.com| Кнопка: Другое
2025-06-02 13:55:18 [INFO] org.example.TagBot.EventHandler - Callback от пользователя: andrey.sanzharov@lukoil.com| Кнопка: От имени другого сотрудника.
2025-06-02 13:55:21 [INFO] org.example.TagBot.EventHandler - Новое сообщение от пользователя: andrey.sanzharov@lukoil.com = {jgjgj}
2025-06-02 13:55:21 [INFO] org.example.TagBot.UserStateManager - Пользователь написал сообщение: jgjgj
2025-06-02 13:55:23 [INFO] org.example.TagBot.EventHandler - Новое сообщение от пользователя: andrey.sanzharov@lukoil.com = {gkgkgk}
2025-06-02 13:55:23 [INFO] org.example.TagBot.UserStateManager - Пользователь написал сообщение: gkgkgk
2025-06-02 16:37:45 [INFO] org.example.TagBot.TagBotApplication - Бот запускается...
2025-06-02 16:37:45 [INFO] ru.mail.im.botapi.BotLogger - IM_BOT bot successfully started
2025-06-02 16:37:45 [INFO] ru.mail.im.botapi.BotLogger - IM_BOT bot already started
2025-06-02 16:37:45 [INFO] org.example.TagBot.TagBotApplication - Бот запустился.
2025-06-02 16:37:49 [INFO] org.example.TagBot.EventHandler - Новое сообщение от пользователя: andrey.sanzharov@lukoil.com = {gg}
2025-06-02 16:37:50 [INFO] org.example.TagBot.EventHandler - Callback от пользователя: andrey.sanzharov@lukoil.com| Кнопка: Зарегистрировать обращение
2025-06-02 16:38:02 [INFO] org.example.TagBot.EventHandler - Callback от пользователя: andrey.sanzharov@lukoil.com| Кнопка: Не работает телефон
2025-06-02 16:38:04 [INFO] org.example.TagBot.EventHandler - Callback от пользователя: andrey.sanzharov@lukoil.com| Кнопка: От себя
2025-06-02 16:38:05 [INFO] org.example.TagBot.UserStateManager - Диалог завершен для пользователя: andrey.sanzharov@lukoil.com
2025-06-03 09:40:25 [INFO] org.example.TagBot.TagBotApplication - Бот запускается...
2025-06-03 09:40:26 [INFO] ru.mail.im.botapi.BotLogger - IM_BOT bot successfully started
2025-06-03 09:40:26 [INFO] ru.mail.im.botapi.BotLogger - IM_BOT bot already started
2025-06-03 09:40:26 [INFO] org.example.TagBot.TagBotApplication - Бот запустился.
2025-06-03 09:40:42 [INFO] org.example.TagBot.EventHandler - Новое сообщение от пользователя: andrey.sanzharov@lukoil.com = {0}
2025-06-03 09:40:45 [INFO] org.example.TagBot.EventHandler - Callback от пользователя: andrey.sanzharov@lukoil.com| Кнопка: Зарегистрировать обращение
2025-06-03 09:40:46 [INFO] org.example.TagBot.EventHandler - Callback от пользователя: andrey.sanzharov@lukoil.com| Кнопка: Другое
2025-06-03 09:40:47 [INFO] org.example.TagBot.EventHandler - Callback от пользователя: andrey.sanzharov@lukoil.com| Кнопка: От имени другого сотрудника.
2025-06-03 09:40:50 [INFO] org.example.TagBot.EventHandler - Новое сообщение от пользователя: andrey.sanzharov@lukoil.com = {j j j}
2025-06-03 09:40:50 [INFO] org.example.TagBot.UserStateManager - Пользователь написал сообщение: j j j
2025-06-03 09:40:50 [INFO] org.example.TagBot.HandlerProcessor - Проверка ФИО 'j j j': 2  пробелов => true
2025-06-03 09:40:54 [INFO] org.example.TagBot.EventHandler - Новое сообщение от пользователя: andrey.sanzharov@lukoil.com = {jknkn}
2025-06-03 09:40:54 [INFO] org.example.TagBot.UserStateManager - Пользователь написал сообщение: jknkn
2025-06-03 09:40:58 [INFO] org.example.TagBot.EventHandler - Callback от пользователя: andrey.sanzharov@lukoil.com| Кнопка: Зарегистрировать обращение
2025-06-03 09:41:00 [INFO] org.example.TagBot.EventHandler - Callback от пользователя: andrey.sanzharov@lukoil.com| Кнопка: Другое
2025-06-03 09:41:01 [INFO] org.example.TagBot.EventHandler - Callback от пользователя: andrey.sanzharov@lukoil.com| Кнопка: От имени другого сотрудника.
2025-06-03 09:41:03 [INFO] org.example.TagBot.EventHandler - Новое сообщение от пользователя: andrey.sanzharov@lukoil.com = {kkk}
2025-06-03 09:41:03 [INFO] org.example.TagBot.UserStateManager - Пользователь написал сообщение: kkk
2025-06-03 09:41:03 [INFO] org.example.TagBot.HandlerProcessor - Проверка ФИО 'kkk': 0  пробелов => false
2025-06-03 09:41:07 [INFO] org.example.TagBot.EventHandler - Новое сообщение от пользователя: andrey.sanzharov@lukoil.com = {k k k}
2025-06-03 09:41:07 [INFO] org.example.TagBot.UserStateManager - Пользователь написал сообщение: k k k
2025-06-03 09:41:07 [INFO] org.example.TagBot.HandlerProcessor - Проверка ФИО 'k k k': 2  пробелов => true
2025-06-03 09:41:10 [INFO] org.example.TagBot.EventHandler - Новое сообщение от пользователя: andrey.sanzharov@lukoil.com = {kkkk}
2025-06-03 09:41:10 [INFO] org.example.TagBot.UserStateManager - Пользователь написал сообщение: kkkk
2025-06-03 09:52:32 [INFO] org.example.TagBot.TagBotApplication - Бот запускается...
2025-06-03 09:52:32 [INFO] ru.mail.im.botapi.BotLogger - IM_BOT bot successfully started
2025-06-03 09:52:32 [INFO] ru.mail.im.botapi.BotLogger - IM_BOT bot already started
2025-06-03 09:52:32 [INFO] org.example.TagBot.TagBotApplication - Бот запустился.
2025-06-03 09:52:36 [INFO] org.example.TagBot.EventHandler - Новое сообщение от пользователя: andrey.sanzharov@lukoil.com = {554}
2025-06-03 09:52:38 [INFO] org.example.TagBot.EventHandler - Callback от пользователя: andrey.sanzharov@lukoil.com| Кнопка: Зарегистрировать обращение
2025-06-03 09:52:38 [INFO] org.example.TagBot.EventHandler - Callback от пользователя: andrey.sanzharov@lukoil.com| Кнопка: Другое
2025-06-03 09:52:42 [INFO] org.example.TagBot.EventHandler - Callback от пользователя: andrey.sanzharov@lukoil.com| Кнопка: От имени другого сотрудника.
2025-06-03 09:52:45 [INFO] org.example.TagBot.EventHandler - Новое сообщение от пользователя: andrey.sanzharov@lukoil.com = {ggg}
2025-06-03 09:52:45 [INFO] org.example.TagBot.UserStateManager - Пользователь написал сообщение: ggg
2025-06-03 09:52:45 [INFO] org.example.TagBot.HandlerProcessor - Проверка ФИО 'ggg': 0  пробелов => false
2025-06-03 09:52:45 [ERROR] org.example.TagBot.EventHandler - Ошибка при обработке сообщения: Cannot invoke "org.example.TagBot.UserStateManager.sendText(String, String)" because "org.example.TagBot.HandlerProcessor.userStateManager" is null
2025-06-03 09:54:11 [INFO] org.example.TagBot.TagBotApplication - Бот запускается...
2025-06-03 09:54:11 [INFO] ru.mail.im.botapi.BotLogger - IM_BOT bot successfully started
2025-06-03 09:54:11 [INFO] ru.mail.im.botapi.BotLogger - IM_BOT bot already started
2025-06-03 09:54:11 [INFO] org.example.TagBot.TagBotApplication - Бот запустился.
2025-06-03 09:54:14 [INFO] org.example.TagBot.EventHandler - Новое сообщение от пользователя: andrey.sanzharov@lukoil.com = {hg}
2025-06-03 09:54:16 [INFO] org.example.TagBot.EventHandler - Callback от пользователя: andrey.sanzharov@lukoil.com| Кнопка: Зарегистрировать обращение
2025-06-03 09:54:21 [INFO] org.example.TagBot.EventHandler - Callback от пользователя: andrey.sanzharov@lukoil.com| Кнопка: Другое
2025-06-03 09:54:23 [INFO] org.example.TagBot.EventHandler - Callback от пользователя: andrey.sanzharov@lukoil.com| Кнопка: От имени другого сотрудника.
2025-06-03 09:54:25 [INFO] org.example.TagBot.EventHandler - Новое сообщение от пользователя: andrey.sanzharov@lukoil.com = {hhhh}
2025-06-03 09:54:25 [INFO] org.example.TagBot.UserStateManager - Пользователь написал сообщение: hhhh
2025-06-03 09:54:25 [INFO] org.example.TagBot.HandlerProcessor - Проверка ФИО 'hhhh': 0  пробелов => false
2025-06-03 09:54:25 [ERROR] org.example.TagBot.EventHandler - Ошибка при обработке сообщения: Cannot invoke "ru.mail.im.botapi.BotApiClientController.sendTextMessage(ru.mail.im.botapi.api.entity.SendTextRequest)" because "this.controller" is null
2025-06-03 09:58:07 [INFO] org.example.TagBot.TagBotApplication - Бот запускается...
2025-06-03 09:58:08 [INFO] ru.mail.im.botapi.BotLogger - IM_BOT bot successfully started
2025-06-03 09:58:08 [INFO] ru.mail.im.botapi.BotLogger - IM_BOT bot already started
2025-06-03 09:58:08 [INFO] org.example.TagBot.TagBotApplication - Бот запустился.
2025-06-03 09:58:09 [INFO] org.example.TagBot.EventHandler - Новое сообщение от пользователя: andrey.sanzharov@lukoil.com = {uhh}
2025-06-03 09:58:11 [INFO] org.example.TagBot.EventHandler - Callback от пользователя: andrey.sanzharov@lukoil.com| Кнопка: Зарегистрировать обращение
2025-06-03 09:58:12 [INFO] org.example.TagBot.EventHandler - Callback от пользователя: andrey.sanzharov@lukoil.com| Кнопка: Другое
2025-06-03 09:58:13 [INFO] org.example.TagBot.EventHandler - Callback от пользователя: andrey.sanzharov@lukoil.com| Кнопка: От имени другого сотрудника.
2025-06-03 09:58:15 [INFO] org.example.TagBot.EventHandler - Новое сообщение от пользователя: andrey.sanzharov@lukoil.com = {p[kojhg}
2025-06-03 09:58:15 [INFO] org.example.TagBot.UserStateManager - Пользователь написал сообщение: p[kojhg
2025-06-03 09:58:15 [INFO] org.example.TagBot.HandlerProcessor - Проверка ФИО 'p[kojhg': 0  пробелов => false
2025-06-03 09:58:15 [ERROR] org.example.TagBot.EventHandler - Ошибка при обработке сообщения: Cannot invoke "ru.mail.im.botapi.BotApiClientController.sendTextMessage(ru.mail.im.botapi.api.entity.SendTextRequest)" because "this.controller" is null
2025-06-03 10:02:55 [INFO] org.example.TagBot.TagBotApplication - Бот запускается...
2025-06-03 10:02:56 [INFO] ru.mail.im.botapi.BotLogger - IM_BOT bot successfully started
2025-06-03 10:02:56 [INFO] ru.mail.im.botapi.BotLogger - IM_BOT bot already started
2025-06-03 10:02:56 [INFO] org.example.TagBot.TagBotApplication - Бот запустился.
2025-06-03 10:02:59 [INFO] org.example.TagBot.EventHandler - Новое сообщение от пользователя: andrey.sanzharov@lukoil.com = {ghghgh}
2025-06-03 10:03:00 [INFO] org.example.TagBot.EventHandler - Callback от пользователя: andrey.sanzharov@lukoil.com| Кнопка: Зарегистрировать обращение
2025-06-03 10:03:01 [INFO] org.example.TagBot.EventHandler - Callback от пользователя: andrey.sanzharov@lukoil.com| Кнопка: Другое
2025-06-03 10:03:04 [INFO] org.example.TagBot.EventHandler - Callback от пользователя: andrey.sanzharov@lukoil.com| Кнопка: От имени другого сотрудника.
2025-06-03 10:03:06 [INFO] org.example.TagBot.EventHandler - Новое сообщение от пользователя: andrey.sanzharov@lukoil.com = {dfg}
2025-06-03 10:03:06 [INFO] org.example.TagBot.UserStateManager - Пользователь написал сообщение: dfg
2025-06-03 10:03:06 [INFO] org.example.TagBot.HandlerProcessor - Проверка ФИО 'dfg': 0  пробелов => false
2025-06-03 10:03:06 [ERROR] org.example.TagBot.EventHandler - Ошибка при обработке сообщения: Cannot invoke "ru.mail.im.botapi.BotApiClientController.sendTextMessage(ru.mail.im.botapi.api.entity.SendTextRequest)" because "this.controller" is null
2025-06-03 10:04:11 [INFO] org.example.TagBot.TagBotApplication - Бот запускается...
2025-06-03 10:04:11 [INFO] ru.mail.im.botapi.BotLogger - IM_BOT bot successfully started
2025-06-03 10:04:11 [INFO] ru.mail.im.botapi.BotLogger - IM_BOT bot already started
2025-06-03 10:04:11 [INFO] org.example.TagBot.TagBotApplication - Бот запустился.
2025-06-03 10:04:16 [INFO] org.example.TagBot.EventHandler - Новое сообщение от пользователя: andrey.sanzharov@lukoil.com = {hjhjhj}
2025-06-03 10:04:17 [INFO] org.example.TagBot.EventHandler - Callback от пользователя: andrey.sanzharov@lukoil.com| Кнопка: Зарегистрировать обращение
2025-06-03 10:04:19 [INFO] org.example.TagBot.EventHandler - Callback от пользователя: andrey.sanzharov@lukoil.com| Кнопка: Другое
2025-06-03 10:04:20 [INFO] org.example.TagBot.EventHandler - Callback от пользователя: andrey.sanzharov@lukoil.com| Кнопка: От имени другого сотрудника.
2025-06-03 10:04:23 [INFO] org.example.TagBot.EventHandler - Новое сообщение от пользователя: andrey.sanzharov@lukoil.com = {hhjhj}
2025-06-03 10:04:23 [INFO] org.example.TagBot.UserStateManager - Пользователь написал сообщение: hhjhj
2025-06-03 10:04:23 [INFO] org.example.TagBot.HandlerProcessor - Проверка ФИО 'hhjhj': 0  пробелов => false
2025-06-03 10:04:27 [INFO] org.example.TagBot.EventHandler - Новое сообщение от пользователя: andrey.sanzharov@lukoil.com = {hh hh hh}
2025-06-03 10:04:27 [INFO] org.example.TagBot.UserStateManager - Пользователь написал сообщение: hh hh hh
2025-06-03 10:04:27 [INFO] org.example.TagBot.HandlerProcessor - Проверка ФИО 'hh hh hh': 2  пробелов => true
2025-06-03 10:04:31 [INFO] org.example.TagBot.EventHandler - Новое сообщение от пользователя: andrey.sanzharov@lukoil.com = {jjhjhjhj}
2025-06-03 10:04:31 [INFO] org.example.TagBot.UserStateManager - Пользователь написал сообщение: jjhjhjhj
2025-06-03 10:15:46 [INFO] org.example.TagBot.TagBotApplication - Бот запускается...
2025-06-03 10:15:46 [INFO] ru.mail.im.botapi.BotLogger - IM_BOT bot successfully started
2025-06-03 10:15:46 [INFO] ru.mail.im.botapi.BotLogger - IM_BOT bot already started
2025-06-03 10:15:46 [INFO] org.example.TagBot.TagBotApplication - Бот запустился.
2025-06-03 10:15:50 [INFO] org.example.TagBot.EventHandler - Новое сообщение от пользователя: andrey.sanzharov@lukoil.com = {54}
2025-06-03 10:15:51 [INFO] org.example.TagBot.EventHandler - Callback от пользователя: andrey.sanzharov@lukoil.com| Кнопка: Зарегистрировать обращение
2025-06-03 10:15:52 [INFO] org.example.TagBot.EventHandler - Callback от пользователя: andrey.sanzharov@lukoil.com| Кнопка: Другое
2025-06-03 10:15:54 [INFO] org.example.TagBot.EventHandler - Callback от пользователя: andrey.sanzharov@lukoil.com| Кнопка: От имени другого сотрудника.
2025-06-03 10:15:57 [INFO] org.example.TagBot.EventHandler - Новое сообщение от пользователя: andrey.sanzharov@lukoil.com = {4444}
2025-06-03 10:15:57 [INFO] org.example.TagBot.UserStateManager - Пользователь написал сообщение: 4444
2025-06-03 10:15:57 [INFO] org.example.TagBot.HandlerProcessor - Проверка ФИО '4444': 0  пробелов => false
2025-06-03 10:15:57 [ERROR] org.example.TagBot.EventHandler - Ошибка при обработке сообщения: Cannot invoke "org.example.TagBot.UserStateManager.sendText(String, String)" because "org.example.TagBot.HandlerProcessor.userStateManager" is null
2025-06-03 10:16:27 [INFO] org.example.TagBot.TagBotApplication - Бот запускается...
2025-06-03 10:16:28 [INFO] ru.mail.im.botapi.BotLogger - IM_BOT bot successfully started
2025-06-03 10:16:28 [INFO] ru.mail.im.botapi.BotLogger - IM_BOT bot already started
2025-06-03 10:16:28 [INFO] org.example.TagBot.TagBotApplication - Бот запустился.
2025-06-03 10:16:38 [INFO] org.example.TagBot.EventHandler - Новое сообщение от пользователя: andrey.sanzharov@lukoil.com = {gh}
2025-06-03 10:16:40 [INFO] org.example.TagBot.EventHandler - Callback от пользователя: andrey.sanzharov@lukoil.com| Кнопка: Зарегистрировать обращение
2025-06-03 10:16:41 [INFO] org.example.TagBot.EventHandler - Callback от пользователя: andrey.sanzharov@lukoil.com| Кнопка: Другое
2025-06-03 10:16:43 [INFO] org.example.TagBot.EventHandler - Callback от пользователя: andrey.sanzharov@lukoil.com| Кнопка: От имени другого сотрудника.
2025-06-03 10:16:45 [INFO] org.example.TagBot.EventHandler - Новое сообщение от пользователя: andrey.sanzharov@lukoil.com = {+65521}
2025-06-03 10:16:45 [INFO] org.example.TagBot.UserStateManager - Пользователь написал сообщение: +65521
2025-06-03 10:16:45 [INFO] org.example.TagBot.HandlerProcessor - Проверка ФИО '+65521': 0  пробелов => false
2025-06-03 10:16:45 [ERROR] org.example.TagBot.EventHandler - Ошибка при обработке сообщения: Cannot invoke "ru.mail.im.botapi.BotApiClientController.sendTextMessage(ru.mail.im.botapi.api.entity.SendTextRequest)" because "this.controller" is null
2025-06-03 10:24:15 [INFO] org.example.TagBot.TagBotApplication - Бот запускается...
2025-06-03 10:24:16 [INFO] ru.mail.im.botapi.BotLogger - IM_BOT bot successfully started
2025-06-03 10:24:16 [INFO] ru.mail.im.botapi.BotLogger - IM_BOT bot already started
2025-06-03 10:24:16 [INFO] org.example.TagBot.TagBotApplication - Бот запустился.
2025-06-03 10:24:22 [INFO] org.example.TagBot.EventHandler - Новое сообщение от пользователя: andrey.sanzharov@lukoil.com = {вапро}
2025-06-03 10:24:23 [INFO] org.example.TagBot.EventHandler - Callback от пользователя: andrey.sanzharov@lukoil.com| Кнопка: Зарегистрировать обращение
2025-06-03 10:24:24 [INFO] org.example.TagBot.EventHandler - Callback от пользователя: andrey.sanzharov@lukoil.com| Кнопка: Другое
2025-06-03 10:24:26 [INFO] org.example.TagBot.EventHandler - Callback от пользователя: andrey.sanzharov@lukoil.com| Кнопка: От имени другого сотрудника.
2025-06-03 10:24:27 [INFO] org.example.TagBot.EventHandler - Новое сообщение от пользователя: andrey.sanzharov@lukoil.com = {укер}
2025-06-03 10:24:27 [INFO] org.example.TagBot.UserStateManager - Пользователь написал сообщение: укер
2025-06-03 10:24:27 [INFO] org.example.TagBot.HandlerProcessor - Проверка ФИО 'укер': 0  пробелов => false
2025-06-03 10:24:27 [ERROR] org.example.TagBot.EventHandler - Ошибка при обработке сообщения: Cannot invoke "org.example.TagBot.UserStateManager.sendText(String, String)" because "org.example.TagBot.HandlerProcessor.userStateManager" is null
2025-06-03 10:24:36 [INFO] org.example.TagBot.TagBotApplication - Бот запускается...
2025-06-03 10:24:37 [INFO] ru.mail.im.botapi.BotLogger - IM_BOT bot successfully started
2025-06-03 10:24:37 [INFO] ru.mail.im.botapi.BotLogger - IM_BOT bot already started
2025-06-03 10:24:37 [INFO] org.example.TagBot.TagBotApplication - Бот запустился.
2025-06-03 10:24:42 [INFO] org.example.TagBot.EventHandler - Новое сообщение от пользователя: andrey.sanzharov@lukoil.com = {екенгог}
2025-06-03 10:24:43 [INFO] org.example.TagBot.EventHandler - Callback от пользователя: andrey.sanzharov@lukoil.com| Кнопка: Зарегистрировать обращение
2025-06-03 10:24:44 [INFO] org.example.TagBot.EventHandler - Callback от пользователя: andrey.sanzharov@lukoil.com| Кнопка: Другое
2025-06-03 10:24:45 [INFO] org.example.TagBot.EventHandler - Callback от пользователя: andrey.sanzharov@lukoil.com| Кнопка: От имени другого сотрудника.
2025-06-03 10:24:47 [INFO] org.example.TagBot.EventHandler - Новое сообщение от пользователя: andrey.sanzharov@lukoil.com = {ФАПР}
2025-06-03 10:24:47 [INFO] org.example.TagBot.UserStateManager - Пользователь написал сообщение: ФАПР
2025-06-03 10:24:47 [INFO] org.example.TagBot.HandlerProcessor - Проверка ФИО 'ФАПР': 0  пробелов => false
2025-06-03 10:25:08 [ERROR] org.example.TagBot.EventHandler - Ошибка при обработке сообщения: Cannot invoke "org.example.TagBot.UserStateManager.sendText(String, String)" because "org.example.TagBot.HandlerProcessor.userStateManager" is null
2025-06-03 10:25:39 [INFO] org.example.TagBot.TagBotApplication - Бот запускается...
2025-06-03 10:25:40 [INFO] ru.mail.im.botapi.BotLogger - IM_BOT bot successfully started
2025-06-03 10:25:40 [INFO] ru.mail.im.botapi.BotLogger - IM_BOT bot already started
2025-06-03 10:25:40 [INFO] org.example.TagBot.TagBotApplication - Бот запустился.
2025-06-03 10:25:40 [INFO] org.example.TagBot.EventHandler - Новое сообщение от пользователя: andrey.sanzharov@lukoil.com = {ФАПР}
2025-06-03 10:25:42 [INFO] org.example.TagBot.EventHandler - Новое сообщение от пользователя: andrey.sanzharov@lukoil.com = {ЫВАПРТ}
2025-06-03 10:25:45 [INFO] org.example.TagBot.EventHandler - Новое сообщение от пользователя: andrey.sanzharov@lukoil.com = {АПР}
2025-06-03 10:26:09 [INFO] org.example.TagBot.TagBotApplication - Бот запускается...
2025-06-03 10:26:09 [INFO] ru.mail.im.botapi.BotLogger - IM_BOT bot successfully started
2025-06-03 10:26:09 [INFO] ru.mail.im.botapi.BotLogger - IM_BOT bot already started
2025-06-03 10:26:09 [INFO] org.example.TagBot.TagBotApplication - Бот запустился.
2025-06-03 10:26:15 [INFO] org.example.TagBot.EventHandler - Новое сообщение от пользователя: andrey.sanzharov@lukoil.com = {АПР}
2025-06-03 10:26:17 [INFO] org.example.TagBot.EventHandler - Callback от пользователя: andrey.sanzharov@lukoil.com| Кнопка: Зарегистрировать обращение
2025-06-03 10:26:18 [INFO] org.example.TagBot.EventHandler - Callback от пользователя: andrey.sanzharov@lukoil.com| Кнопка: Другое
2025-06-03 10:26:19 [INFO] org.example.TagBot.EventHandler - Callback от пользователя: andrey.sanzharov@lukoil.com| Кнопка: От имени другого сотрудника.
2025-06-03 10:26:21 [INFO] org.example.TagBot.EventHandler - Новое сообщение от пользователя: andrey.sanzharov@lukoil.com = {АППРП}
2025-06-03 10:26:21 [INFO] org.example.TagBot.UserStateManager - Пользователь написал сообщение: АППРП
2025-06-03 10:26:21 [INFO] org.example.TagBot.HandlerProcessor - Проверка ФИО 'АППРП': 0  пробелов => false
2025-06-03 10:26:26 [INFO] org.example.TagBot.EventHandler - Новое сообщение от пользователя: andrey.sanzharov@lukoil.com = {роогнл}
2025-06-03 10:26:26 [INFO] org.example.TagBot.UserStateManager - Пользователь написал сообщение: роогнл
2025-06-03 10:26:26 [INFO] org.example.TagBot.HandlerProcessor - Проверка ФИО 'роогнл': 0  пробелов => false
2025-06-03 10:26:28 [INFO] org.example.TagBot.EventHandler - Новое сообщение от пользователя: andrey.sanzharov@lukoil.com = {о о о}
2025-06-03 10:26:28 [INFO] org.example.TagBot.UserStateManager - Пользователь написал сообщение: о о о
2025-06-03 10:26:28 [INFO] org.example.TagBot.HandlerProcessor - Проверка ФИО 'о о о': 2  пробелов => true
2025-06-03 10:26:31 [INFO] org.example.TagBot.EventHandler - Новое сообщение от пользователя: andrey.sanzharov@lukoil.com = {лгорпапиаяи}
2025-06-03 10:26:31 [INFO] org.example.TagBot.UserStateManager - Пользователь написал сообщение: лгорпапиаяи
2025-06-03 10:31:55 [INFO] org.example.TagBot.TagBotApplication - Бот запускается...
2025-06-03 10:31:55 [INFO] ru.mail.im.botapi.BotLogger - IM_BOT bot successfully started
2025-06-03 10:31:55 [INFO] ru.mail.im.botapi.BotLogger - IM_BOT bot already started
2025-06-03 10:31:55 [INFO] org.example.TagBot.TagBotApplication - Бот запустился.
2025-06-03 10:31:58 [INFO] org.example.TagBot.EventHandler - Новое сообщение от пользователя: andrey.sanzharov@lukoil.com = {pojg}
2025-06-03 10:31:59 [INFO] org.example.TagBot.EventHandler - Callback от пользователя: andrey.sanzharov@lukoil.com| Кнопка: Зарегистрировать обращение
2025-06-03 10:32:00 [INFO] org.example.TagBot.EventHandler - Callback от пользователя: andrey.sanzharov@lukoil.com| Кнопка: Другое
2025-06-03 10:32:01 [INFO] org.example.TagBot.EventHandler - Callback от пользователя: andrey.sanzharov@lukoil.com| Кнопка: От имени другого сотрудника.
2025-06-03 10:32:03 [INFO] org.example.TagBot.EventHandler - Новое сообщение от пользователя: andrey.sanzharov@lukoil.com = {\nb\}
2025-06-03 10:32:03 [INFO] org.example.TagBot.UserStateManager - Пользователь написал сообщение: \nb\
2025-06-03 10:32:03 [ERROR] org.example.TagBot.EventHandler - Ошибка при обработке сообщения: Cannot invoke "ru.mail.im.botapi.BotApiClientController.sendTextMessage(ru.mail.im.botapi.api.entity.SendTextRequest)" because "org.example.TagBot.HandlerProcessor.controller" is null
2025-06-03 10:43:03 [INFO] org.example.TagBot.TagBotApplication - Бот запускается...
2025-06-03 10:43:04 [INFO] ru.mail.im.botapi.BotLogger - IM_BOT bot successfully started
2025-06-03 10:43:04 [INFO] ru.mail.im.botapi.BotLogger - IM_BOT bot already started
2025-06-03 10:43:04 [INFO] org.example.TagBot.TagBotApplication - Бот запустился.
2025-06-03 10:43:06 [INFO] org.example.TagBot.EventHandler - Новое сообщение от пользователя: andrey.sanzharov@lukoil.com = {fgg}
2025-06-03 10:43:07 [INFO] org.example.TagBot.EventHandler - Callback от пользователя: andrey.sanzharov@lukoil.com| Кнопка: Зарегистрировать обращение
2025-06-03 10:43:09 [INFO] org.example.TagBot.EventHandler - Callback от пользователя: andrey.sanzharov@lukoil.com| Кнопка: Не работает телефон
2025-06-03 10:43:10 [INFO] org.example.TagBot.EventHandler - Callback от пользователя: andrey.sanzharov@lukoil.com| Кнопка: От себя
2025-06-03 10:43:10 [INFO] org.example.TagBot.UserStateManager - Диалог завершен для пользователя: andrey.sanzharov@lukoil.com
2025-06-03 10:43:12 [INFO] org.example.TagBot.EventHandler - Новое сообщение от пользователя: andrey.sanzharov@lukoil.com = {fg}
2025-06-03 10:43:14 [INFO] org.example.TagBot.EventHandler - Callback от пользователя: andrey.sanzharov@lukoil.com| Кнопка: Зарегистрировать обращение
2025-06-03 10:43:15 [INFO] org.example.TagBot.EventHandler - Callback от пользователя: andrey.sanzharov@lukoil.com| Кнопка: Другое
2025-06-03 10:43:24 [INFO] org.example.TagBot.EventHandler - Callback от пользователя: andrey.sanzharov@lukoil.com| Кнопка: От себя
2025-06-03 10:43:27 [INFO] org.example.TagBot.EventHandler - Новое сообщение от пользователя: andrey.sanzharov@lukoil.com = {fggffg}
2025-06-03 10:43:27 [INFO] org.example.TagBot.UserStateManager - Пользователь написал сообщение: fggffg
2025-06-03 10:43:30 [INFO] org.example.TagBot.EventHandler - Callback от пользователя: andrey.sanzharov@lukoil.com| Кнопка: Зарегистрировать обращение
2025-06-03 10:43:33 [INFO] org.example.TagBot.EventHandler - Callback от пользователя: andrey.sanzharov@lukoil.com| Кнопка: Другое
2025-06-03 10:43:35 [INFO] org.example.TagBot.EventHandler - Callback от пользователя: andrey.sanzharov@lukoil.com| Кнопка: От имени другого сотрудника.
2025-06-03 10:43:37 [INFO] org.example.TagBot.EventHandler - Новое сообщение от пользователя: andrey.sanzharov@lukoil.com = {fglkjfgkfgm}
2025-06-03 10:43:37 [INFO] org.example.TagBot.UserStateManager - Пользователь написал сообщение: fglkjfgkfgm
2025-06-03 10:43:37 [ERROR] org.example.TagBot.EventHandler - Ошибка при обработке сообщения: Cannot invoke "org.example.TagBot.UserStateManager.sendText(String, String)" because "org.example.TagBot.HandlerProcessor.userStateManager" is null
2025-06-03 10:47:09 [INFO] org.example.TagBot.TagBotApplication - Бот запускается...
2025-06-03 10:47:09 [INFO] ru.mail.im.botapi.BotLogger - IM_BOT bot successfully started
2025-06-03 10:47:09 [INFO] ru.mail.im.botapi.BotLogger - IM_BOT bot already started
2025-06-03 10:47:09 [INFO] org.example.TagBot.TagBotApplication - Бот запустился.
2025-06-03 10:47:28 [INFO] org.example.TagBot.EventHandler - Новое сообщение от пользователя: andrey.sanzharov@lukoil.com = {lk}
2025-06-03 10:47:29 [INFO] org.example.TagBot.EventHandler - Callback от пользователя: andrey.sanzharov@lukoil.com| Кнопка: Зарегистрировать обращение
2025-06-03 10:47:30 [INFO] org.example.TagBot.EventHandler - Callback от пользователя: andrey.sanzharov@lukoil.com| Кнопка: Другое
2025-06-03 10:47:32 [INFO] org.example.TagBot.EventHandler - Callback от пользователя: andrey.sanzharov@lukoil.com| Кнопка: От имени другого сотрудника.
2025-06-03 10:47:33 [INFO] org.example.TagBot.EventHandler - Новое сообщение от пользователя: andrey.sanzharov@lukoil.com = {kljuyg}
2025-06-03 10:47:33 [INFO] org.example.TagBot.UserStateManager - Пользователь написал сообщение: kljuyg
2025-06-03 10:47:34 [INFO] org.example.TagBot.HandlerProcessor - Проверка ФИО 'kljuyg': 0  пробелов => false
2025-06-03 10:47:39 [INFO] org.example.TagBot.EventHandler - Новое сообщение от пользователя: andrey.sanzharov@lukoil.com = {kk kk kk}
2025-06-03 10:47:39 [INFO] org.example.TagBot.UserStateManager - Пользователь написал сообщение: kk kk kk
2025-06-03 10:47:39 [INFO] org.example.TagBot.HandlerProcessor - Проверка ФИО 'kk kk kk': 2  пробелов => true
2025-06-03 10:47:42 [INFO] org.example.TagBot.EventHandler - Новое сообщение от пользователя: andrey.sanzharov@lukoil.com = {gkgkkgkgkg}
2025-06-03 10:47:42 [INFO] org.example.TagBot.UserStateManager - Пользователь написал сообщение: gkgkkgkgkg
2025-06-03 11:02:29 [INFO] org.example.TagBot.TagBotApplication - Бот запускается...
2025-06-03 11:02:29 [INFO] ru.mail.im.botapi.BotLogger - IM_BOT bot successfully started
2025-06-03 11:02:29 [INFO] ru.mail.im.botapi.BotLogger - IM_BOT bot already started
2025-06-03 11:02:29 [INFO] org.example.TagBot.TagBotApplication - Бот запустился.
2025-06-03 11:02:31 [INFO] org.example.TagBot.EventHandler - Новое сообщение от пользователя: andrey.sanzharov@lukoil.com = {kjhnjknb}
2025-06-03 11:02:33 [INFO] org.example.TagBot.EventHandler - Callback от пользователя: andrey.sanzharov@lukoil.com| Кнопка: Зарегистрировать обращение
2025-06-03 11:02:33 [INFO] org.example.TagBot.EventHandler - Callback от пользователя: andrey.sanzharov@lukoil.com| Кнопка: Другое
2025-06-03 11:02:37 [INFO] org.example.TagBot.EventHandler - Callback от пользователя: andrey.sanzharov@lukoil.com| Кнопка: От имени другого сотрудника.
2025-06-03 11:02:41 [INFO] org.example.TagBot.EventHandler - Новое сообщение от пользователя: andrey.sanzharov@lukoil.com = {ghghgh}
2025-06-03 11:02:41 [INFO] org.example.TagBot.UserStateManager - Пользователь написал сообщение: ghghgh
2025-06-03 11:03:03 [INFO] org.example.TagBot.HandlerProcessor - Проверка ФИО 'ghghgh': 0  пробелов => false
2025-06-03 11:03:29 [INFO] org.example.TagBot.TagBotApplication - Бот запускается...
2025-06-03 11:03:30 [INFO] ru.mail.im.botapi.BotLogger - IM_BOT bot successfully started
2025-06-03 11:03:30 [INFO] ru.mail.im.botapi.BotLogger - IM_BOT bot already started
2025-06-03 11:03:30 [INFO] org.example.TagBot.TagBotApplication - Бот запустился.
2025-06-03 11:03:34 [INFO] org.example.TagBot.EventHandler - Новое сообщение от пользователя: andrey.sanzharov@lukoil.com = {gghghgh}
2025-06-03 11:03:36 [INFO] org.example.TagBot.EventHandler - Callback от пользователя: andrey.sanzharov@lukoil.com| Кнопка: Зарегистрировать обращение
2025-06-03 11:03:38 [INFO] org.example.TagBot.EventHandler - Callback от пользователя: andrey.sanzharov@lukoil.com| Кнопка: Другое
2025-06-03 11:03:40 [INFO] org.example.TagBot.EventHandler - Callback от пользователя: andrey.sanzharov@lukoil.com| Кнопка: От имени другого сотрудника.
2025-06-03 11:03:42 [INFO] org.example.TagBot.EventHandler - Новое сообщение от пользователя: andrey.sanzharov@lukoil.com = {b b b}
2025-06-03 11:03:42 [INFO] org.example.TagBot.UserStateManager - Пользователь написал сообщение: b b b
2025-06-03 11:03:55 [INFO] org.example.TagBot.HandlerProcessor - Проверка ФИО 'b b b': 2  пробелов => true
2025-06-03 11:07:00 [INFO] org.example.TagBot.TagBotApplication - Бот запускается...
2025-06-03 11:07:00 [INFO] ru.mail.im.botapi.BotLogger - IM_BOT bot successfully started
2025-06-03 11:07:00 [INFO] ru.mail.im.botapi.BotLogger - IM_BOT bot already started
2025-06-03 11:07:00 [INFO] org.example.TagBot.TagBotApplication - Бот запустился.
2025-06-03 11:07:00 [INFO] org.example.TagBot.EventHandler - Новое сообщение от пользователя: andrey.sanzharov@lukoil.com = {b b b}
2025-06-03 11:07:08 [INFO] org.example.TagBot.EventHandler - Новое сообщение от пользователя: andrey.sanzharov@lukoil.com = {ghhg}
2025-06-03 11:07:19 [INFO] org.example.TagBot.TagBotApplication - Бот запускается...
2025-06-03 11:07:20 [INFO] ru.mail.im.botapi.BotLogger - IM_BOT bot successfully started
2025-06-03 11:07:20 [INFO] ru.mail.im.botapi.BotLogger - IM_BOT bot already started
2025-06-03 11:07:20 [INFO] org.example.TagBot.TagBotApplication - Бот запустился.
2025-06-03 11:07:25 [INFO] org.example.TagBot.EventHandler - Новое сообщение от пользователя: andrey.sanzharov@lukoil.com = {ff}
2025-06-03 11:07:28 [INFO] org.example.TagBot.EventHandler - Callback от пользователя: andrey.sanzharov@lukoil.com| Кнопка: Зарегистрировать обращение
2025-06-03 11:07:29 [INFO] org.example.TagBot.EventHandler - Callback от пользователя: andrey.sanzharov@lukoil.com| Кнопка: Другое
2025-06-03 11:07:32 [INFO] org.example.TagBot.EventHandler - Callback от пользователя: andrey.sanzharov@lukoil.com| Кнопка: От имени другого сотрудника.
2025-06-03 11:07:35 [INFO] org.example.TagBot.EventHandler - Новое сообщение от пользователя: andrey.sanzharov@lukoil.com = {g g g}
2025-06-03 11:07:35 [INFO] org.example.TagBot.UserStateManager - Пользователь написал сообщение: g g g
2025-06-03 11:07:35 [INFO] org.example.TagBot.HandlerProcessor - Проверка ФИО 'g g g': 2  пробелов => true
2025-06-03 11:07:38 [INFO] org.example.TagBot.EventHandler - Новое сообщение от пользователя: andrey.sanzharov@lukoil.com = {gjjg}
2025-06-03 11:07:38 [INFO] org.example.TagBot.UserStateManager - Пользователь написал сообщение: gjjg
2025-06-03 11:07:38 [INFO] org.example.TagBot.HandlerProcessor - Проверка ФИО 'gjjg': 0  пробелов => false
2025-06-03 11:07:44 [INFO] org.example.TagBot.TagBotApplication - Бот запускается...
2025-06-03 11:07:44 [INFO] ru.mail.im.botapi.BotLogger - IM_BOT bot successfully started
2025-06-03 11:07:44 [INFO] ru.mail.im.botapi.BotLogger - IM_BOT bot already started
2025-06-03 11:07:44 [INFO] org.example.TagBot.TagBotApplication - Бот запустился.
2025-06-03 11:07:48 [INFO] org.example.TagBot.EventHandler - Новое сообщение от пользователя: andrey.sanzharov@lukoil.com = {gjgj}
2025-06-03 11:07:49 [INFO] org.example.TagBot.EventHandler - Callback от пользователя: andrey.sanzharov@lukoil.com| Кнопка: Зарегистрировать обращение
2025-06-03 11:07:51 [INFO] org.example.TagBot.EventHandler - Callback от пользователя: andrey.sanzharov@lukoil.com| Кнопка: Другое
2025-06-03 11:08:03 [INFO] org.example.TagBot.EventHandler - Callback от пользователя: andrey.sanzharov@lukoil.com| Кнопка: От имени другого сотрудника.
2025-06-03 11:08:07 [INFO] org.example.TagBot.EventHandler - Новое сообщение от пользователя: andrey.sanzharov@lukoil.com = {ghhh}
2025-06-03 11:08:07 [INFO] org.example.TagBot.UserStateManager - Пользователь написал сообщение: ghhh
2025-06-03 11:08:07 [INFO] org.example.TagBot.HandlerProcessor - Проверка ФИО 'ghhh': 0  пробелов => false
2025-06-03 11:08:10 [INFO] org.example.TagBot.EventHandler - Новое сообщение от пользователя: andrey.sanzharov@lukoil.com = {h h h}
2025-06-03 11:08:10 [INFO] org.example.TagBot.UserStateManager - Пользователь написал сообщение: h h h
2025-06-03 11:08:10 [INFO] org.example.TagBot.HandlerProcessor - Проверка ФИО 'h h h': 2  пробелов => true
2025-06-03 11:10:13 [INFO] org.example.TagBot.TagBotApplication - Бот запускается...
2025-06-03 11:10:14 [INFO] ru.mail.im.botapi.BotLogger - IM_BOT bot successfully started
2025-06-03 11:10:14 [INFO] ru.mail.im.botapi.BotLogger - IM_BOT bot already started
2025-06-03 11:10:14 [INFO] org.example.TagBot.TagBotApplication - Бот запустился.
2025-06-03 11:10:19 [INFO] org.example.TagBot.EventHandler - Новое сообщение от пользователя: andrey.sanzharov@lukoil.com = {прпрпра}
2025-06-03 11:10:23 [INFO] org.example.TagBot.EventHandler - Callback от пользователя: andrey.sanzharov@lukoil.com| Кнопка: Зарегистрировать обращение
2025-06-03 11:10:26 [INFO] org.example.TagBot.EventHandler - Callback от пользователя: andrey.sanzharov@lukoil.com| Кнопка: Другое
2025-06-03 11:10:28 [INFO] org.example.TagBot.EventHandler - Callback от пользователя: andrey.sanzharov@lukoil.com| Кнопка: От имени другого сотрудника.
2025-06-03 11:10:32 [INFO] org.example.TagBot.EventHandler - Новое сообщение от пользователя: andrey.sanzharov@lukoil.com = {попопооп}
2025-06-03 11:10:32 [INFO] org.example.TagBot.UserStateManager - Пользователь написал сообщение: попопооп
2025-06-03 11:10:32 [INFO] org.example.TagBot.HandlerProcessor - Проверка ФИО 'попопооп': 0  пробелов => false
2025-06-03 11:10:34 [INFO] org.example.TagBot.EventHandler - Новое сообщение от пользователя: andrey.sanzharov@lukoil.com = {прпрпрпр}
2025-06-03 11:10:34 [INFO] org.example.TagBot.UserStateManager - Пользователь написал сообщение: прпрпрпр
2025-06-03 11:10:34 [INFO] org.example.TagBot.HandlerProcessor - Проверка ФИО 'прпрпрпр': 0  пробелов => false
2025-06-03 11:10:40 [INFO] org.example.TagBot.EventHandler - Новое сообщение от пользователя: andrey.sanzharov@lukoil.com = {п п п}
2025-06-03 11:10:40 [INFO] org.example.TagBot.UserStateManager - Пользователь написал сообщение: п п п
2025-06-03 11:10:40 [INFO] org.example.TagBot.HandlerProcessor - Проверка ФИО 'п п п': 2  пробелов => true
2025-06-03 11:10:49 [INFO] org.example.TagBot.EventHandler - Новое сообщение от пользователя: andrey.sanzharov@lukoil.com = {па п прав}
2025-06-03 11:10:49 [INFO] org.example.TagBot.UserStateManager - Пользователь написал сообщение: па п прав
2025-06-03 11:10:49 [INFO] org.example.TagBot.HandlerProcessor - Проверка ФИО 'па п прав': 2  пробелов => true
2025-06-03 11:13:15 [INFO] org.example.TagBot.TagBotApplication - Бот запускается...
2025-06-03 11:13:15 [INFO] ru.mail.im.botapi.BotLogger - IM_BOT bot successfully started
2025-06-03 11:13:15 [INFO] ru.mail.im.botapi.BotLogger - IM_BOT bot already started
2025-06-03 11:13:15 [INFO] org.example.TagBot.TagBotApplication - Бот запустился.
2025-06-03 11:13:35 [INFO] org.example.TagBot.EventHandler - Новое сообщение от пользователя: andrey.sanzharov@lukoil.com = {hghgh}
2025-06-03 11:13:36 [INFO] org.example.TagBot.EventHandler - Callback от пользователя: andrey.sanzharov@lukoil.com| Кнопка: Зарегистрировать обращение
2025-06-03 11:13:36 [INFO] org.example.TagBot.EventHandler - Callback от пользователя: andrey.sanzharov@lukoil.com| Кнопка: Другое
2025-06-03 11:13:37 [INFO] org.example.TagBot.EventHandler - Callback от пользователя: andrey.sanzharov@lukoil.com| Кнопка: От имени другого сотрудника.
2025-06-03 11:13:47 [INFO] org.example.TagBot.EventHandler - Новое сообщение от пользователя: andrey.sanzharov@lukoil.com = {А А А}
2025-06-03 11:13:47 [INFO] org.example.TagBot.UserStateManager - Пользователь написал сообщение: А А А
2025-06-03 11:13:47 [INFO] org.example.TagBot.HandlerProcessor - Проверка ФИО 'А А А': 2  пробелов => true
2025-06-03 11:13:52 [INFO] org.example.TagBot.EventHandler - Новое сообщение от пользователя: andrey.sanzharov@lukoil.com = {jgjgjgjtnt}
2025-06-03 11:13:52 [INFO] org.example.TagBot.UserStateManager - Пользователь написал сообщение: jgjgjgjtnt
2025-06-03 11:18:21 [INFO] org.example.TagBot.TagBotApplication - Бот запускается...
2025-06-03 11:18:21 [INFO] ru.mail.im.botapi.BotLogger - IM_BOT bot successfully started
2025-06-03 11:18:21 [INFO] ru.mail.im.botapi.BotLogger - IM_BOT bot already started
2025-06-03 11:18:21 [INFO] org.example.TagBot.TagBotApplication - Бот запустился.
2025-06-03 11:18:26 [INFO] org.example.TagBot.EventHandler - Новое сообщение от пользователя: andrey.sanzharov@lukoil.com = {hgh}
2025-06-03 11:18:29 [INFO] org.example.TagBot.EventHandler - Callback от пользователя: andrey.sanzharov@lukoil.com| Кнопка: Зарегистрировать обращение
2025-06-03 11:18:32 [INFO] org.example.TagBot.EventHandler - Callback от пользователя: andrey.sanzharov@lukoil.com| Кнопка: Другое
2025-06-03 11:18:42 [INFO] org.example.TagBot.EventHandler - Callback от пользователя: andrey.sanzharov@lukoil.com| Кнопка: От имени другого сотрудника.
2025-06-03 11:18:49 [INFO] org.example.TagBot.EventHandler - Новое сообщение от пользователя: andrey.sanzharov@lukoil.com = {ghghgh h h}
2025-06-03 11:18:49 [INFO] org.example.TagBot.UserStateManager - Пользователь написал сообщение: ghghgh h h
2025-06-03 11:18:49 [INFO] org.example.TagBot.HandlerProcessor - Проверка ФИО 'ghghgh h h': 2  пробелов => true
2025-06-03 11:19:09 [INFO] org.example.TagBot.TagBotApplication - Бот запускается...
2025-06-03 11:19:09 [INFO] ru.mail.im.botapi.BotLogger - IM_BOT bot successfully started
2025-06-03 11:19:09 [INFO] ru.mail.im.botapi.BotLogger - IM_BOT bot already started
2025-06-03 11:19:09 [INFO] org.example.TagBot.TagBotApplication - Бот запустился.
2025-06-03 11:19:11 [INFO] org.example.TagBot.EventHandler - Новое сообщение от пользователя: andrey.sanzharov@lukoil.com = {ghghgh}
2025-06-03 11:19:12 [INFO] org.example.TagBot.EventHandler - Callback от пользователя: andrey.sanzharov@lukoil.com| Кнопка: Зарегистрировать обращение
2025-06-03 11:19:14 [INFO] org.example.TagBot.EventHandler - Callback от пользователя: andrey.sanzharov@lukoil.com| Кнопка: Заблокирована учетная запись
2025-06-03 11:19:17 [INFO] org.example.TagBot.EventHandler - Callback от пользователя: andrey.sanzharov@lukoil.com| Кнопка: Да
2025-06-03 11:19:17 [INFO] org.example.TagBot.UserStateManager - Диалог завершен для пользователя: andrey.sanzharov@lukoil.com
2025-06-03 11:20:14 [INFO] org.example.TagBot.TagBotApplication - Бот запускается...
2025-06-03 11:20:14 [INFO] ru.mail.im.botapi.BotLogger - IM_BOT bot successfully started
2025-06-03 11:20:14 [INFO] ru.mail.im.botapi.BotLogger - IM_BOT bot already started
2025-06-03 11:20:14 [INFO] org.example.TagBot.TagBotApplication - Бот запустился.
2025-06-03 11:20:16 [INFO] org.example.TagBot.EventHandler - Новое сообщение от пользователя: andrey.sanzharov@lukoil.com = {ghgh}
2025-06-03 11:20:17 [INFO] org.example.TagBot.EventHandler - Callback от пользователя: andrey.sanzharov@lukoil.com| Кнопка: Зарегистрировать обращение
2025-06-03 11:20:18 [INFO] org.example.TagBot.EventHandler - Callback от пользователя: andrey.sanzharov@lukoil.com| Кнопка: Другое
2025-06-03 11:20:19 [INFO] org.example.TagBot.EventHandler - Callback от пользователя: andrey.sanzharov@lukoil.com| Кнопка: От имени другого сотрудника.
2025-06-03 11:20:21 [INFO] org.example.TagBot.EventHandler - Новое сообщение от пользователя: andrey.sanzharov@lukoil.com = {g g g}
2025-06-03 11:20:21 [INFO] org.example.TagBot.UserStateManager - Пользователь написал сообщение: g g g
2025-06-03 11:20:21 [INFO] org.example.TagBot.HandlerProcessor - Проверка ФИО 'g g g': 2  пробелов => true
2025-06-03 11:20:25 [INFO] org.example.TagBot.EventHandler - Новое сообщение от пользователя: andrey.sanzharov@lukoil.com = {ghghgh}
2025-06-03 11:20:25 [INFO] org.example.TagBot.UserStateManager - Пользователь написал сообщение: ghghgh
2025-06-03 11:20:25 [WARN] org.example.TagBot.HandlerProcessor - Неизвестный обработчик: validate
2025-06-03 12:00:36 [INFO] org.example.TagBot.TagBotApplication - Бот запускается...
2025-06-03 12:00:36 [INFO] ru.mail.im.botapi.BotLogger - IM_BOT bot successfully started
2025-06-03 12:00:36 [INFO] ru.mail.im.botapi.BotLogger - IM_BOT bot already started
2025-06-03 12:00:36 [INFO] org.example.TagBot.TagBotApplication - Бот запустился.
2025-06-03 12:00:41 [INFO] org.example.TagBot.EventHandler - Новое сообщение от пользователя: andrey.sanzharov@lukoil.com = {ghgh}
2025-06-03 12:00:42 [INFO] org.example.TagBot.EventHandler - Callback от пользователя: andrey.sanzharov@lukoil.com| Кнопка: Зарегистрировать обращение
2025-06-03 12:00:45 [INFO] org.example.TagBot.EventHandler - Callback от пользователя: andrey.sanzharov@lukoil.com| Кнопка: Другое
2025-06-03 12:00:47 [INFO] org.example.TagBot.EventHandler - Callback от пользователя: andrey.sanzharov@lukoil.com| Кнопка: От имени другого сотрудника.
2025-06-03 12:00:49 [INFO] org.example.TagBot.EventHandler - Новое сообщение от пользователя: andrey.sanzharov@lukoil.com = {h h h}
2025-06-03 12:00:49 [INFO] org.example.TagBot.UserStateManager - Пользователь написал сообщение: h h h
2025-06-03 12:00:49 [INFO] org.example.TagBot.Handlers - Проверка ФИО 'h h h': 2 пробелов => true
2025-06-03 12:00:52 [INFO] org.example.TagBot.EventHandler - Новое сообщение от пользователя: andrey.sanzharov@lukoil.com = {ioik}
2025-06-03 12:00:52 [INFO] org.example.TagBot.UserStateManager - Пользователь написал сообщение: ioik
2025-06-03 12:00:54 [INFO] org.example.TagBot.EventHandler - Callback от пользователя: andrey.sanzharov@lukoil.com| Кнопка: Зарегистрировать обращение
2025-06-03 12:00:57 [INFO] org.example.TagBot.EventHandler - Callback от пользователя: andrey.sanzharov@lukoil.com| Кнопка: Другое
2025-06-03 12:01:01 [INFO] org.example.TagBot.EventHandler - Callback от пользователя: andrey.sanzharov@lukoil.com| Кнопка: От имени другого сотрудника.
2025-06-03 12:01:03 [INFO] org.example.TagBot.EventHandler - Новое сообщение от пользователя: andrey.sanzharov@lukoil.com = {jjjj}
2025-06-03 12:01:03 [INFO] org.example.TagBot.UserStateManager - Пользователь написал сообщение: jjjj
2025-06-03 12:01:03 [INFO] org.example.TagBot.Handlers - Проверка ФИО 'jjjj': 0 пробелов => false
2025-06-03 12:01:06 [INFO] org.example.TagBot.EventHandler - Новое сообщение от пользователя: andrey.sanzharov@lukoil.com = {j j j}
2025-06-03 12:01:06 [INFO] org.example.TagBot.UserStateManager - Пользователь написал сообщение: j j j
2025-06-03 12:01:06 [INFO] org.example.TagBot.Handlers - Проверка ФИО 'j j j': 2 пробелов => true
2025-06-03 12:03:47 [INFO] org.example.TagBot.TagBotApplication - Бот запускается...
2025-06-03 12:03:47 [INFO] ru.mail.im.botapi.BotLogger - IM_BOT bot successfully started
2025-06-03 12:03:51 [INFO] ru.mail.im.botapi.BotLogger - IM_BOT bot already started
2025-06-03 12:03:51 [INFO] org.example.TagBot.TagBotApplication - Бот запустился.
2025-06-03 12:03:55 [INFO] org.example.TagBot.EventHandler - Новое сообщение от пользователя: andrey.sanzharov@lukoil.com = {kkj}
2025-06-03 12:03:57 [INFO] org.example.TagBot.EventHandler - Callback от пользователя: andrey.sanzharov@lukoil.com| Кнопка: Зарегистрировать обращение
2025-06-03 12:03:57 [INFO] org.example.TagBot.EventHandler - Callback от пользователя: andrey.sanzharov@lukoil.com| Кнопка: Другое
2025-06-03 12:03:58 [INFO] org.example.TagBot.EventHandler - Callback от пользователя: andrey.sanzharov@lukoil.com| Кнопка: От имени другого сотрудника.
2025-06-03 12:04:01 [INFO] org.example.TagBot.EventHandler - Новое сообщение от пользователя: andrey.sanzharov@lukoil.com = {jjj}
2025-06-03 12:04:01 [INFO] org.example.TagBot.UserStateManager - Пользователь написал сообщение: jjj
2025-06-03 12:04:01 [INFO] org.example.TagBot.Handlers - Проверка ФИО 'jjj': 0 пробелов => false
2025-06-03 12:04:04 [INFO] org.example.TagBot.EventHandler - Новое сообщение от пользователя: andrey.sanzharov@lukoil.com = {j j j}
2025-06-03 12:04:04 [INFO] org.example.TagBot.UserStateManager - Пользователь написал сообщение: j j j
2025-06-03 12:04:04 [INFO] org.example.TagBot.Handlers - Проверка ФИО 'j j j': 2 пробелов => true
2025-06-03 12:04:06 [INFO] org.example.TagBot.EventHandler - Новое сообщение от пользователя: andrey.sanzharov@lukoil.com = {jjjkn}
2025-06-03 12:04:06 [INFO] org.example.TagBot.UserStateManager - Пользователь написал сообщение: jjjkn
2025-06-03 12:04:16 [INFO] org.example.TagBot.TagBotApplication - Бот запускается...
2025-06-03 12:04:16 [INFO] ru.mail.im.botapi.BotLogger - IM_BOT bot successfully started
2025-06-03 12:04:16 [INFO] ru.mail.im.botapi.BotLogger - IM_BOT bot already started
2025-06-03 12:04:16 [INFO] org.example.TagBot.TagBotApplication - Бот запустился.
2025-06-03 12:04:20 [INFO] org.example.TagBot.EventHandler - Новое сообщение от пользователя: andrey.sanzharov@lukoil.com = {jjjj}
2025-06-03 12:04:22 [INFO] org.example.TagBot.EventHandler - Callback от пользователя: andrey.sanzharov@lukoil.com| Кнопка: Зарегистрировать обращение
2025-06-03 12:04:24 [INFO] org.example.TagBot.EventHandler - Callback от пользователя: andrey.sanzharov@lukoil.com| Кнопка: Другое
2025-06-03 12:04:26 [INFO] org.example.TagBot.EventHandler - Callback от пользователя: andrey.sanzharov@lukoil.com| Кнопка: От имени другого сотрудника.
2025-06-03 12:04:30 [INFO] org.example.TagBot.EventHandler - Новое сообщение от пользователя: andrey.sanzharov@lukoil.com = {j j j}
2025-06-03 12:04:30 [INFO] org.example.TagBot.UserStateManager - Пользователь написал сообщение: j j j
2025-06-03 12:05:06 [INFO] org.example.TagBot.Handlers - Проверка ФИО 'j j j': 2 пробелов => true
2025-06-03 12:05:14 [INFO] org.example.TagBot.TagBotApplication - Бот запускается...
2025-06-03 12:05:14 [INFO] ru.mail.im.botapi.BotLogger - IM_BOT bot successfully started
2025-06-03 12:05:14 [INFO] ru.mail.im.botapi.BotLogger - IM_BOT bot already started
2025-06-03 12:05:14 [INFO] org.example.TagBot.TagBotApplication - Бот запустился.
2025-06-03 12:05:14 [INFO] org.example.TagBot.EventHandler - Новое сообщение от пользователя: andrey.sanzharov@lukoil.com = {j j j}
2025-06-03 12:05:20 [INFO] org.example.TagBot.EventHandler - Новое сообщение от пользователя: andrey.sanzharov@lukoil.com = {g}
2025-06-03 12:05:24 [INFO] org.example.TagBot.EventHandler - Callback от пользователя: andrey.sanzharov@lukoil.com| Кнопка: Зарегистрировать обращение
2025-06-03 12:05:26 [INFO] org.example.TagBot.EventHandler - Callback от пользователя: andrey.sanzharov@lukoil.com| Кнопка: Другое
2025-06-03 12:05:28 [INFO] org.example.TagBot.EventHandler - Callback от пользователя: andrey.sanzharov@lukoil.com| Кнопка: От имени другого сотрудника.
2025-06-03 12:05:32 [INFO] org.example.TagBot.EventHandler - Новое сообщение от пользователя: andrey.sanzharov@lukoil.com = {hh h h}
2025-06-03 12:05:32 [INFO] org.example.TagBot.UserStateManager - Пользователь написал сообщение: hh h h
2025-06-03 12:05:32 [WARN] org.example.TagBot.HandlerProcessor - Обработчик 'validateName' не найден.
2025-06-03 12:05:39 [INFO] org.example.TagBot.EventHandler - Новое сообщение от пользователя: andrey.sanzharov@lukoil.com = {hhh}
2025-06-03 12:05:39 [INFO] org.example.TagBot.UserStateManager - Пользователь написал сообщение: hhh
2025-06-03 12:05:41 [INFO] org.example.TagBot.EventHandler - Callback от пользователя: andrey.sanzharov@lukoil.com| Кнопка: Зарегистрировать обращение
2025-06-03 12:09:20 [INFO] org.example.TagBot.TagBotApplication - Бот запускается...
2025-06-03 12:09:21 [INFO] ru.mail.im.botapi.BotLogger - IM_BOT bot successfully started
2025-06-03 12:09:21 [INFO] ru.mail.im.botapi.BotLogger - IM_BOT bot already started
2025-06-03 12:09:21 [INFO] org.example.TagBot.TagBotApplication - Бот запустился.
2025-06-03 12:09:24 [INFO] org.example.TagBot.EventHandler - Новое сообщение от пользователя: andrey.sanzharov@lukoil.com = {hj}
2025-06-03 12:09:25 [INFO] org.example.TagBot.EventHandler - Callback от пользователя: andrey.sanzharov@lukoil.com| Кнопка: Зарегистрировать обращение
2025-06-03 12:09:27 [INFO] org.example.TagBot.EventHandler - Callback от пользователя: andrey.sanzharov@lukoil.com| Кнопка: Другое
2025-06-03 12:09:29 [INFO] org.example.TagBot.EventHandler - Callback от пользователя: andrey.sanzharov@lukoil.com| Кнопка: От имени другого сотрудника.
2025-06-03 12:09:31 [INFO] org.example.TagBot.EventHandler - Новое сообщение от пользователя: andrey.sanzharov@lukoil.com = {hghgh}
2025-06-03 12:09:31 [INFO] org.example.TagBot.UserStateManager - Пользователь написал сообщение: hghgh
2025-06-03 12:09:31 [WARN] org.example.TagBot.HandlerProcessor - Обработчик 'validateName' не найден.
2025-06-03 12:09:38 [INFO] org.example.TagBot.EventHandler - Новое сообщение от пользователя: andrey.sanzharov@lukoil.com = {gkgkgkkg}
2025-06-03 12:09:38 [INFO] org.example.TagBot.UserStateManager - Пользователь написал сообщение: gkgkgkkg
2025-06-03 12:09:52 [INFO] org.example.TagBot.TagBotApplication - Бот запускается...
2025-06-03 12:09:53 [INFO] ru.mail.im.botapi.BotLogger - IM_BOT bot successfully started
2025-06-03 12:09:53 [INFO] ru.mail.im.botapi.BotLogger - IM_BOT bot already started
2025-06-03 12:09:53 [INFO] org.example.TagBot.TagBotApplication - Бот запустился.
2025-06-03 12:09:56 [INFO] org.example.TagBot.EventHandler - Новое сообщение от пользователя: andrey.sanzharov@lukoil.com = {gkgkg}
2025-06-03 12:09:57 [INFO] org.example.TagBot.EventHandler - Callback от пользователя: andrey.sanzharov@lukoil.com| Кнопка: Зарегистрировать обращение
2025-06-03 12:09:59 [INFO] org.example.TagBot.EventHandler - Callback от пользователя: andrey.sanzharov@lukoil.com| Кнопка: Другое
2025-06-03 12:10:00 [INFO] org.example.TagBot.EventHandler - Callback от пользователя: andrey.sanzharov@lukoil.com| Кнопка: От имени другого сотрудника.
2025-06-03 12:10:02 [INFO] org.example.TagBot.EventHandler - Новое сообщение от пользователя: andrey.sanzharov@lukoil.com = {ffff}
2025-06-03 12:10:02 [INFO] org.example.TagBot.UserStateManager - Пользователь написал сообщение: ffff
2025-06-03 12:10:02 [INFO] org.example.TagBot.Handlers - Проверка ФИО 'ffff': 0 пробелов => false
2025-06-03 12:10:05 [INFO] org.example.TagBot.EventHandler - Новое сообщение от пользователя: andrey.sanzharov@lukoil.com = {jjj}
2025-06-03 12:10:05 [INFO] org.example.TagBot.UserStateManager - Пользователь написал сообщение: jjj
2025-06-03 12:10:05 [INFO] org.example.TagBot.Handlers - Проверка ФИО 'jjj': 0 пробелов => false
2025-06-03 12:24:32 [INFO] org.example.TagBot.TagBotApplication - Бот запускается...
2025-06-03 12:24:32 [INFO] ru.mail.im.botapi.BotLogger - IM_BOT bot successfully started
2025-06-03 12:24:32 [INFO] ru.mail.im.botapi.BotLogger - IM_BOT bot already started
2025-06-03 12:24:32 [INFO] org.example.TagBot.TagBotApplication - Бот запустился.
2025-06-03 12:24:35 [INFO] org.example.TagBot.EventHandler - Новое сообщение от пользователя: andrey.sanzharov@lukoil.com = {gh}
2025-06-03 12:24:36 [INFO] org.example.TagBot.EventHandler - Callback от пользователя: andrey.sanzharov@lukoil.com| Кнопка: Зарегистрировать обращение
2025-06-03 12:24:37 [INFO] org.example.TagBot.EventHandler - Callback от пользователя: andrey.sanzharov@lukoil.com| Кнопка: Другое
2025-06-03 12:24:39 [INFO] org.example.TagBot.EventHandler - Callback от пользователя: andrey.sanzharov@lukoil.com| Кнопка: От имени другого сотрудника.
2025-06-03 12:24:43 [INFO] org.example.TagBot.EventHandler - Новое сообщение от пользователя: andrey.sanzharov@lukoil.com = {h h h}
2025-06-03 12:24:43 [INFO] org.example.TagBot.UserStateManager - Пользователь написал сообщение: h h h
2025-06-03 12:24:43 [INFO] org.example.TagBot.Handlers - Проверка ФИО 'h h h': 2 пробелов => true
2025-06-03 12:24:49 [INFO] org.example.TagBot.EventHandler - Новое сообщение от пользователя: andrey.sanzharov@lukoil.com = {hjkk}
2025-06-03 12:24:49 [INFO] org.example.TagBot.UserStateManager - Пользователь написал сообщение: hjkk
2025-06-03 12:24:59 [INFO] org.example.TagBot.TagBotApplication - Бот запускается...
2025-06-03 12:25:00 [INFO] ru.mail.im.botapi.BotLogger - IM_BOT bot successfully started
2025-06-03 12:25:00 [INFO] ru.mail.im.botapi.BotLogger - IM_BOT bot already started
2025-06-03 12:25:00 [INFO] org.example.TagBot.TagBotApplication - Бот запустился.
2025-06-03 12:25:03 [INFO] org.example.TagBot.EventHandler - Новое сообщение от пользователя: andrey.sanzharov@lukoil.com = {juhg}
2025-06-03 12:25:04 [INFO] org.example.TagBot.EventHandler - Callback от пользователя: andrey.sanzharov@lukoil.com| Кнопка: Зарегистрировать обращение
2025-06-03 12:25:08 [INFO] org.example.TagBot.EventHandler - Callback от пользователя: andrey.sanzharov@lukoil.com| Кнопка: Другое
2025-06-03 12:25:10 [INFO] org.example.TagBot.EventHandler - Callback от пользователя: andrey.sanzharov@lukoil.com| Кнопка: От имени другого сотрудника.
2025-06-03 12:25:15 [INFO] org.example.TagBot.EventHandler - Новое сообщение от пользователя: andrey.sanzharov@lukoil.com = {hhj kk  k}
2025-06-03 12:25:15 [INFO] org.example.TagBot.UserStateManager - Пользователь написал сообщение: hhj kk  k
2025-06-03 12:25:32 [INFO] org.example.TagBot.Handlers - Проверка ФИО 'hhj kk  k': 3 пробелов => true
2025-06-03 12:30:45 [INFO] org.example.TagBot.TagBotApplication - Бот запускается...
2025-06-03 12:30:46 [INFO] ru.mail.im.botapi.BotLogger - IM_BOT bot successfully started
2025-06-03 12:30:46 [INFO] ru.mail.im.botapi.BotLogger - IM_BOT bot already started
2025-06-03 12:30:46 [INFO] org.example.TagBot.TagBotApplication - Бот запустился.
2025-06-03 12:30:46 [INFO] org.example.TagBot.EventHandler - Новое сообщение от пользователя: andrey.sanzharov@lukoil.com = {hhj kk  k}
2025-06-03 12:30:47 [INFO] org.example.TagBot.EventHandler - Новое сообщение от пользователя: andrey.sanzharov@lukoil.com = {jjj}
2025-06-03 12:30:49 [INFO] org.example.TagBot.EventHandler - Callback от пользователя: andrey.sanzharov@lukoil.com| Кнопка: Зарегистрировать обращение
2025-06-03 12:30:50 [INFO] org.example.TagBot.EventHandler - Callback от пользователя: andrey.sanzharov@lukoil.com| Кнопка: Не работает телефон
2025-06-03 12:30:52 [INFO] org.example.TagBot.EventHandler - Callback от пользователя: andrey.sanzharov@lukoil.com| Кнопка: От имени другого сотрудника.
2025-06-03 12:30:54 [INFO] org.example.TagBot.EventHandler - Новое сообщение от пользователя: andrey.sanzharov@lukoil.com = {jjj}
2025-06-03 12:30:54 [INFO] org.example.TagBot.UserStateManager - Пользователь написал сообщение: jjj
2025-06-03 12:48:14 [INFO] org.example.TagBot.TagBotApplication - Бот запускается...
2025-06-03 12:48:15 [INFO] ru.mail.im.botapi.BotLogger - IM_BOT bot successfully started
2025-06-03 12:48:15 [INFO] ru.mail.im.botapi.BotLogger - IM_BOT bot already started
2025-06-03 12:48:15 [INFO] org.example.TagBot.TagBotApplication - Бот запустился.
2025-06-03 12:48:19 [INFO] org.example.TagBot.EventHandler - Новое сообщение от пользователя: andrey.sanzharov@lukoil.com = {про}
2025-06-03 12:48:20 [INFO] org.example.TagBot.EventHandler - Callback от пользователя: andrey.sanzharov@lukoil.com| Кнопка: Зарегистрировать обращение
2025-06-03 12:48:21 [INFO] org.example.TagBot.EventHandler - Callback от пользователя: andrey.sanzharov@lukoil.com| Кнопка: Другое
2025-06-03 12:48:23 [INFO] org.example.TagBot.EventHandler - Callback от пользователя: andrey.sanzharov@lukoil.com| Кнопка: От имени другого сотрудника.
2025-06-03 12:48:26 [INFO] org.example.TagBot.EventHandler - Новое сообщение от пользователя: andrey.sanzharov@lukoil.com = {п пппп}
2025-06-03 12:48:26 [INFO] org.example.TagBot.UserStateManager - Пользователь написал сообщение: п пппп
2025-06-03 12:48:26 [INFO] org.example.TagBot.Handlers - Проверка ФИО 'п пппп': 1 пробелов => false
2025-06-03 12:48:29 [INFO] org.example.TagBot.EventHandler - Новое сообщение от пользователя: andrey.sanzharov@lukoil.com = {р р р}
2025-06-03 12:48:29 [INFO] org.example.TagBot.UserStateManager - Пользователь написал сообщение: р р р
2025-06-03 12:48:29 [INFO] org.example.TagBot.Handlers - Проверка ФИО 'р р р': 2 пробелов => true
2025-06-03 12:48:31 [INFO] org.example.TagBot.EventHandler - Новое сообщение от пользователя: andrey.sanzharov@lukoil.com = {рппрп}
2025-06-03 12:48:31 [INFO] org.example.TagBot.UserStateManager - Пользователь написал сообщение: рппрп
2025-06-03 13:04:27 [INFO] org.example.TagBot.TagBotApplication - Бот запускается...
2025-06-03 13:04:28 [INFO] ru.mail.im.botapi.BotLogger - IM_BOT bot successfully started
2025-06-03 13:04:28 [INFO] ru.mail.im.botapi.BotLogger - IM_BOT bot already started
2025-06-03 13:04:28 [INFO] org.example.TagBot.TagBotApplication - Бот запустился.
2025-06-03 13:04:42 [INFO] org.example.TagBot.EventHandler - Callback от пользователя: andrey.sanzharov@lukoil.com| Кнопка: Зарегистрировать обращение
2025-06-03 13:04:42 [WARN] org.example.TagBot.UserStateManager - Нет состояния для пользователя: andrey.sanzharov@lukoil.com
2025-06-03 13:04:44 [INFO] org.example.TagBot.EventHandler - Callback от пользователя: andrey.sanzharov@lukoil.com| Кнопка: Зарегистрировать обращение
2025-06-03 13:04:44 [WARN] org.example.TagBot.UserStateManager - Нет состояния для пользователя: andrey.sanzharov@lukoil.com
2025-06-03 13:04:47 [INFO] org.example.TagBot.EventHandler - Новое сообщение от пользователя: andrey.sanzharov@lukoil.com = {fg}
2025-06-03 13:04:48 [INFO] org.example.TagBot.EventHandler - Callback от пользователя: andrey.sanzharov@lukoil.com| Кнопка: Зарегистрировать обращение
2025-06-03 13:04:49 [INFO] org.example.TagBot.EventHandler - Callback от пользователя: andrey.sanzharov@lukoil.com| Кнопка: Не работает телефон
2025-06-03 13:04:50 [INFO] org.example.TagBot.EventHandler - Callback от пользователя: andrey.sanzharov@lukoil.com| Кнопка: От себя
2025-06-03 13:04:50 [INFO] org.example.TagBot.UserStateManager - Диалог завершен для пользователя: andrey.sanzharov@lukoil.com
2025-06-03 13:20:48 [INFO] org.example.TagBot.TagBotApplication - Бот запускается...
2025-06-03 13:20:48 [INFO] ru.mail.im.botapi.BotLogger - IM_BOT bot successfully started
2025-06-03 13:20:48 [INFO] ru.mail.im.botapi.BotLogger - IM_BOT bot already started
2025-06-03 13:20:48 [INFO] org.example.TagBot.TagBotApplication - Бот запустился.
2025-06-03 13:20:51 [INFO] org.example.TagBot.EventHandler - Новое сообщение от пользователя: andrey.sanzharov@lukoil.com = {kj}
2025-06-03 13:20:53 [INFO] org.example.TagBot.EventHandler - Callback от пользователя: andrey.sanzharov@lukoil.com| Кнопка: Зарегистрировать обращение
2025-06-03 13:20:56 [INFO] org.example.TagBot.EventHandler - Callback от пользователя: andrey.sanzharov@lukoil.com| Кнопка: Не работает телефон
2025-06-03 13:20:57 [INFO] org.example.TagBot.EventHandler - Callback от пользователя: andrey.sanzharov@lukoil.com| Кнопка: От имени другого сотрудника.
2025-06-03 13:20:59 [INFO] org.example.TagBot.EventHandler - Новое сообщение от пользователя: andrey.sanzharov@lukoil.com = {j j j}
2025-06-03 13:20:59 [INFO] org.example.TagBot.UserStateManager - Пользователь написал сообщение: j j j
2025-06-03 13:23:09 [INFO] org.example.TagBot.TagBotApplication - Бот запускается...
2025-06-03 13:23:09 [INFO] ru.mail.im.botapi.BotLogger - IM_BOT bot successfully started
2025-06-03 13:23:09 [INFO] ru.mail.im.botapi.BotLogger - IM_BOT bot already started
2025-06-03 13:23:09 [INFO] org.example.TagBot.TagBotApplication - Бот запустился.
2025-06-03 13:23:12 [INFO] org.example.TagBot.EventHandler - Новое сообщение от пользователя: andrey.sanzharov@lukoil.com = {h}
2025-06-03 13:23:13 [INFO] org.example.TagBot.EventHandler - Callback от пользователя: andrey.sanzharov@lukoil.com| Кнопка: Не работает телефон
2025-06-03 13:23:17 [INFO] org.example.TagBot.EventHandler - Новое сообщение от пользователя: andrey.sanzharov@lukoil.com = {jjj}
2025-06-03 13:23:17 [INFO] org.example.TagBot.UserStateManager - Пользователь написал сообщение: jjj
2025-06-03 13:23:17 [INFO] org.example.TagBot.Handlers - Проверка ФИО 'jjj': 0 пробелов => false
2025-06-03 13:23:19 [INFO] org.example.TagBot.EventHandler - Новое сообщение от пользователя: andrey.sanzharov@lukoil.com = {j j j}
2025-06-03 13:23:19 [INFO] org.example.TagBot.UserStateManager - Пользователь написал сообщение: j j j
2025-06-03 13:23:19 [INFO] org.example.TagBot.Handlers - Проверка ФИО 'j j j': 2 пробелов => true
2025-06-03 13:23:26 [INFO] org.example.TagBot.EventHandler - Новое сообщение от пользователя: andrey.sanzharov@lukoil.com = {hg giok oork}
2025-06-03 13:23:26 [INFO] org.example.TagBot.UserStateManager - Пользователь написал сообщение: hg giok oork
2025-06-03 13:24:04 [INFO] org.example.TagBot.TagBotApplication - Бот запускается...
2025-06-03 13:24:04 [INFO] ru.mail.im.botapi.BotLogger - IM_BOT bot successfully started
2025-06-03 13:24:04 [INFO] ru.mail.im.botapi.BotLogger - IM_BOT bot already started
2025-06-03 13:24:04 [INFO] org.example.TagBot.TagBotApplication - Бот запустился.
2025-06-03 13:24:10 [INFO] org.example.TagBot.EventHandler - Новое сообщение от пользователя: andrey.sanzharov@lukoil.com = {hhj}
2025-06-03 13:24:11 [INFO] org.example.TagBot.EventHandler - Callback от пользователя: andrey.sanzharov@lukoil.com| Кнопка: Не работает телефон
2025-06-03 13:24:12 [INFO] org.example.TagBot.EventHandler - Callback от пользователя: andrey.sanzharov@lukoil.com| Кнопка: Не работает телефон
2025-06-03 13:24:12 [WARN] org.example.TagBot.UserStateManager - Нет опций у текущего состояния пользователя: andrey.sanzharov@lukoil.com
2025-06-03 13:24:14 [INFO] org.example.TagBot.EventHandler - Новое сообщение от пользователя: andrey.sanzharov@lukoil.com = {h h h}
2025-06-03 13:24:14 [INFO] org.example.TagBot.UserStateManager - Пользователь написал сообщение: h h h
2025-06-03 13:24:14 [INFO] org.example.TagBot.Handlers - Проверка ФИО 'h h h': 2 пробелов => true
2025-06-03 13:24:18 [INFO] org.example.TagBot.EventHandler - Новое сообщение от пользователя: andrey.sanzharov@lukoil.com = {jfjkn jbg}
2025-06-03 13:24:18 [INFO] org.example.TagBot.UserStateManager - Пользователь написал сообщение: jfjkn jbg
2025-06-03 13:27:28 [INFO] org.example.TagBot.TagBotApplication - Бот запускается...
2025-06-03 13:27:29 [INFO] ru.mail.im.botapi.BotLogger - IM_BOT bot successfully started
2025-06-03 13:27:29 [INFO] ru.mail.im.botapi.BotLogger - IM_BOT bot already started
2025-06-03 13:27:29 [INFO] org.example.TagBot.TagBotApplication - Бот запустился.
2025-06-03 13:27:31 [INFO] org.example.TagBot.EventHandler - Новое сообщение от пользователя: andrey.sanzharov@lukoil.com = {gjgj}
2025-06-03 13:27:40 [INFO] org.example.TagBot.TagBotApplication - Бот запускается...
2025-06-03 13:27:40 [INFO] ru.mail.im.botapi.BotLogger - IM_BOT bot successfully started
2025-06-03 13:27:40 [INFO] ru.mail.im.botapi.BotLogger - IM_BOT bot already started
2025-06-03 13:27:40 [INFO] org.example.TagBot.TagBotApplication - Бот запустился.
2025-06-03 13:27:42 [INFO] org.example.TagBot.EventHandler - Новое сообщение от пользователя: andrey.sanzharov@lukoil.com = {gjjgj}
2025-06-03 13:27:43 [INFO] org.example.TagBot.EventHandler - Callback от пользователя: andrey.sanzharov@lukoil.com| Кнопка: Зарегистрировать обращение
2025-06-03 13:27:45 [INFO] org.example.TagBot.EventHandler - Callback от пользователя: andrey.sanzharov@lukoil.com| Кнопка: Другое
2025-06-03 13:27:46 [INFO] org.example.TagBot.EventHandler - Callback от пользователя: andrey.sanzharov@lukoil.com| Кнопка: От имени другого сотрудника.
2025-06-03 13:27:49 [INFO] org.example.TagBot.EventHandler - Новое сообщение от пользователя: andrey.sanzharov@lukoil.com = {g g g}
2025-06-03 13:27:49 [INFO] org.example.TagBot.UserStateManager - Пользователь написал сообщение: g g g
2025-06-03 13:27:49 [INFO] org.example.TagBot.Handlers - Проверка ФИО 'g g g': 2 пробелов => true
2025-06-03 13:27:51 [INFO] org.example.TagBot.EventHandler - Новое сообщение от пользователя: andrey.sanzharov@lukoil.com = {kgkkgk}
2025-06-03 13:27:51 [INFO] org.example.TagBot.UserStateManager - Пользователь написал сообщение: kgkkgk
2025-06-03 13:35:39 [INFO] org.example.TagBot.TagBotApplication - Бот запускается...
2025-06-03 13:35:39 [INFO] ru.mail.im.botapi.BotLogger - IM_BOT bot successfully started
2025-06-03 13:35:39 [INFO] ru.mail.im.botapi.BotLogger - IM_BOT bot already started
2025-06-03 13:35:39 [INFO] org.example.TagBot.TagBotApplication - Бот запустился.
2025-06-03 13:35:43 [INFO] org.example.TagBot.EventHandler - Новое сообщение от пользователя: andrey.sanzharov@lukoil.com = {gh}
2025-06-03 13:35:44 [INFO] org.example.TagBot.EventHandler - Callback от пользователя: andrey.sanzharov@lukoil.com| Кнопка: Зарегистрировать обращение
2025-06-03 13:35:44 [INFO] org.example.TagBot.EventHandler - Callback от пользователя: andrey.sanzharov@lukoil.com| Кнопка: Другое
2025-06-03 13:35:46 [INFO] org.example.TagBot.EventHandler - Callback от пользователя: andrey.sanzharov@lukoil.com| Кнопка: От имени другого сотрудника.
2025-06-03 13:35:48 [INFO] org.example.TagBot.EventHandler - Новое сообщение от пользователя: andrey.sanzharov@lukoil.com = {j j j}
2025-06-03 13:35:48 [INFO] org.example.TagBot.UserStateManager - Пользователь написал сообщение: j j j
2025-06-03 13:35:48 [INFO] org.example.TagBot.Handlers - Проверка ФИО 'j j j': 2 пробелов => true
2025-06-03 13:35:52 [INFO] org.example.TagBot.EventHandler - Новое сообщение от пользователя: andrey.sanzharov@lukoil.com = {gj gj gj}
2025-06-03 13:35:52 [INFO] org.example.TagBot.UserStateManager - Пользователь написал сообщение: gj gj gj
2025-06-03 13:35:52 [ERROR] org.example.TagBot.HandlerProcessor - Ошибка при выполнении обработчика 'aggregateAnswer': null
2025-06-03 13:43:07 [INFO] org.example.TagBot.TagBotApplication - Бот запускается...
2025-06-03 13:43:08 [INFO] ru.mail.im.botapi.BotLogger - IM_BOT bot successfully started
2025-06-03 13:43:08 [INFO] ru.mail.im.botapi.BotLogger - IM_BOT bot already started
2025-06-03 13:43:08 [INFO] org.example.TagBot.TagBotApplication - Бот запустился.
2025-06-03 13:43:15 [INFO] org.example.TagBot.EventHandler - Новое сообщение от пользователя: andrey.sanzharov@lukoil.com = {пп}
2025-06-03 13:43:16 [INFO] org.example.TagBot.EventHandler - Callback от пользователя: andrey.sanzharov@lukoil.com| Кнопка: Зарегистрировать обращение
2025-06-03 13:43:18 [INFO] org.example.TagBot.EventHandler - Callback от пользователя: andrey.sanzharov@lukoil.com| Кнопка: Другое
2025-06-03 13:43:19 [INFO] org.example.TagBot.EventHandler - Callback от пользователя: andrey.sanzharov@lukoil.com| Кнопка: От имени другого сотрудника.
2025-06-03 13:43:23 [INFO] org.example.TagBot.EventHandler - Новое сообщение от пользователя: andrey.sanzharov@lukoil.com = {по оп ое}
2025-06-03 13:43:23 [INFO] org.example.TagBot.UserStateManager - Пользователь написал сообщение: по оп ое
2025-06-03 13:43:23 [INFO] org.example.TagBot.Handlers - Проверка ФИО 'по оп ое': 2 пробелов => true
2025-06-03 13:43:29 [INFO] org.example.TagBot.EventHandler - Новое сообщение от пользователя: andrey.sanzharov@lukoil.com = {плпллп}
2025-06-03 13:43:29 [INFO] org.example.TagBot.UserStateManager - Пользователь написал сообщение: плпллп
2025-06-03 13:43:29 [INFO] org.example.TagBot.Handlers - Ответ сформирован и отправлен: {}
2025-06-03 13:43:36 [INFO] org.example.TagBot.TagBotApplication - Бот запускается...
2025-06-03 13:43:36 [INFO] ru.mail.im.botapi.BotLogger - IM_BOT bot successfully started
2025-06-03 13:43:36 [INFO] ru.mail.im.botapi.BotLogger - IM_BOT bot already started
2025-06-03 13:43:36 [INFO] org.example.TagBot.TagBotApplication - Бот запустился.
2025-06-03 13:43:40 [INFO] org.example.TagBot.EventHandler - Callback от пользователя: andrey.sanzharov@lukoil.com| Кнопка: Зарегистрировать обращение
2025-06-03 13:43:40 [WARN] org.example.TagBot.UserStateManager - Нет состояния для пользователя: andrey.sanzharov@lukoil.com
2025-06-03 13:43:43 [INFO] org.example.TagBot.EventHandler - Новое сообщение от пользователя: andrey.sanzharov@lukoil.com = {о}
2025-06-03 13:43:44 [INFO] org.example.TagBot.EventHandler - Callback от пользователя: andrey.sanzharov@lukoil.com| Кнопка: Зарегистрировать обращение
2025-06-03 13:43:45 [INFO] org.example.TagBot.EventHandler - Callback от пользователя: andrey.sanzharov@lukoil.com| Кнопка: Другое
2025-06-03 13:43:46 [INFO] org.example.TagBot.EventHandler - Callback от пользователя: andrey.sanzharov@lukoil.com| Кнопка: От имени другого сотрудника.
2025-06-03 13:43:48 [INFO] org.example.TagBot.EventHandler - Новое сообщение от пользователя: andrey.sanzharov@lukoil.com = {рр}
2025-06-03 13:43:48 [INFO] org.example.TagBot.UserStateManager - Пользователь написал сообщение: рр
2025-06-03 13:43:48 [INFO] org.example.TagBot.Handlers - Проверка ФИО 'рр': 0 пробелов => false
2025-06-03 13:43:53 [INFO] org.example.TagBot.EventHandler - Новое сообщение от пользователя: andrey.sanzharov@lukoil.com = {ррр о о}
2025-06-03 13:43:53 [INFO] org.example.TagBot.UserStateManager - Пользователь написал сообщение: ррр о о
2025-06-03 13:43:53 [INFO] org.example.TagBot.Handlers - Проверка ФИО 'ррр о о': 2 пробелов => true
2025-06-03 13:43:56 [INFO] org.example.TagBot.EventHandler - Новое сообщение от пользователя: andrey.sanzharov@lukoil.com = {олонр}
2025-06-03 13:43:56 [INFO] org.example.TagBot.UserStateManager - Пользователь написал сообщение: олонр
2025-06-03 13:43:56 [INFO] org.example.TagBot.Handlers - Ответ сформирован и отправлен: {}
2025-06-03 13:54:35 [INFO] org.example.TagBot.TagBotApplication - Бот запускается...
2025-06-03 13:54:35 [INFO] ru.mail.im.botapi.BotLogger - IM_BOT bot successfully started
2025-06-03 13:54:35 [INFO] ru.mail.im.botapi.BotLogger - IM_BOT bot already started
2025-06-03 13:54:35 [INFO] org.example.TagBot.TagBotApplication - Бот запустился.
2025-06-03 13:54:44 [INFO] org.example.TagBot.EventHandler - Новое сообщение от пользователя: andrey.sanzharov@lukoil.com = {jg}
2025-06-03 13:54:45 [INFO] org.example.TagBot.EventHandler - Callback от пользователя: andrey.sanzharov@lukoil.com| Кнопка: Зарегистрировать обращение
2025-06-03 13:54:47 [INFO] org.example.TagBot.EventHandler - Callback от пользователя: andrey.sanzharov@lukoil.com| Кнопка: Другое
2025-06-03 13:54:48 [INFO] org.example.TagBot.EventHandler - Callback от пользователя: andrey.sanzharov@lukoil.com| Кнопка: От имени другого сотрудника.
2025-06-03 13:54:52 [INFO] org.example.TagBot.EventHandler - Новое сообщение от пользователя: andrey.sanzharov@lukoil.com = {fkkf j j}
2025-06-03 13:54:52 [INFO] org.example.TagBot.UserStateManager - Пользователь написал сообщение: fkkf j j
2025-06-03 13:54:52 [INFO] org.example.TagBot.Handlers - Проверка ФИО 'fkkf j j': 2 пробелов => true
2025-06-03 13:54:55 [INFO] org.example.TagBot.EventHandler - Новое сообщение от пользователя: andrey.sanzharov@lukoil.com = {kmgkmjgkm}
2025-06-03 13:54:55 [INFO] org.example.TagBot.UserStateManager - Пользователь написал сообщение: kmgkmjgkm
2025-06-03 13:54:55 [WARN] org.example.TagBot.HandlerProcessor - Обработчик 'aggregateAnswers' не найден.
2025-06-03 13:55:20 [INFO] org.example.TagBot.TagBotApplication - Бот запускается...
2025-06-03 13:55:20 [INFO] ru.mail.im.botapi.BotLogger - IM_BOT bot successfully started
2025-06-03 13:55:20 [INFO] ru.mail.im.botapi.BotLogger - IM_BOT bot already started
2025-06-03 13:55:20 [INFO] org.example.TagBot.TagBotApplication - Бот запустился.
2025-06-03 13:55:23 [INFO] org.example.TagBot.EventHandler - Новое сообщение от пользователя: andrey.sanzharov@lukoil.com = {jjgj}
2025-06-03 13:55:25 [INFO] org.example.TagBot.EventHandler - Callback от пользователя: andrey.sanzharov@lukoil.com| Кнопка: Зарегистрировать обращение
2025-06-03 13:55:27 [INFO] org.example.TagBot.EventHandler - Callback от пользователя: andrey.sanzharov@lukoil.com| Кнопка: Другое
2025-06-03 13:55:28 [INFO] org.example.TagBot.EventHandler - Callback от пользователя: andrey.sanzharov@lukoil.com| Кнопка: От имени другого сотрудника.
2025-06-03 13:55:30 [INFO] org.example.TagBot.EventHandler - Новое сообщение от пользователя: andrey.sanzharov@lukoil.com = {k k k}
2025-06-03 13:55:30 [INFO] org.example.TagBot.UserStateManager - Пользователь написал сообщение: k k k
2025-06-03 13:55:30 [INFO] org.example.TagBot.Handlers - Проверка ФИО 'k k k': 2 пробелов => true
2025-06-03 13:55:33 [INFO] org.example.TagBot.EventHandler - Новое сообщение от пользователя: andrey.sanzharov@lukoil.com = {;lkml;m,}
2025-06-03 13:55:33 [INFO] org.example.TagBot.UserStateManager - Пользователь написал сообщение: ;lkml;m,
2025-06-03 13:55:33 [INFO] org.example.TagBot.Handlers - Ответ сформирован и отправлен: {"answers":[]}
2025-06-03 13:56:53 [INFO] org.example.TagBot.TagBotApplication - Бот запускается...
2025-06-03 13:56:53 [INFO] ru.mail.im.botapi.BotLogger - IM_BOT bot successfully started
2025-06-03 13:56:53 [INFO] ru.mail.im.botapi.BotLogger - IM_BOT bot already started
2025-06-03 13:56:53 [INFO] org.example.TagBot.TagBotApplication - Бот запустился.
2025-06-03 13:56:56 [INFO] org.example.TagBot.EventHandler - Новое сообщение от пользователя: andrey.sanzharov@lukoil.com = {14}
2025-06-03 13:56:58 [INFO] org.example.TagBot.EventHandler - Callback от пользователя: andrey.sanzharov@lukoil.com| Кнопка: Зарегистрировать обращение
2025-06-03 13:56:59 [INFO] org.example.TagBot.EventHandler - Callback от пользователя: andrey.sanzharov@lukoil.com| Кнопка: Другое
2025-06-03 13:57:00 [INFO] org.example.TagBot.EventHandler - Callback от пользователя: andrey.sanzharov@lukoil.com| Кнопка: От имени другого сотрудника.
2025-06-03 13:57:05 [INFO] org.example.TagBot.EventHandler - Новое сообщение от пользователя: andrey.sanzharov@lukoil.com = {4 5 5}
2025-06-03 13:57:05 [INFO] org.example.TagBot.UserStateManager - Пользователь написал сообщение: 4 5 5
2025-06-03 13:57:05 [INFO] org.example.TagBot.Handlers - Проверка ФИО '4 5 5': 2 пробелов => true
2025-06-03 13:57:08 [INFO] org.example.TagBot.EventHandler - Новое сообщение от пользователя: andrey.sanzharov@lukoil.com = {jmkn}
2025-06-03 13:57:08 [INFO] org.example.TagBot.UserStateManager - Пользователь написал сообщение: jmkn
2025-06-03 13:57:08 [INFO] org.example.TagBot.Handlers - Ответ сформирован и отправлен: {"answers":[]}
2025-06-03 13:57:40 [INFO] org.example.TagBot.TagBotApplication - Бот запускается...
2025-06-03 13:57:40 [INFO] ru.mail.im.botapi.BotLogger - IM_BOT bot successfully started
2025-06-03 13:57:40 [INFO] ru.mail.im.botapi.BotLogger - IM_BOT bot already started
2025-06-03 13:57:40 [INFO] org.example.TagBot.TagBotApplication - Бот запустился.
2025-06-03 13:58:17 [INFO] org.example.TagBot.TagBotApplication - Бот запускается...
2025-06-03 13:58:18 [INFO] ru.mail.im.botapi.BotLogger - IM_BOT bot successfully started
2025-06-03 13:58:18 [INFO] ru.mail.im.botapi.BotLogger - IM_BOT bot already started
2025-06-03 13:58:18 [INFO] org.example.TagBot.TagBotApplication - Бот запустился.
2025-06-03 13:58:21 [INFO] org.example.TagBot.EventHandler - Новое сообщение от пользователя: andrey.sanzharov@lukoil.com = {555 44}
2025-06-03 13:58:23 [INFO] org.example.TagBot.EventHandler - Callback от пользователя: andrey.sanzharov@lukoil.com| Кнопка: Зарегистрировать обращение
2025-06-03 13:58:25 [INFO] org.example.TagBot.EventHandler - Callback от пользователя: andrey.sanzharov@lukoil.com| Кнопка: Другое
2025-06-03 13:58:30 [INFO] org.example.TagBot.EventHandler - Callback от пользователя: andrey.sanzharov@lukoil.com| Кнопка: От имени другого сотрудника.
2025-06-03 13:58:32 [INFO] org.example.TagBot.EventHandler - Новое сообщение от пользователя: andrey.sanzharov@lukoil.com = {4444}
2025-06-03 13:58:32 [INFO] org.example.TagBot.UserStateManager - Пользователь написал сообщение: 4444
2025-06-03 13:58:32 [INFO] org.example.TagBot.Handlers - Проверка ФИО '4444': 0 пробелов => false
2025-06-03 13:58:38 [INFO] org.example.TagBot.EventHandler - Новое сообщение от пользователя: andrey.sanzharov@lukoil.com = {417 k k}
2025-06-03 13:58:38 [INFO] org.example.TagBot.UserStateManager - Пользователь написал сообщение: 417 k k
2025-06-03 13:58:38 [INFO] org.example.TagBot.Handlers - Проверка ФИО '417 k k': 2 пробелов => true
2025-06-03 13:58:42 [INFO] org.example.TagBot.EventHandler - Новое сообщение от пользователя: andrey.sanzharov@lukoil.com = {[poiu}
2025-06-03 13:58:42 [INFO] org.example.TagBot.UserStateManager - Пользователь написал сообщение: [poiu
2025-06-03 13:59:36 [INFO] org.example.TagBot.TagBotApplication - Бот запускается...
2025-06-03 13:59:36 [INFO] ru.mail.im.botapi.BotLogger - IM_BOT bot successfully started
2025-06-03 13:59:36 [INFO] ru.mail.im.botapi.BotLogger - IM_BOT bot already started
2025-06-03 13:59:36 [INFO] org.example.TagBot.TagBotApplication - Бот запустился.
2025-06-03 13:59:36 [INFO] org.example.TagBot.EventHandler - Новое сообщение от пользователя: andrey.sanzharov@lukoil.com = {[poiu}
2025-06-03 13:59:41 [INFO] org.example.TagBot.EventHandler - Callback от пользователя: andrey.sanzharov@lukoil.com| Кнопка: Зарегистрировать обращение
2025-06-03 13:59:43 [INFO] org.example.TagBot.EventHandler - Callback от пользователя: andrey.sanzharov@lukoil.com| Кнопка: Другое
2025-06-03 13:59:43 [INFO] org.example.TagBot.EventHandler - Callback от пользователя: andrey.sanzharov@lukoil.com| Кнопка: От имени другого сотрудника.
2025-06-03 13:59:46 [INFO] org.example.TagBot.EventHandler - Новое сообщение от пользователя: andrey.sanzharov@lukoil.com = {j j j}
2025-06-03 13:59:46 [INFO] org.example.TagBot.UserStateManager - Пользователь написал сообщение: j j j
2025-06-03 13:59:46 [INFO] org.example.TagBot.Handlers - Проверка ФИО 'j j j': 2 пробелов => true
2025-06-03 13:59:49 [INFO] org.example.TagBot.EventHandler - Новое сообщение от пользователя: andrey.sanzharov@lukoil.com = {ijoij;n}
2025-06-03 13:59:49 [INFO] org.example.TagBot.UserStateManager - Пользователь написал сообщение: ijoij;n
2025-06-03 14:02:01 [INFO] org.example.TagBot.TagBotApplication - Бот запускается...
2025-06-03 14:02:02 [INFO] ru.mail.im.botapi.BotLogger - IM_BOT bot successfully started
2025-06-03 14:02:02 [INFO] ru.mail.im.botapi.BotLogger - IM_BOT bot already started
2025-06-03 14:02:02 [INFO] org.example.TagBot.TagBotApplication - Бот запустился.
2025-06-03 14:02:02 [INFO] org.example.TagBot.EventHandler - Новое сообщение от пользователя: andrey.sanzharov@lukoil.com = {ijoij;n}
2025-06-03 14:02:05 [INFO] org.example.TagBot.EventHandler - Новое сообщение от пользователя: andrey.sanzharov@lukoil.com = {jn}
2025-06-03 14:02:07 [INFO] org.example.TagBot.EventHandler - Callback от пользователя: andrey.sanzharov@lukoil.com| Кнопка: Зарегистрировать обращение
2025-06-03 14:02:13 [INFO] org.example.TagBot.UserStateManager - Ответ пользователя andrey.sanzharov@lukoil.com: Зарегистрировать обращение
2025-06-03 14:02:18 [INFO] org.example.TagBot.EventHandler - Callback от пользователя: andrey.sanzharov@lukoil.com| Кнопка: Другое
2025-06-03 14:02:25 [INFO] org.example.TagBot.UserStateManager - Ответ пользователя andrey.sanzharov@lukoil.com: Другое
2025-06-03 14:03:23 [INFO] org.example.TagBot.TagBotApplication - Бот запускается...
2025-06-03 14:03:23 [INFO] ru.mail.im.botapi.BotLogger - IM_BOT bot successfully started
2025-06-03 14:03:23 [INFO] ru.mail.im.botapi.BotLogger - IM_BOT bot already started
2025-06-03 14:03:23 [INFO] org.example.TagBot.TagBotApplication - Бот запустился.
2025-06-03 14:03:23 [INFO] org.example.TagBot.EventHandler - Callback от пользователя: andrey.sanzharov@lukoil.com| Кнопка: Другое
2025-06-03 14:03:23 [WARN] org.example.TagBot.UserStateManager - Нет состояния для пользователя: andrey.sanzharov@lukoil.com
2025-06-03 14:03:26 [INFO] org.example.TagBot.EventHandler - Новое сообщение от пользователя: andrey.sanzharov@lukoil.com = {kmf}
2025-06-03 14:03:28 [INFO] org.example.TagBot.EventHandler - Callback от пользователя: andrey.sanzharov@lukoil.com| Кнопка: Зарегистрировать обращение
2025-06-03 14:03:28 [INFO] org.example.TagBot.UserStateManager - Ответ пользователя andrey.sanzharov@lukoil.com: Зарегистрировать обращение
2025-06-03 14:03:29 [INFO] org.example.TagBot.EventHandler - Callback от пользователя: andrey.sanzharov@lukoil.com| Кнопка: Другое
2025-06-03 14:03:29 [INFO] org.example.TagBot.UserStateManager - Ответ пользователя andrey.sanzharov@lukoil.com: Другое
2025-06-03 14:03:30 [INFO] org.example.TagBot.EventHandler - Callback от пользователя: andrey.sanzharov@lukoil.com| Кнопка: От имени другого сотрудника.
2025-06-03 14:03:30 [INFO] org.example.TagBot.UserStateManager - Ответ пользователя andrey.sanzharov@lukoil.com: От имени другого сотрудника.
2025-06-03 14:03:33 [INFO] org.example.TagBot.EventHandler - Новое сообщение от пользователя: andrey.sanzharov@lukoil.com = {fdffg h  j}
2025-06-03 14:03:33 [INFO] org.example.TagBot.UserStateManager - Пользователь написал сообщение: fdffg h  j
2025-06-03 14:03:33 [INFO] org.example.TagBot.Handlers - Проверка ФИО 'fdffg h  j': 3 пробелов => true
2025-06-03 14:03:33 [INFO] org.example.TagBot.UserStateManager - Ответ пользователя andrey.sanzharov@lukoil.com: fdffg h  j
2025-06-03 14:03:35 [INFO] org.example.TagBot.EventHandler - Новое сообщение от пользователя: andrey.sanzharov@lukoil.com = {gh}
2025-06-03 14:03:35 [INFO] org.example.TagBot.UserStateManager - Пользователь написал сообщение: gh
2025-06-03 14:03:35 [INFO] org.example.TagBot.UserStateManager - Ответ пользователя andrey.sanzharov@lukoil.com: gh
2025-06-03 14:15:01 [INFO] org.example.TagBot.TagBotApplication - Бот запускается...
2025-06-03 14:15:01 [INFO] ru.mail.im.botapi.BotLogger - IM_BOT bot successfully started
2025-06-03 14:15:01 [INFO] ru.mail.im.botapi.BotLogger - IM_BOT bot already started
2025-06-03 14:15:01 [INFO] org.example.TagBot.TagBotApplication - Бот запустился.
2025-06-03 14:20:26 [INFO] org.example.TagBot.TagBotApplication - Бот запускается...
2025-06-03 14:20:26 [INFO] ru.mail.im.botapi.BotLogger - IM_BOT bot successfully started
2025-06-03 14:20:26 [INFO] ru.mail.im.botapi.BotLogger - IM_BOT bot already started
2025-06-03 14:20:26 [INFO] org.example.TagBot.TagBotApplication - Бот запустился.
2025-06-03 14:24:48 [INFO] org.example.TagBot.TagBotApplication - Бот запускается...
2025-06-03 14:24:48 [INFO] ru.mail.im.botapi.BotLogger - IM_BOT bot successfully started
2025-06-03 14:24:48 [INFO] ru.mail.im.botapi.BotLogger - IM_BOT bot already started
2025-06-03 14:24:48 [INFO] org.example.TagBot.TagBotApplication - Бот запустился.
2025-06-03 14:24:53 [INFO] org.example.TagBot.EventHandler - Новое сообщение от пользователя: andrey.sanzharov@lukoil.com = {gjgjg}
2025-06-03 14:24:54 [INFO] org.example.TagBot.EventHandler - Callback от пользователя: andrey.sanzharov@lukoil.com| Кнопка: Зарегистрировать обращение
2025-06-03 14:24:54 [INFO] org.example.TagBot.UserStateManager - Ответ пользователя andrey.sanzharov@lukoil.com: Зарегистрировать обращение
2025-06-03 14:24:56 [INFO] org.example.TagBot.EventHandler - Callback от пользователя: andrey.sanzharov@lukoil.com| Кнопка: Не работает телефон
2025-06-03 14:24:56 [INFO] org.example.TagBot.UserStateManager - Ответ пользователя andrey.sanzharov@lukoil.com: Не работает телефон
2025-06-03 14:24:57 [INFO] org.example.TagBot.EventHandler - Callback от пользователя: andrey.sanzharov@lukoil.com| Кнопка: От себя
2025-06-03 14:24:57 [INFO] org.example.TagBot.UserStateManager - Ответ пользователя andrey.sanzharov@lukoil.com: От себя
2025-06-03 14:24:57 [INFO] org.example.TagBot.UserStateManager - Диалог завершен для пользователя: andrey.sanzharov@lukoil.com
2025-06-03 14:25:27 [INFO] org.example.TagBot.TagBotApplication - Бот запускается...
2025-06-03 14:25:28 [INFO] ru.mail.im.botapi.BotLogger - IM_BOT bot successfully started
2025-06-03 14:25:28 [INFO] ru.mail.im.botapi.BotLogger - IM_BOT bot already started
2025-06-03 14:25:28 [INFO] org.example.TagBot.TagBotApplication - Бот запустился.
2025-06-03 14:25:52 [INFO] org.example.TagBot.EventHandler - Новое сообщение от пользователя: andrey.sanzharov@lukoil.com = {j}
2025-06-03 14:25:54 [INFO] org.example.TagBot.EventHandler - Callback от пользователя: andrey.sanzharov@lukoil.com| Кнопка: Зарегистрировать обращение
2025-06-03 14:25:54 [INFO] org.example.TagBot.UserStateManager - Ответ пользователя andrey.sanzharov@lukoil.com: Зарегистрировать обращение
2025-06-03 14:25:55 [INFO] org.example.TagBot.EventHandler - Callback от пользователя: andrey.sanzharov@lukoil.com| Кнопка: Другое
2025-06-03 14:25:55 [INFO] org.example.TagBot.UserStateManager - Ответ пользователя andrey.sanzharov@lukoil.com: Другое
2025-06-03 14:25:56 [INFO] org.example.TagBot.EventHandler - Callback от пользователя: andrey.sanzharov@lukoil.com| Кнопка: От себя
2025-06-03 14:25:56 [INFO] org.example.TagBot.UserStateManager - Ответ пользователя andrey.sanzharov@lukoil.com: От себя
2025-06-03 14:25:59 [INFO] org.example.TagBot.EventHandler - Новое сообщение от пользователя: andrey.sanzharov@lukoil.com = {bhj}
2025-06-03 14:25:59 [INFO] org.example.TagBot.UserStateManager - Пользователь написал сообщение: bhj
2025-06-03 14:25:59 [INFO] org.example.TagBot.UserStateManager - Ответ пользователя andrey.sanzharov@lukoil.com: bhj
2025-06-03 14:26:00 [INFO] org.example.TagBot.EventHandler - Callback от пользователя: andrey.sanzharov@lukoil.com| Кнопка: Зарегистрировать обращение
2025-06-03 14:26:00 [INFO] org.example.TagBot.UserStateManager - Ответ пользователя andrey.sanzharov@lukoil.com: Зарегистрировать обращение
2025-06-03 14:26:01 [INFO] org.example.TagBot.EventHandler - Callback от пользователя: andrey.sanzharov@lukoil.com| Кнопка: Не работает телефон
2025-06-03 14:26:01 [INFO] org.example.TagBot.UserStateManager - Ответ пользователя andrey.sanzharov@lukoil.com: Не работает телефон
2025-06-03 14:26:02 [INFO] org.example.TagBot.EventHandler - Callback от пользователя: andrey.sanzharov@lukoil.com| Кнопка: От себя
2025-06-03 14:26:02 [INFO] org.example.TagBot.UserStateManager - Ответ пользователя andrey.sanzharov@lukoil.com: От себя
2025-06-03 14:26:02 [INFO] org.example.TagBot.UserStateManager - Диалог завершен для пользователя: andrey.sanzharov@lukoil.com
2025-06-03 14:26:22 [INFO] org.example.TagBot.TagBotApplication - Бот запускается...
2025-06-03 14:26:22 [INFO] ru.mail.im.botapi.BotLogger - IM_BOT bot successfully started
2025-06-03 14:26:22 [INFO] ru.mail.im.botapi.BotLogger - IM_BOT bot already started
2025-06-03 14:26:22 [INFO] org.example.TagBot.TagBotApplication - Бот запустился.
2025-06-03 14:26:27 [INFO] org.example.TagBot.EventHandler - Новое сообщение от пользователя: andrey.sanzharov@lukoil.com = {j}
2025-06-03 14:26:28 [INFO] org.example.TagBot.EventHandler - Callback от пользователя: andrey.sanzharov@lukoil.com| Кнопка: Зарегистрировать обращение
2025-06-03 14:26:28 [INFO] org.example.TagBot.UserStateManager - Ответ пользователя andrey.sanzharov@lukoil.com: Зарегистрировать обращение
2025-06-03 14:26:30 [INFO] org.example.TagBot.EventHandler - Callback от пользователя: andrey.sanzharov@lukoil.com| Кнопка: Не работает телефон
2025-06-03 14:26:30 [INFO] org.example.TagBot.UserStateManager - Ответ пользователя andrey.sanzharov@lukoil.com: Не работает телефон
2025-06-03 14:26:31 [INFO] org.example.TagBot.EventHandler - Callback от пользователя: andrey.sanzharov@lukoil.com| Кнопка: От себя
2025-06-03 14:26:31 [INFO] org.example.TagBot.UserStateManager - Ответ пользователя andrey.sanzharov@lukoil.com: От себя
2025-06-03 14:26:31 [INFO] org.example.TagBot.UserStateManager - Диалог завершен для пользователя: andrey.sanzharov@lukoil.com
2025-06-03 14:26:33 [INFO] org.example.TagBot.EventHandler - Новое сообщение от пользователя: andrey.sanzharov@lukoil.com = {j}
2025-06-03 14:41:08 [INFO] org.example.TagBot.TagBotApplication - Бот запускается...
2025-06-03 14:41:08 [INFO] ru.mail.im.botapi.BotLogger - IM_BOT bot successfully started
2025-06-03 14:41:08 [INFO] ru.mail.im.botapi.BotLogger - IM_BOT bot already started
2025-06-03 14:41:08 [INFO] org.example.TagBot.TagBotApplication - Бот запустился.
2025-06-03 14:41:08 [INFO] org.example.TagBot.EventHandler - Новое сообщение от пользователя: andrey.sanzharov@lukoil.com = {okb}
2025-06-03 14:41:09 [INFO] org.example.TagBot.EventHandler - Callback от пользователя: andrey.sanzharov@lukoil.com| Кнопка: Зарегистрировать обращение
2025-06-03 14:41:11 [INFO] org.example.TagBot.EventHandler - Новое сообщение от пользователя: andrey.sanzharov@lukoil.com = {m}
2025-06-03 14:41:13 [INFO] org.example.TagBot.EventHandler - Callback от пользователя: andrey.sanzharov@lukoil.com| Кнопка: Не работает телефон
2025-06-03 14:41:16 [INFO] org.example.TagBot.EventHandler - Callback от пользователя: andrey.sanzharov@lukoil.com| Кнопка: От имени другого сотрудника.
2025-06-03 14:41:20 [INFO] org.example.TagBot.EventHandler - Новое сообщение от пользователя: andrey.sanzharov@lukoil.com = {] . .}
2025-06-03 14:41:20 [INFO] org.example.TagBot.UserStateManager - Пользователь написал сообщение: ] . .
2025-06-03 14:41:20 [ERROR] org.example.TagBot.EventHandler - Ошибка при обработке сообщения: class java.util.ArrayList cannot be cast to class java.util.Map (java.util.ArrayList and java.util.Map are in module java.base of loader 'bootstrap')
2025-06-03 14:42:18 [INFO] org.example.TagBot.TagBotApplication - Бот запускается...
2025-06-03 14:42:19 [INFO] ru.mail.im.botapi.BotLogger - IM_BOT bot successfully started
2025-06-03 14:42:19 [INFO] ru.mail.im.botapi.BotLogger - IM_BOT bot already started
2025-06-03 14:42:19 [INFO] org.example.TagBot.TagBotApplication - Бот запустился.
2025-06-03 14:42:27 [INFO] org.example.TagBot.EventHandler - Новое сообщение от пользователя: andrey.sanzharov@lukoil.com = {h}
2025-06-03 14:42:28 [INFO] org.example.TagBot.EventHandler - Callback от пользователя: andrey.sanzharov@lukoil.com| Кнопка: Зарегистрировать обращение
2025-06-03 14:42:29 [INFO] org.example.TagBot.EventHandler - Callback от пользователя: andrey.sanzharov@lukoil.com| Кнопка: Другое
2025-06-03 14:42:31 [INFO] org.example.TagBot.EventHandler - Callback от пользователя: andrey.sanzharov@lukoil.com| Кнопка: От имени другого сотрудника.
2025-06-03 14:42:34 [INFO] org.example.TagBot.EventHandler - Новое сообщение от пользователя: andrey.sanzharov@lukoil.com = {u  u u}
2025-06-03 14:42:34 [INFO] org.example.TagBot.UserStateManager - Пользователь написал сообщение: u  u u
2025-06-03 14:42:34 [INFO] org.example.TagBot.Handlers - Проверка ФИО 'u  u u': 3 пробелов => true
2025-06-03 14:42:36 [INFO] org.example.TagBot.EventHandler - Новое сообщение от пользователя: andrey.sanzharov@lukoil.com = {lkgik}
2025-06-03 14:42:36 [INFO] org.example.TagBot.UserStateManager - Пользователь написал сообщение: lkgik
2025-06-03 14:42:37 [ERROR] org.example.TagBot.EventHandler - Ошибка при обработке сообщения: class java.util.ArrayList cannot be cast to class java.util.Map (java.util.ArrayList and java.util.Map are in module java.base of loader 'bootstrap')
2025-06-03 14:55:56 [INFO] org.example.TagBot.TagBotApplication - Бот запускается...
2025-06-03 14:55:56 [INFO] ru.mail.im.botapi.BotLogger - IM_BOT bot successfully started
2025-06-03 14:55:56 [INFO] ru.mail.im.botapi.BotLogger - IM_BOT bot already started
2025-06-03 14:55:56 [INFO] org.example.TagBot.TagBotApplication - Бот запустился.
2025-06-03 14:56:00 [INFO] org.example.TagBot.EventHandler - Новое сообщение от пользователя: andrey.sanzharov@lukoil.com = {gf}
2025-06-03 14:56:01 [INFO] org.example.TagBot.EventHandler - Callback от пользователя: andrey.sanzharov@lukoil.com| Кнопка: Зарегистрировать обращение
2025-06-03 14:56:03 [INFO] org.example.TagBot.EventHandler - Callback от пользователя: andrey.sanzharov@lukoil.com| Кнопка: Другое
2025-06-03 14:56:06 [INFO] org.example.TagBot.EventHandler - Callback от пользователя: andrey.sanzharov@lukoil.com| Кнопка: От имени другого сотрудника.
2025-06-03 14:56:08 [INFO] org.example.TagBot.EventHandler - Новое сообщение от пользователя: andrey.sanzharov@lukoil.com = {\ j b}
2025-06-03 14:56:08 [INFO] org.example.TagBot.UserStateManager - Пользователь написал сообщение: \ j b
2025-06-03 14:56:08 [INFO] org.example.TagBot.Handlers - Проверка ФИО '\ j b': 2 пробелов => true
2025-06-03 14:56:10 [INFO] org.example.TagBot.EventHandler - Новое сообщение от пользователя: andrey.sanzharov@lukoil.com = {difj kdn}
2025-06-03 14:56:10 [INFO] org.example.TagBot.UserStateManager - Пользователь написал сообщение: difj kdn
2025-06-03 14:56:51 [INFO] org.example.TagBot.TagBotApplication - Бот запускается...
2025-06-03 14:56:52 [INFO] ru.mail.im.botapi.BotLogger - IM_BOT bot successfully started
2025-06-03 14:56:52 [INFO] ru.mail.im.botapi.BotLogger - IM_BOT bot already started
2025-06-03 14:56:52 [INFO] org.example.TagBot.TagBotApplication - Бот запустился.
2025-06-03 14:56:54 [INFO] org.example.TagBot.EventHandler - Новое сообщение от пользователя: andrey.sanzharov@lukoil.com = {fgfg}
2025-06-03 14:56:56 [INFO] org.example.TagBot.EventHandler - Callback от пользователя: andrey.sanzharov@lukoil.com| Кнопка: Зарегистрировать обращение
2025-06-03 14:56:57 [INFO] org.example.TagBot.EventHandler - Callback от пользователя: andrey.sanzharov@lukoil.com| Кнопка: Другое
2025-06-03 14:57:06 [INFO] org.example.TagBot.EventHandler - Callback от пользователя: andrey.sanzharov@lukoil.com| Кнопка: От имени другого сотрудника.
2025-06-03 14:57:09 [INFO] org.example.TagBot.EventHandler - Новое сообщение от пользователя: andrey.sanzharov@lukoil.com = {fgfkgfjkgn}
2025-06-03 14:57:09 [INFO] org.example.TagBot.UserStateManager - Пользователь написал сообщение: fgfkgfjkgn
2025-06-03 14:57:09 [INFO] org.example.TagBot.Handlers - Проверка ФИО 'fgfkgfjkgn': 0 пробелов => false
2025-06-03 14:57:12 [INFO] org.example.TagBot.EventHandler - Новое сообщение от пользователя: andrey.sanzharov@lukoil.com = {gj j j}
2025-06-03 14:57:12 [INFO] org.example.TagBot.UserStateManager - Пользователь написал сообщение: gj j j
2025-06-03 14:57:12 [INFO] org.example.TagBot.Handlers - Проверка ФИО 'gj j j': 2 пробелов => true
2025-06-03 14:57:14 [INFO] org.example.TagBot.EventHandler - Новое сообщение от пользователя: andrey.sanzharov@lukoil.com = {dlfjmdfm}
2025-06-03 14:57:14 [INFO] org.example.TagBot.UserStateManager - Пользователь написал сообщение: dlfjmdfm
2025-06-03 14:57:32 [INFO] org.example.TagBot.TagBotApplication - Бот запускается...
2025-06-03 14:57:32 [INFO] ru.mail.im.botapi.BotLogger - IM_BOT bot successfully started
2025-06-03 14:57:32 [INFO] ru.mail.im.botapi.BotLogger - IM_BOT bot already started
2025-06-03 14:57:32 [INFO] org.example.TagBot.TagBotApplication - Бот запустился.
2025-06-03 14:57:35 [INFO] org.example.TagBot.EventHandler - Новое сообщение от пользователя: andrey.sanzharov@lukoil.com = {fgnkfg}
2025-06-03 14:57:36 [INFO] org.example.TagBot.EventHandler - Callback от пользователя: andrey.sanzharov@lukoil.com| Кнопка: Зарегистрировать обращение
2025-06-03 14:57:37 [INFO] org.example.TagBot.EventHandler - Callback от пользователя: andrey.sanzharov@lukoil.com| Кнопка: Не работает телефон
2025-06-03 14:57:39 [INFO] org.example.TagBot.EventHandler - Callback от пользователя: andrey.sanzharov@lukoil.com| Кнопка: От имени другого сотрудника.
2025-06-03 14:57:41 [INFO] org.example.TagBot.EventHandler - Новое сообщение от пользователя: andrey.sanzharov@lukoil.com = {g g g}
2025-06-03 14:57:41 [INFO] org.example.TagBot.UserStateManager - Пользователь написал сообщение: g g g
2025-06-03 14:58:03 [INFO] org.example.TagBot.EventHandler - Callback от пользователя: andrey.sanzharov@lukoil.com| Кнопка: Зарегистрировать обращение
2025-06-03 14:58:05 [INFO] org.example.TagBot.EventHandler - Callback от пользователя: andrey.sanzharov@lukoil.com| Кнопка: Другое
2025-06-03 14:58:06 [INFO] org.example.TagBot.EventHandler - Callback от пользователя: andrey.sanzharov@lukoil.com| Кнопка: От имени другого сотрудника.
2025-06-03 14:58:08 [INFO] org.example.TagBot.EventHandler - Новое сообщение от пользователя: andrey.sanzharov@lukoil.com = {u j j}
2025-06-03 14:58:08 [INFO] org.example.TagBot.UserStateManager - Пользователь написал сообщение: u j j
2025-06-03 14:58:08 [INFO] org.example.TagBot.Handlers - Проверка ФИО 'u j j': 2 пробелов => true
2025-06-03 14:58:11 [INFO] org.example.TagBot.EventHandler - Новое сообщение от пользователя: andrey.sanzharov@lukoil.com = {ijikjn}
2025-06-03 14:58:11 [INFO] org.example.TagBot.UserStateManager - Пользователь написал сообщение: ijikjn
2025-06-03 14:58:11 [WARN] org.example.TagBot.HandlerProcessor - Обработчик 'agg' не найден.
2025-06-03 14:58:19 [INFO] org.example.TagBot.TagBotApplication - Бот запускается...
2025-06-03 14:58:20 [INFO] ru.mail.im.botapi.BotLogger - IM_BOT bot successfully started
2025-06-03 14:58:20 [INFO] ru.mail.im.botapi.BotLogger - IM_BOT bot already started
2025-06-03 14:58:20 [INFO] org.example.TagBot.TagBotApplication - Бот запустился.
2025-06-03 14:58:29 [INFO] org.example.TagBot.TagBotApplication - Бот запускается...
2025-06-03 14:58:30 [INFO] ru.mail.im.botapi.BotLogger - IM_BOT bot successfully started
2025-06-03 14:58:30 [INFO] ru.mail.im.botapi.BotLogger - IM_BOT bot already started
2025-06-03 14:58:30 [INFO] org.example.TagBot.TagBotApplication - Бот запустился.
2025-06-03 14:58:48 [INFO] org.example.TagBot.EventHandler - Новое сообщение от пользователя: andrey.sanzharov@lukoil.com = {gfhh}
2025-06-03 14:58:51 [INFO] org.example.TagBot.EventHandler - Callback от пользователя: andrey.sanzharov@lukoil.com| Кнопка: Зарегистрировать обращение
2025-06-03 14:58:56 [INFO] org.example.TagBot.EventHandler - Callback от пользователя: andrey.sanzharov@lukoil.com| Кнопка: Другое
2025-06-03 14:58:57 [INFO] org.example.TagBot.EventHandler - Callback от пользователя: andrey.sanzharov@lukoil.com| Кнопка: От себя
2025-06-03 14:59:00 [INFO] org.example.TagBot.EventHandler - Новое сообщение от пользователя: andrey.sanzharov@lukoil.com = {[kkjh}
2025-06-03 14:59:00 [INFO] org.example.TagBot.UserStateManager - Пользователь написал сообщение: [kkjh
2025-06-03 14:59:01 [INFO] org.example.TagBot.EventHandler - Callback от пользователя: andrey.sanzharov@lukoil.com| Кнопка: Зарегистрировать обращение
2025-06-03 14:59:02 [INFO] org.example.TagBot.EventHandler - Callback от пользователя: andrey.sanzharov@lukoil.com| Кнопка: Другое
2025-06-03 14:59:04 [INFO] org.example.TagBot.EventHandler - Callback от пользователя: andrey.sanzharov@lukoil.com| Кнопка: От имени другого сотрудника.
2025-06-03 14:59:07 [INFO] org.example.TagBot.EventHandler - Новое сообщение от пользователя: andrey.sanzharov@lukoil.com = {k k k}
2025-06-03 14:59:07 [INFO] org.example.TagBot.UserStateManager - Пользователь написал сообщение: k k k
2025-06-03 14:59:07 [INFO] org.example.TagBot.Handlers - Проверка ФИО 'k k k': 2 пробелов => true
2025-06-03 14:59:10 [INFO] org.example.TagBot.EventHandler - Новое сообщение от пользователя: andrey.sanzharov@lukoil.com = {jhbjhb}
2025-06-03 14:59:10 [INFO] org.example.TagBot.UserStateManager - Пользователь написал сообщение: jhbjhb
2025-06-03 14:59:10 [WARN] org.example.TagBot.HandlerProcessor - Обработчик 'agg' не найден.
2025-06-03 14:59:28 [INFO] org.example.TagBot.TagBotApplication - Бот запускается...
2025-06-03 14:59:28 [INFO] ru.mail.im.botapi.BotLogger - IM_BOT bot successfully started
2025-06-03 14:59:28 [INFO] ru.mail.im.botapi.BotLogger - IM_BOT bot already started
2025-06-03 14:59:28 [INFO] org.example.TagBot.TagBotApplication - Бот запустился.
2025-06-03 14:59:32 [INFO] org.example.TagBot.EventHandler - Новое сообщение от пользователя: andrey.sanzharov@lukoil.com = {jlkhlkjn}
2025-06-03 14:59:33 [INFO] org.example.TagBot.EventHandler - Callback от пользователя: andrey.sanzharov@lukoil.com| Кнопка: Зарегистрировать обращение
2025-06-03 14:59:34 [INFO] org.example.TagBot.EventHandler - Callback от пользователя: andrey.sanzharov@lukoil.com| Кнопка: Другое
2025-06-03 14:59:35 [INFO] org.example.TagBot.EventHandler - Callback от пользователя: andrey.sanzharov@lukoil.com| Кнопка: От имени другого сотрудника.
2025-06-03 14:59:38 [INFO] org.example.TagBot.EventHandler - Новое сообщение от пользователя: andrey.sanzharov@lukoil.com = {j j j}
2025-06-03 14:59:38 [INFO] org.example.TagBot.UserStateManager - Пользователь написал сообщение: j j j
2025-06-03 14:59:43 [INFO] org.example.TagBot.Handlers - Проверка ФИО 'j j j': 2 пробелов => true
2025-06-03 14:59:54 [INFO] org.example.TagBot.EventHandler - Новое сообщение от пользователя: andrey.sanzharov@lukoil.com = {;pljhg}
2025-06-03 14:59:54 [INFO] org.example.TagBot.UserStateManager - Пользователь написал сообщение: ;pljhg
2025-06-03 14:59:54 [WARN] org.example.TagBot.HandlerProcessor - Обработчик 'agg' не найден.
2025-06-03 15:00:50 [INFO] org.example.TagBot.TagBotApplication - Бот запускается...
2025-06-03 15:00:51 [INFO] ru.mail.im.botapi.BotLogger - IM_BOT bot successfully started
2025-06-03 15:00:51 [INFO] ru.mail.im.botapi.BotLogger - IM_BOT bot already started
2025-06-03 15:00:51 [INFO] org.example.TagBot.TagBotApplication - Бот запустился.
2025-06-03 15:00:54 [INFO] org.example.TagBot.EventHandler - Новое сообщение от пользователя: andrey.sanzharov@lukoil.com = {hbhb}
2025-06-03 15:00:56 [INFO] org.example.TagBot.EventHandler - Callback от пользователя: andrey.sanzharov@lukoil.com| Кнопка: Зарегистрировать обращение
2025-06-03 15:00:58 [INFO] org.example.TagBot.EventHandler - Callback от пользователя: andrey.sanzharov@lukoil.com| Кнопка: Другое
2025-06-03 15:01:00 [INFO] org.example.TagBot.EventHandler - Callback от пользователя: andrey.sanzharov@lukoil.com| Кнопка: От имени другого сотрудника.
2025-06-03 15:01:03 [INFO] org.example.TagBot.EventHandler - Новое сообщение от пользователя: andrey.sanzharov@lukoil.com = {j j j}
2025-06-03 15:01:03 [INFO] org.example.TagBot.UserStateManager - Пользователь написал сообщение: j j j
2025-06-03 15:01:08 [INFO] org.example.TagBot.Handlers - Проверка ФИО 'j j j': 2 пробелов => true
2025-06-03 15:01:13 [INFO] org.example.TagBot.EventHandler - Новое сообщение от пользователя: andrey.sanzharov@lukoil.com = {kjbln}
2025-06-03 15:01:13 [INFO] org.example.TagBot.UserStateManager - Пользователь написал сообщение: kjbln
2025-06-03 15:01:13 [WARN] org.example.TagBot.HandlerProcessor - Обработчик 'agg' не найден.
2025-06-03 15:07:17 [INFO] org.example.TagBot.TagBotApplication - Бот запускается...
2025-06-03 15:07:17 [INFO] ru.mail.im.botapi.BotLogger - IM_BOT bot successfully started
2025-06-03 15:07:17 [INFO] ru.mail.im.botapi.BotLogger - IM_BOT bot already started
2025-06-03 15:07:17 [INFO] org.example.TagBot.TagBotApplication - Бот запустился.
2025-06-03 15:07:24 [INFO] org.example.TagBot.EventHandler - Новое сообщение от пользователя: andrey.sanzharov@lukoil.com = {gghhg}
2025-06-03 15:07:26 [INFO] org.example.TagBot.EventHandler - Callback от пользователя: andrey.sanzharov@lukoil.com| Кнопка: Зарегистрировать обращение
2025-06-03 15:07:28 [INFO] org.example.TagBot.EventHandler - Callback от пользователя: andrey.sanzharov@lukoil.com| Кнопка: Другое
2025-06-03 15:07:30 [INFO] org.example.TagBot.EventHandler - Callback от пользователя: andrey.sanzharov@lukoil.com| Кнопка: От имени другого сотрудника.
2025-06-03 15:07:32 [INFO] org.example.TagBot.EventHandler - Новое сообщение от пользователя: andrey.sanzharov@lukoil.com = {f f f}
2025-06-03 15:07:32 [INFO] org.example.TagBot.UserStateManager - Пользователь написал сообщение: f f f
2025-06-03 15:07:32 [WARN] org.example.TagBot.HandlerProcessor - Обработчик 'print' не найден.
2025-06-03 15:07:36 [INFO] org.example.TagBot.EventHandler - Новое сообщение от пользователя: andrey.sanzharov@lukoil.com = {gnfgmnf g}
2025-06-03 15:07:36 [INFO] org.example.TagBot.UserStateManager - Пользователь написал сообщение: gnfgmnf g
2025-06-03 15:09:32 [INFO] org.example.TagBot.TagBotApplication - Бот запускается...
2025-06-03 15:09:32 [INFO] ru.mail.im.botapi.BotLogger - IM_BOT bot successfully started
2025-06-03 15:09:32 [INFO] ru.mail.im.botapi.BotLogger - IM_BOT bot already started
2025-06-03 15:09:32 [INFO] org.example.TagBot.TagBotApplication - Бот запустился.
2025-06-03 15:09:49 [INFO] org.example.TagBot.TagBotApplication - Бот запускается...
2025-06-03 15:09:49 [INFO] ru.mail.im.botapi.BotLogger - IM_BOT bot successfully started
2025-06-03 15:09:49 [INFO] ru.mail.im.botapi.BotLogger - IM_BOT bot already started
2025-06-03 15:09:49 [INFO] org.example.TagBot.TagBotApplication - Бот запустился.
2025-06-03 15:09:54 [INFO] org.example.TagBot.EventHandler - Новое сообщение от пользователя: andrey.sanzharov@lukoil.com = {hbnb}
2025-06-03 15:09:54 [INFO] org.example.TagBot.EventHandler - Callback от пользователя: andrey.sanzharov@lukoil.com| Кнопка: Зарегистрировать обращение
2025-06-03 15:09:56 [INFO] org.example.TagBot.EventHandler - Callback от пользователя: andrey.sanzharov@lukoil.com| Кнопка: Другое
2025-06-03 15:09:57 [INFO] org.example.TagBot.EventHandler - Callback от пользователя: andrey.sanzharov@lukoil.com| Кнопка: От имени другого сотрудника.
2025-06-03 15:10:01 [INFO] org.example.TagBot.EventHandler - Новое сообщение от пользователя: andrey.sanzharov@lukoil.com = {g h e}
2025-06-03 15:10:01 [INFO] org.example.TagBot.UserStateManager - Пользователь написал сообщение: g h e
2025-06-03 15:10:01 [WARN] org.example.TagBot.HandlerProcessor - Обработчик 'print' не найден.
2025-06-03 15:10:05 [INFO] org.example.TagBot.EventHandler - Новое сообщение от пользователя: andrey.sanzharov@lukoil.com = {fgfgfg}
2025-06-03 15:10:05 [INFO] org.example.TagBot.UserStateManager - Пользователь написал сообщение: fgfgfg
2025-06-03 15:21:58 [INFO] org.example.TagBot.TagBotApplication - Бот запускается...
2025-06-03 15:21:58 [INFO] ru.mail.im.botapi.BotLogger - IM_BOT bot successfully started
2025-06-03 15:21:58 [INFO] ru.mail.im.botapi.BotLogger - IM_BOT bot already started
2025-06-03 15:21:58 [INFO] org.example.TagBot.TagBotApplication - Бот запустился.
2025-06-03 15:22:02 [INFO] org.example.TagBot.EventHandler - Новое сообщение от пользователя: andrey.sanzharov@lukoil.com = {gj}
2025-06-03 15:22:04 [INFO] org.example.TagBot.EventHandler - Новое сообщение от пользователя: andrey.sanzharov@lukoil.com = {fg}
2025-06-03 15:22:05 [INFO] org.example.TagBot.EventHandler - Callback от пользователя: andrey.sanzharov@lukoil.com| Кнопка: Зарегистрировать обращение
2025-06-03 15:22:07 [INFO] org.example.TagBot.EventHandler - Callback от пользователя: andrey.sanzharov@lukoil.com| Кнопка: Другое
2025-06-03 15:22:09 [INFO] org.example.TagBot.EventHandler - Callback от пользователя: andrey.sanzharov@lukoil.com| Кнопка: От имени другого сотрудника.
2025-06-03 15:22:11 [INFO] org.example.TagBot.EventHandler - Новое сообщение от пользователя: andrey.sanzharov@lukoil.com = {gggg}
2025-06-03 15:22:11 [INFO] org.example.TagBot.UserStateManager - Пользователь написал сообщение: gggg
2025-06-03 15:22:11 [WARN] org.example.TagBot.HandlerProcessor - Обработчик 'print' не найден.
2025-06-03 15:23:57 [INFO] org.example.TagBot.TagBotApplication - Бот запускается...
2025-06-03 15:23:57 [INFO] ru.mail.im.botapi.BotLogger - IM_BOT bot successfully started
2025-06-03 15:23:57 [INFO] ru.mail.im.botapi.BotLogger - IM_BOT bot already started
2025-06-03 15:23:57 [INFO] org.example.TagBot.TagBotApplication - Бот запустился.
2025-06-03 15:24:08 [INFO] org.example.TagBot.EventHandler - Новое сообщение от пользователя: andrey.sanzharov@lukoil.com = {fg}
2025-06-03 15:24:10 [INFO] org.example.TagBot.EventHandler - Callback от пользователя: andrey.sanzharov@lukoil.com| Кнопка: Зарегистрировать обращение
2025-06-03 15:24:12 [INFO] org.example.TagBot.EventHandler - Callback от пользователя: andrey.sanzharov@lukoil.com| Кнопка: Другое
2025-06-03 15:24:17 [INFO] org.example.TagBot.EventHandler - Callback от пользователя: andrey.sanzharov@lukoil.com| Кнопка: От имени другого сотрудника.
2025-06-03 15:24:19 [INFO] org.example.TagBot.EventHandler - Новое сообщение от пользователя: andrey.sanzharov@lukoil.com = {ff}
2025-06-03 15:24:19 [INFO] org.example.TagBot.UserStateManager - Пользователь написал сообщение: ff
2025-06-03 15:24:19 [INFO] org.example.TagBot.Handlers - Сработал обработчик validateName
2025-06-03 15:24:19 [INFO] org.example.TagBot.Handlers - Проверка ФИО 'ff': 0 пробелов => false
2025-06-03 15:24:23 [INFO] org.example.TagBot.EventHandler - Новое сообщение от пользователя: andrey.sanzharov@lukoil.com = {fgfg fg fg fg}
2025-06-03 15:24:23 [INFO] org.example.TagBot.UserStateManager - Пользователь написал сообщение: fgfg fg fg fg
2025-06-03 15:24:23 [INFO] org.example.TagBot.Handlers - Сработал обработчик validateName
2025-06-03 15:24:23 [INFO] org.example.TagBot.Handlers - Проверка ФИО 'fgfg fg fg fg': 3 пробелов => true
2025-06-03 15:24:29 [INFO] org.example.TagBot.EventHandler - Новое сообщение от пользователя: andrey.sanzharov@lukoil.com = {gfklmgkgmalk;g}
2025-06-03 15:24:29 [INFO] org.example.TagBot.UserStateManager - Пользователь написал сообщение: gfklmgkgmalk;g
2025-06-03 15:30:40 [INFO] org.example.TagBot.TagBotApplication - Бот запускается...
2025-06-03 15:30:40 [INFO] ru.mail.im.botapi.BotLogger - IM_BOT bot successfully started
2025-06-03 15:30:40 [INFO] ru.mail.im.botapi.BotLogger - IM_BOT bot already started
2025-06-03 15:30:40 [INFO] org.example.TagBot.TagBotApplication - Бот запустился.
2025-06-03 15:30:43 [INFO] org.example.TagBot.EventHandler - Новое сообщение от пользователя: andrey.sanzharov@lukoil.com = {g}
2025-06-03 15:30:44 [INFO] org.example.TagBot.EventHandler - Callback от пользователя: andrey.sanzharov@lukoil.com| Кнопка: Зарегистрировать обращение
2025-06-03 15:30:49 [INFO] org.example.TagBot.EventHandler - Callback от пользователя: andrey.sanzharov@lukoil.com| Кнопка: Другое
2025-06-03 15:30:51 [INFO] org.example.TagBot.EventHandler - Callback от пользователя: andrey.sanzharov@lukoil.com| Кнопка: От имени другого сотрудника.
2025-06-03 15:30:58 [INFO] org.example.TagBot.EventHandler - Новое сообщение от пользователя: andrey.sanzharov@lukoil.com = {h h  h}
2025-06-03 15:30:58 [INFO] org.example.TagBot.UserStateManager - Пользователь написал сообщение: h h  h
2025-06-03 15:30:58 [INFO] org.example.TagBot.Handlers - Сработал обработчик validateName
2025-06-03 15:30:58 [INFO] org.example.TagBot.Handlers - Проверка ФИО 'h h  h': 3 пробелов => true
2025-06-03 15:31:03 [INFO] org.example.TagBot.EventHandler - Новое сообщение от пользователя: andrey.sanzharov@lukoil.com = {ghghgh}
2025-06-03 15:31:03 [INFO] org.example.TagBot.UserStateManager - Пользователь написал сообщение: ghghgh
2025-06-03 15:34:27 [INFO] org.example.TagBot.TagBotApplication - Бот запускается...
2025-06-03 15:34:27 [INFO] ru.mail.im.botapi.BotLogger - IM_BOT bot successfully started
2025-06-03 15:34:27 [INFO] ru.mail.im.botapi.BotLogger - IM_BOT bot already started
2025-06-03 15:34:27 [INFO] org.example.TagBot.TagBotApplication - Бот запустился.
2025-06-03 15:34:32 [INFO] org.example.TagBot.EventHandler - Новое сообщение от пользователя: andrey.sanzharov@lukoil.com = {ghgh}
2025-06-03 15:34:33 [INFO] org.example.TagBot.EventHandler - Callback от пользователя: andrey.sanzharov@lukoil.com| Кнопка: Зарегистрировать обращение
2025-06-03 15:34:34 [INFO] org.example.TagBot.EventHandler - Callback от пользователя: andrey.sanzharov@lukoil.com| Кнопка: Другое
2025-06-03 15:34:36 [INFO] org.example.TagBot.EventHandler - Callback от пользователя: andrey.sanzharov@lukoil.com| Кнопка: От имени другого сотрудника.
2025-06-03 15:34:38 [INFO] org.example.TagBot.EventHandler - Новое сообщение от пользователя: andrey.sanzharov@lukoil.com = {gfgfg}
2025-06-03 15:34:38 [INFO] org.example.TagBot.UserStateManager - Пользователь написал сообщение: gfgfg
2025-06-03 15:34:38 [INFO] org.example.TagBot.Handlers - Сработал обработчик answers
2025-06-03 15:35:40 [INFO] org.example.TagBot.TagBotApplication - Бот запускается...
2025-06-03 15:35:40 [INFO] ru.mail.im.botapi.BotLogger - IM_BOT bot successfully started
2025-06-03 15:35:40 [INFO] ru.mail.im.botapi.BotLogger - IM_BOT bot already started
2025-06-03 15:35:40 [INFO] org.example.TagBot.TagBotApplication - Бот запустился.
2025-06-03 15:35:46 [INFO] org.example.TagBot.EventHandler - Новое сообщение от пользователя: andrey.sanzharov@lukoil.com = {gh}
2025-06-03 15:35:47 [INFO] org.example.TagBot.EventHandler - Callback от пользователя: andrey.sanzharov@lukoil.com| Кнопка: Зарегистрировать обращение
2025-06-03 15:35:49 [INFO] org.example.TagBot.EventHandler - Callback от пользователя: andrey.sanzharov@lukoil.com| Кнопка: Другое
2025-06-03 15:35:50 [INFO] org.example.TagBot.EventHandler - Callback от пользователя: andrey.sanzharov@lukoil.com| Кнопка: От имени другого сотрудника.
2025-06-03 15:35:52 [INFO] org.example.TagBot.EventHandler - Новое сообщение от пользователя: andrey.sanzharov@lukoil.com = {g g g}
2025-06-03 15:35:52 [INFO] org.example.TagBot.UserStateManager - Пользователь написал сообщение: g g g
2025-06-03 15:35:52 [INFO] org.example.TagBot.Handlers - Сработал обработчик validateName
2025-06-03 15:35:52 [INFO] org.example.TagBot.Handlers - Проверка ФИО 'g g g': 2 пробелов => true
2025-06-03 15:35:56 [INFO] org.example.TagBot.EventHandler - Новое сообщение от пользователя: andrey.sanzharov@lukoil.com = {gikj}
2025-06-03 15:35:56 [INFO] org.example.TagBot.UserStateManager - Пользователь написал сообщение: gikj
2025-06-03 15:35:56 [INFO] org.example.TagBot.Handlers - Сработал обработчик answers
2025-06-03 15:36:22 [INFO] org.example.TagBot.TagBotApplication - Бот запускается...
2025-06-03 15:36:23 [INFO] ru.mail.im.botapi.BotLogger - IM_BOT bot successfully started
2025-06-03 15:36:23 [INFO] ru.mail.im.botapi.BotLogger - IM_BOT bot already started
2025-06-03 15:36:23 [INFO] org.example.TagBot.TagBotApplication - Бот запустился.
2025-06-03 15:36:27 [INFO] org.example.TagBot.EventHandler - Новое сообщение от пользователя: andrey.sanzharov@lukoil.com = {gh}
2025-06-03 15:36:28 [INFO] org.example.TagBot.EventHandler - Callback от пользователя: andrey.sanzharov@lukoil.com| Кнопка: Зарегистрировать обращение
2025-06-03 15:36:29 [INFO] org.example.TagBot.EventHandler - Callback от пользователя: andrey.sanzharov@lukoil.com| Кнопка: Другое
2025-06-03 15:36:32 [INFO] org.example.TagBot.EventHandler - Callback от пользователя: andrey.sanzharov@lukoil.com| Кнопка: От имени другого сотрудника.
2025-06-03 15:36:35 [INFO] org.example.TagBot.EventHandler - Новое сообщение от пользователя: andrey.sanzharov@lukoil.com = {g h h}
2025-06-03 15:36:35 [INFO] org.example.TagBot.UserStateManager - Пользователь написал сообщение: g h h
2025-06-03 15:36:35 [INFO] org.example.TagBot.Handlers - Сработал обработчик validateName
2025-06-03 15:36:35 [INFO] org.example.TagBot.Handlers - Проверка ФИО 'g h h': 2 пробелов => true
2025-06-03 15:36:43 [INFO] org.example.TagBot.EventHandler - Новое сообщение от пользователя: andrey.sanzharov@lukoil.com = {ghghsgh}
2025-06-03 15:36:43 [INFO] org.example.TagBot.UserStateManager - Пользователь написал сообщение: ghghsgh
2025-06-03 15:36:43 [WARN] org.example.TagBot.HandlerProcessor - Обработчик 'answers' не найден.
2025-06-03 15:46:22 [INFO] org.example.TagBot.TagBotApplication - Бот запускается...
2025-06-03 15:46:22 [INFO] ru.mail.im.botapi.BotLogger - IM_BOT bot successfully started
2025-06-03 15:46:22 [INFO] ru.mail.im.botapi.BotLogger - IM_BOT bot already started
2025-06-03 15:46:22 [INFO] org.example.TagBot.TagBotApplication - Бот запустился.
2025-06-03 15:46:35 [INFO] org.example.TagBot.EventHandler - Новое сообщение от пользователя: andrey.sanzharov@lukoil.com = {ghj}
2025-06-03 15:46:36 [INFO] org.example.TagBot.EventHandler - Callback от пользователя: andrey.sanzharov@lukoil.com| Кнопка: Зарегистрировать обращение
2025-06-03 15:46:37 [INFO] org.example.TagBot.EventHandler - Callback от пользователя: andrey.sanzharov@lukoil.com| Кнопка: Другое
2025-06-03 15:46:39 [INFO] org.example.TagBot.EventHandler - Callback от пользователя: andrey.sanzharov@lukoil.com| Кнопка: От имени другого сотрудника.
2025-06-03 15:46:42 [INFO] org.example.TagBot.EventHandler - Новое сообщение от пользователя: andrey.sanzharov@lukoil.com = {j j j}
2025-06-03 15:46:42 [INFO] org.example.TagBot.UserStateManager - Пользователь написал сообщение: j j j
2025-06-03 15:46:42 [INFO] org.example.TagBot.Handlers - Сработал обработчик validateName
2025-06-03 15:46:42 [INFO] org.example.TagBot.Handlers - Проверка ФИО 'j j j': 2 пробелов => true
2025-06-03 15:46:44 [INFO] org.example.TagBot.EventHandler - Новое сообщение от пользователя: andrey.sanzharov@lukoil.com = {dgfhbj}
2025-06-03 15:46:44 [INFO] org.example.TagBot.UserStateManager - Пользователь написал сообщение: dgfhbj
2025-06-03 15:46:44 [INFO] org.example.TagBot.Handlers - Сработал обработчик answers
2025-06-03 15:47:03 [INFO] org.example.TagBot.TagBotApplication - Бот запускается...
2025-06-03 15:47:04 [INFO] ru.mail.im.botapi.BotLogger - IM_BOT bot successfully started
2025-06-03 15:47:04 [INFO] ru.mail.im.botapi.BotLogger - IM_BOT bot already started
2025-06-03 15:47:04 [INFO] org.example.TagBot.TagBotApplication - Бот запустился.
2025-06-03 15:47:28 [INFO] org.example.TagBot.EventHandler - Новое сообщение от пользователя: andrey.sanzharov@lukoil.com = {hjhj}
2025-06-03 15:47:29 [INFO] org.example.TagBot.EventHandler - Callback от пользователя: andrey.sanzharov@lukoil.com| Кнопка: Зарегистрировать обращение
2025-06-03 15:47:33 [INFO] org.example.TagBot.EventHandler - Callback от пользователя: andrey.sanzharov@lukoil.com| Кнопка: Другое
2025-06-03 15:47:35 [INFO] org.example.TagBot.EventHandler - Callback от пользователя: andrey.sanzharov@lukoil.com| Кнопка: От имени другого сотрудника.
2025-06-03 15:47:39 [INFO] org.example.TagBot.EventHandler - Новое сообщение от пользователя: andrey.sanzharov@lukoil.com = {j j j}
2025-06-03 15:47:39 [INFO] org.example.TagBot.UserStateManager - Пользователь написал сообщение: j j j
2025-06-03 15:47:39 [INFO] org.example.TagBot.Handlers - Сработал обработчик validateName
2025-06-03 15:47:39 [INFO] org.example.TagBot.Handlers - Проверка ФИО 'j j j': 2 пробелов => true
2025-06-03 15:47:46 [INFO] org.example.TagBot.EventHandler - Новое сообщение от пользователя: andrey.sanzharov@lukoil.com = {jmkjkmj}
2025-06-03 15:47:46 [INFO] org.example.TagBot.UserStateManager - Пользователь написал сообщение: jmkjkmj
2025-06-03 15:47:46 [INFO] org.example.TagBot.Handlers - Сработал обработчик answers
2025-06-03 15:48:25 [INFO] org.example.TagBot.EventHandler - Callback от пользователя: andrey.sanzharov@lukoil.com| Кнопка: Зарегистрировать обращение
2025-06-03 15:48:27 [INFO] org.example.TagBot.EventHandler - Callback от пользователя: andrey.sanzharov@lukoil.com| Кнопка: Не работает телефон
2025-06-03 15:48:28 [INFO] org.example.TagBot.EventHandler - Callback от пользователя: andrey.sanzharov@lukoil.com| Кнопка: От имени другого сотрудника.
2025-06-03 15:48:31 [INFO] org.example.TagBot.EventHandler - Новое сообщение от пользователя: andrey.sanzharov@lukoil.com = {j j j}
2025-06-03 15:48:31 [INFO] org.example.TagBot.UserStateManager - Пользователь написал сообщение: j j j
2025-06-03 15:48:37 [INFO] org.example.TagBot.EventHandler - Callback от пользователя: andrey.sanzharov@lukoil.com| Кнопка: Зарегистрировать обращение
2025-06-03 15:48:38 [INFO] org.example.TagBot.EventHandler - Callback от пользователя: andrey.sanzharov@lukoil.com| Кнопка: Другое
2025-06-03 15:48:43 [INFO] org.example.TagBot.EventHandler - Callback от пользователя: andrey.sanzharov@lukoil.com| Кнопка: От имени другого сотрудника.
2025-06-03 15:48:46 [INFO] org.example.TagBot.EventHandler - Новое сообщение от пользователя: andrey.sanzharov@lukoil.com = {j j j}
2025-06-03 15:48:46 [INFO] org.example.TagBot.UserStateManager - Пользователь написал сообщение: j j j
2025-06-03 15:48:46 [INFO] org.example.TagBot.Handlers - Сработал обработчик validateName
2025-06-03 15:48:46 [INFO] org.example.TagBot.Handlers - Проверка ФИО 'j j j': 2 пробелов => true
2025-06-03 15:48:48 [INFO] org.example.TagBot.EventHandler - Новое сообщение от пользователя: andrey.sanzharov@lukoil.com = {jkkgg}
2025-06-03 15:48:48 [INFO] org.example.TagBot.UserStateManager - Пользователь написал сообщение: jkkgg
2025-06-03 15:48:48 [INFO] org.example.TagBot.Handlers - Сработал обработчик answers
2025-06-03 15:49:56 [INFO] org.example.TagBot.TagBotApplication - Бот запускается...
2025-06-03 15:49:56 [INFO] ru.mail.im.botapi.BotLogger - IM_BOT bot successfully started
2025-06-03 15:50:05 [INFO] ru.mail.im.botapi.BotLogger - IM_BOT bot already started
2025-06-03 15:50:05 [INFO] org.example.TagBot.TagBotApplication - Бот запустился.
2025-06-03 15:50:06 [INFO] org.example.TagBot.EventHandler - Новое сообщение от пользователя: andrey.sanzharov@lukoil.com = {jkkgg}
2025-06-03 15:50:06 [INFO] org.example.TagBot.EventHandler - Новое сообщение от пользователя: andrey.sanzharov@lukoil.com = {j j}
2025-06-03 15:50:09 [INFO] org.example.TagBot.EventHandler - Callback от пользователя: andrey.sanzharov@lukoil.com| Кнопка: Зарегистрировать обращение
2025-06-03 15:50:11 [INFO] org.example.TagBot.EventHandler - Callback от пользователя: andrey.sanzharov@lukoil.com| Кнопка: Другое
2025-06-03 15:50:17 [INFO] org.example.TagBot.EventHandler - Callback от пользователя: andrey.sanzharov@lukoil.com| Кнопка: От имени другого сотрудника.
2025-06-03 15:50:20 [INFO] org.example.TagBot.EventHandler - Новое сообщение от пользователя: andrey.sanzharov@lukoil.com = {k k k}
2025-06-03 15:50:20 [INFO] org.example.TagBot.UserStateManager - Пользователь написал сообщение: k k k
2025-06-03 15:50:20 [INFO] org.example.TagBot.Handlers - Сработал обработчик validateName
2025-06-03 15:50:20 [INFO] org.example.TagBot.Handlers - Проверка ФИО 'k k k': 2 пробелов => true
2025-06-03 15:50:26 [INFO] org.example.TagBot.EventHandler - Новое сообщение от пользователя: andrey.sanzharov@lukoil.com = {ljklnkn}
2025-06-03 15:50:26 [INFO] org.example.TagBot.UserStateManager - Пользователь написал сообщение: ljklnkn
2025-06-03 15:50:26 [INFO] org.example.TagBot.Handlers - Сработал обработчик answers
2025-06-03 15:52:07 [INFO] org.example.TagBot.TagBotApplication - Бот запускается...
2025-06-03 15:52:07 [INFO] ru.mail.im.botapi.BotLogger - IM_BOT bot successfully started
2025-06-03 15:52:07 [INFO] ru.mail.im.botapi.BotLogger - IM_BOT bot already started
2025-06-03 15:52:07 [INFO] org.example.TagBot.TagBotApplication - Бот запустился.
2025-06-03 15:52:08 [INFO] org.example.TagBot.EventHandler - Новое сообщение от пользователя: andrey.sanzharov@lukoil.com = {ljklnkn}
2025-06-03 15:52:12 [INFO] org.example.TagBot.EventHandler - Новое сообщение от пользователя: andrey.sanzharov@lukoil.com = {jkhjb}
2025-06-03 15:52:13 [INFO] org.example.TagBot.EventHandler - Callback от пользователя: andrey.sanzharov@lukoil.com| Кнопка: Зарегистрировать обращение
2025-06-03 15:52:15 [INFO] org.example.TagBot.EventHandler - Callback от пользователя: andrey.sanzharov@lukoil.com| Кнопка: Другое
2025-06-03 15:52:16 [INFO] org.example.TagBot.EventHandler - Callback от пользователя: andrey.sanzharov@lukoil.com| Кнопка: От имени другого сотрудника.
2025-06-03 15:52:21 [INFO] org.example.TagBot.EventHandler - Новое сообщение от пользователя: andrey.sanzharov@lukoil.com = {j k l}
2025-06-03 15:52:21 [INFO] org.example.TagBot.UserStateManager - Пользователь написал сообщение: j k l
2025-06-03 15:52:21 [INFO] org.example.TagBot.Handlers - Сработал обработчик validateName
2025-06-03 15:52:21 [INFO] org.example.TagBot.Handlers - Проверка ФИО 'j k l': 2 пробелов => true
2025-06-03 15:52:24 [INFO] org.example.TagBot.EventHandler - Новое сообщение от пользователя: andrey.sanzharov@lukoil.com = {bnm,m}
2025-06-03 15:52:24 [INFO] org.example.TagBot.UserStateManager - Пользователь написал сообщение: bnm,m
2025-06-03 15:52:24 [INFO] org.example.TagBot.Handlers - Сработал обработчик answers
2025-06-03 15:58:15 [INFO] org.example.TagBot.TagBotApplication - Бот запускается...
2025-06-03 15:58:15 [INFO] ru.mail.im.botapi.BotLogger - IM_BOT bot successfully started
2025-06-03 15:58:15 [INFO] ru.mail.im.botapi.BotLogger - IM_BOT bot already started
2025-06-03 15:58:15 [INFO] org.example.TagBot.TagBotApplication - Бот запустился.
2025-06-03 15:58:21 [INFO] org.example.TagBot.EventHandler - Новое сообщение от пользователя: andrey.sanzharov@lukoil.com = {j}
2025-06-03 15:58:22 [INFO] org.example.TagBot.EventHandler - Callback от пользователя: andrey.sanzharov@lukoil.com| Кнопка: Зарегистрировать обращение
2025-06-03 15:58:24 [INFO] org.example.TagBot.EventHandler - Callback от пользователя: andrey.sanzharov@lukoil.com| Кнопка: Другое
2025-06-03 15:58:31 [INFO] org.example.TagBot.EventHandler - Callback от пользователя: andrey.sanzharov@lukoil.com| Кнопка: От имени другого сотрудника.
2025-06-03 15:58:34 [INFO] org.example.TagBot.EventHandler - Новое сообщение от пользователя: andrey.sanzharov@lukoil.com = {k k k}
2025-06-03 15:58:34 [INFO] org.example.TagBot.UserStateManager - Пользователь написал сообщение: k k k
2025-06-03 15:58:35 [INFO] org.example.TagBot.Handlers - Сработал обработчик validateName
2025-06-03 15:58:35 [INFO] org.example.TagBot.Handlers - Проверка ФИО 'k k k': 2 пробелов => true
2025-06-03 16:00:51 [INFO] org.example.TagBot.TagBotApplication - Бот запускается...
2025-06-03 16:00:51 [INFO] ru.mail.im.botapi.BotLogger - IM_BOT bot successfully started
2025-06-03 16:00:51 [INFO] ru.mail.im.botapi.BotLogger - IM_BOT bot already started
2025-06-03 16:00:51 [INFO] org.example.TagBot.TagBotApplication - Бот запустился.
2025-06-03 16:05:32 [INFO] org.example.TagBot.TagBotApplication - Бот запускается...
2025-06-03 16:05:32 [INFO] ru.mail.im.botapi.BotLogger - IM_BOT bot successfully started
2025-06-03 16:05:32 [INFO] ru.mail.im.botapi.BotLogger - IM_BOT bot already started
2025-06-03 16:05:32 [INFO] org.example.TagBot.TagBotApplication - Бот запустился.
2025-06-03 16:05:38 [INFO] org.example.TagBot.EventHandler - Новое сообщение от пользователя: andrey.sanzharov@lukoil.com = {gj}
2025-06-03 16:05:39 [INFO] org.example.TagBot.EventHandler - Callback от пользователя: andrey.sanzharov@lukoil.com| Кнопка: Зарегистрировать обращение
2025-06-03 16:05:41 [INFO] org.example.TagBot.EventHandler - Callback от пользователя: andrey.sanzharov@lukoil.com| Кнопка: Другое
2025-06-03 16:05:42 [INFO] org.example.TagBot.EventHandler - Callback от пользователя: andrey.sanzharov@lukoil.com| Кнопка: От имени другого сотрудника.
2025-06-03 16:05:47 [INFO] org.example.TagBot.EventHandler - Новое сообщение от пользователя: andrey.sanzharov@lukoil.com = {gj gj gj}
2025-06-03 16:05:47 [INFO] org.example.TagBot.UserStateManager - Пользователь написал сообщение: gj gj gj
2025-06-03 16:05:47 [INFO] org.example.TagBot.Handlers - Сработал обработчик validateName
2025-06-03 16:05:47 [INFO] org.example.TagBot.Handlers - Проверка ФИО 'gj gj gj': 2 пробелов => true
2025-06-03 16:05:51 [INFO] org.example.TagBot.EventHandler - Новое сообщение от пользователя: andrey.sanzharov@lukoil.com = {jfgjkff}
2025-06-03 16:05:51 [INFO] org.example.TagBot.UserStateManager - Пользователь написал сообщение: jfgjkff
2025-06-03 16:05:51 [INFO] org.example.TagBot.Handlers - Сработал обработчик answers
2025-06-03 16:07:13 [INFO] org.example.TagBot.TagBotApplication - Бот запускается...
2025-06-03 16:07:13 [INFO] ru.mail.im.botapi.BotLogger - IM_BOT bot successfully started
2025-06-03 16:07:13 [INFO] ru.mail.im.botapi.BotLogger - IM_BOT bot already started
2025-06-03 16:07:13 [INFO] org.example.TagBot.TagBotApplication - Бот запустился.
2025-06-03 16:07:17 [INFO] org.example.TagBot.EventHandler - Новое сообщение от пользователя: andrey.sanzharov@lukoil.com = {gjgj}
2025-06-03 16:07:18 [INFO] org.example.TagBot.EventHandler - Callback от пользователя: andrey.sanzharov@lukoil.com| Кнопка: Зарегистрировать обращение
2025-06-03 16:07:20 [INFO] org.example.TagBot.EventHandler - Callback от пользователя: andrey.sanzharov@lukoil.com| Кнопка: Другое
2025-06-03 16:07:20 [INFO] org.example.TagBot.EventHandler - Callback от пользователя: andrey.sanzharov@lukoil.com| Кнопка: От имени другого сотрудника.
2025-06-03 16:07:25 [INFO] org.example.TagBot.EventHandler - Новое сообщение от пользователя: andrey.sanzharov@lukoil.com = {gt tgh h}
2025-06-03 16:07:25 [INFO] org.example.TagBot.UserStateManager - Пользователь написал сообщение: gt tgh h
2025-06-03 16:07:25 [INFO] org.example.TagBot.Handlers - Сработал обработчик validateName
2025-06-03 16:07:25 [INFO] org.example.TagBot.Handlers - Проверка ФИО 'gt tgh h': 2 пробелов => true
2025-06-03 16:07:26 [INFO] org.example.TagBot.EventHandler - Новое сообщение от пользователя: andrey.sanzharov@lukoil.com = {thkmth}
2025-06-03 16:07:26 [INFO] org.example.TagBot.UserStateManager - Пользователь написал сообщение: thkmth
2025-06-03 16:07:26 [INFO] org.example.TagBot.Handlers - Сработал обработчик answers
2025-06-03 16:08:59 [INFO] org.example.TagBot.TagBotApplication - Бот запускается...
2025-06-03 16:08:59 [INFO] ru.mail.im.botapi.BotLogger - IM_BOT bot successfully started
2025-06-03 16:08:59 [INFO] ru.mail.im.botapi.BotLogger - IM_BOT bot already started
2025-06-03 16:08:59 [INFO] org.example.TagBot.TagBotApplication - Бот запустился.
2025-06-03 16:08:59 [INFO] org.example.TagBot.EventHandler - Новое сообщение от пользователя: andrey.sanzharov@lukoil.com = {hghngh}
2025-06-03 16:09:00 [INFO] org.example.TagBot.EventHandler - Новое сообщение от пользователя: andrey.sanzharov@lukoil.com = {gjj}
2025-06-03 16:09:01 [INFO] org.example.TagBot.EventHandler - Callback от пользователя: andrey.sanzharov@lukoil.com| Кнопка: Зарегистрировать обращение
2025-06-03 16:09:03 [INFO] org.example.TagBot.EventHandler - Callback от пользователя: andrey.sanzharov@lukoil.com| Кнопка: Другое
2025-06-03 16:09:05 [INFO] org.example.TagBot.EventHandler - Callback от пользователя: andrey.sanzharov@lukoil.com| Кнопка: От имени другого сотрудника.
2025-06-03 16:09:08 [INFO] org.example.TagBot.EventHandler - Новое сообщение от пользователя: andrey.sanzharov@lukoil.com = {h h h}
2025-06-03 16:09:08 [INFO] org.example.TagBot.UserStateManager - Пользователь написал сообщение: h h h
2025-06-03 16:09:08 [INFO] org.example.TagBot.Handlers - Сработал обработчик validateName
2025-06-03 16:09:08 [INFO] org.example.TagBot.Handlers - Проверка ФИО 'h h h': 2 пробелов => true
2025-06-03 16:09:09 [INFO] org.example.TagBot.EventHandler - Новое сообщение от пользователя: andrey.sanzharov@lukoil.com = {gghgh}
2025-06-03 16:09:09 [INFO] org.example.TagBot.UserStateManager - Пользователь написал сообщение: gghgh
2025-06-03 16:09:10 [INFO] org.example.TagBot.Handlers - Сработал обработчик answers
2025-06-03 17:15:43 [INFO] org.example.TagBot.TagBotApplication - Бот запускается...
2025-06-03 17:15:43 [INFO] ru.mail.im.botapi.BotLogger - IM_BOT bot successfully started
2025-06-03 17:15:43 [INFO] ru.mail.im.botapi.BotLogger - IM_BOT bot already started
2025-06-03 17:15:43 [INFO] org.example.TagBot.TagBotApplication - Бот запустился.
2025-06-05 09:05:58 [INFO] org.example.TagBot.TagBotApplication - Бот запускается...
2025-06-05 09:05:59 [INFO] ru.mail.im.botapi.BotLogger - IM_BOT bot successfully started
2025-06-05 09:05:59 [INFO] ru.mail.im.botapi.BotLogger - IM_BOT bot already started
2025-06-05 09:05:59 [INFO] org.example.TagBot.TagBotApplication - Бот запустился.
2025-06-05 09:06:05 [INFO] org.example.TagBot.EventHandler - Новое сообщение от пользователя: andrey.sanzharov@lukoil.com = {hjgh}
2025-06-05 09:06:07 [INFO] org.example.TagBot.EventHandler - Callback от пользователя: andrey.sanzharov@lukoil.com| Кнопка: Зарегистрировать обращение
2025-06-05 09:06:08 [INFO] org.example.TagBot.EventHandler - Callback от пользователя: andrey.sanzharov@lukoil.com| Кнопка: Другое
2025-06-05 09:06:09 [INFO] org.example.TagBot.EventHandler - Callback от пользователя: andrey.sanzharov@lukoil.com| Кнопка: От имени другого сотрудника.
2025-06-05 09:06:12 [INFO] org.example.TagBot.EventHandler - Новое сообщение от пользователя: andrey.sanzharov@lukoil.com = {j j j}
2025-06-05 09:06:12 [INFO] org.example.TagBot.UserStateManager - Пользователь написал сообщение: j j j
2025-06-05 09:06:12 [INFO] org.example.TagBot.Handlers - Сработал обработчик validateName
2025-06-05 09:06:12 [INFO] org.example.TagBot.Handlers - Проверка ФИО 'j j j': 2 пробелов => true
2025-06-05 09:06:15 [INFO] org.example.TagBot.EventHandler - Новое сообщение от пользователя: andrey.sanzharov@lukoil.com = {kdhmdlk}
2025-06-05 09:06:15 [INFO] org.example.TagBot.UserStateManager - Пользователь написал сообщение: kdhmdlk
2025-06-05 09:06:16 [INFO] org.example.TagBot.Handlers - Сработал обработчик answers
2025-06-05 13:04:51 [INFO] com.bmc.arsys.apitransport.ApiConfig - jrpcMode: true
2025-06-05 13:04:51 [INFO] com.bmc.arsys.api.Config - jniLoadMode: 1
2025-06-05 13:04:51 [INFO] com.bmc.arsys.api.Config - apiRecordingMode: 0
2025-06-05 13:04:51 [INFO] com.bmc.arsys.api.Config - apiRecordingLogDir: 
2025-06-05 13:04:51 [INFO] com.bmc.arsys.api.Config - useConnectionPooling: true
2025-06-05 13:04:51 [INFO] com.bmc.arsys.api.Config - maxProxiesPerServer: 80
2025-06-05 13:04:51 [INFO] com.bmc.arsys.api.Config - idleConnectionsPerServer: 5
2025-06-05 13:04:51 [INFO] com.bmc.arsys.api.Config - connectionTimeout: 0
2025-06-05 13:04:51 [INFO] com.bmc.arsys.api.Config - connectionLifespan: 0
2025-06-05 13:04:51 [INFO] com.bmc.arsys.api.Config - timeUnit: MINUTES
2025-06-05 13:04:51 [INFO] com.bmc.arsys.api.Config - minimumSupportedServerRpcVersion: 12
2025-06-05 13:04:51 [INFO] com.bmc.arsys.api.Config - connectionMaxRetries: 1
2025-06-05 13:04:51 [INFO] com.bmc.arsys.api.Config - timeLagBetweenRetriesMillSec: 100
2025-06-05 13:04:51 [INFO] com.bmc.arsys.api.Config - stringizeFieldAssignments: false
2025-06-05 13:04:51 [INFO] com.bmc.arsys.api.Config - stringizeSetIfQualification: false
2025-06-05 13:04:51 [INFO] com.bmc.arsys.api.Config - useLegacyQualParser: false
2025-06-05 13:04:51 [INFO] com.bmc.arsys.api.Config - useLegacyAssignParser: false
2025-06-05 13:04:51 [INFO] com.bmc.arsys.api.Config - useLegacyQualFormatter: false
2025-06-05 13:04:51 [INFO] com.bmc.arsys.api.Config - useLegacyAssignFormatter: false
2025-06-05 13:04:51 [INFO] com.bmc.arsys.api.ARServerUser - APITIMEOUT from system property : null
2025-06-05 13:04:51 [INFO] com.bmc.arsys.api.ARServerUser - APITIMEOUT from Environment : null
2025-06-05 13:04:51 [INFO] com.bmc.arsys.api.ARServerUser - AROVERLAYGROUPS from system property : null
2025-06-05 13:04:51 [INFO] com.bmc.arsys.api.ARServerUser - AROVERLAYGROUPS from Environment : null
2025-06-05 13:04:53 [INFO] com.bmc.arsys.arencrypt.ARFips - fipsProviderJsafeJCE installed = false
2025-06-05 13:04:54 [INFO] com.bmc.arsys.api.ProxyManager - UsePooling: true
2025-06-05 13:04:54 [INFO] com.bmc.arsys.api.ProxyManager - , Pool info: server- https://support-tst.lukoil.com/arsys/forms/support-srt-tst-back/SHR%3ALandingConsole/Default+Administrator+View/?cacheid=e2c74736, # free proxy- 0, # in used- 0, # not created- 80, establish- июн. 05 2025 13:04:51, last used- июн. 05 2025 13:04:51, # ever reached pool size- 0, # maxProxyPerServer- 80, # idleConnectionsPerServer- 5, connectionTimeout setting- 00:00:00, connectionLifespan setting- 00:00:00
2025-06-05 13:04:54 [ERROR] com.bmc.arsys.apitransport.connection.ApiProxyFactory - Connects to https://support-tst.lukoil.com/arsys/forms/support-srt-tst-back/SHR%3ALandingConsole/Default+Administrator+View/?cacheid=e2c74736 through Java Rpc failed with: ERROR (90): Невозможно установить сетевое соединение с сервером AR System; https://support-tst.lukoil.com/arsys/forms/support-srt-tst-back/SHR%3ALandingConsole/Default+Administrator+View/?cacheid=e2c74736
2025-06-05 13:05:27 [INFO] com.bmc.arsys.apitransport.ApiConfig - jrpcMode: true
2025-06-05 13:05:27 [INFO] com.bmc.arsys.api.Config - jniLoadMode: 1
2025-06-05 13:05:27 [INFO] com.bmc.arsys.api.Config - apiRecordingMode: 0
2025-06-05 13:05:27 [INFO] com.bmc.arsys.api.Config - apiRecordingLogDir: 
2025-06-05 13:05:27 [INFO] com.bmc.arsys.api.Config - useConnectionPooling: true
2025-06-05 13:05:27 [INFO] com.bmc.arsys.api.Config - maxProxiesPerServer: 80
2025-06-05 13:05:27 [INFO] com.bmc.arsys.api.Config - idleConnectionsPerServer: 5
2025-06-05 13:05:27 [INFO] com.bmc.arsys.api.Config - connectionTimeout: 0
2025-06-05 13:05:27 [INFO] com.bmc.arsys.api.Config - connectionLifespan: 0
2025-06-05 13:05:27 [INFO] com.bmc.arsys.api.Config - timeUnit: MINUTES
2025-06-05 13:05:27 [INFO] com.bmc.arsys.api.Config - minimumSupportedServerRpcVersion: 12
2025-06-05 13:05:27 [INFO] com.bmc.arsys.api.Config - connectionMaxRetries: 1
2025-06-05 13:05:27 [INFO] com.bmc.arsys.api.Config - timeLagBetweenRetriesMillSec: 100
2025-06-05 13:05:27 [INFO] com.bmc.arsys.api.Config - stringizeFieldAssignments: false
2025-06-05 13:05:27 [INFO] com.bmc.arsys.api.Config - stringizeSetIfQualification: false
2025-06-05 13:05:27 [INFO] com.bmc.arsys.api.Config - useLegacyQualParser: false
2025-06-05 13:05:27 [INFO] com.bmc.arsys.api.Config - useLegacyAssignParser: false
2025-06-05 13:05:27 [INFO] com.bmc.arsys.api.Config - useLegacyQualFormatter: false
2025-06-05 13:05:27 [INFO] com.bmc.arsys.api.Config - useLegacyAssignFormatter: false
2025-06-05 13:05:27 [INFO] com.bmc.arsys.api.ARServerUser - APITIMEOUT from system property : null
2025-06-05 13:05:27 [INFO] com.bmc.arsys.api.ARServerUser - APITIMEOUT from Environment : null
2025-06-05 13:05:27 [INFO] com.bmc.arsys.api.ARServerUser - AROVERLAYGROUPS from system property : null
2025-06-05 13:05:27 [INFO] com.bmc.arsys.api.ARServerUser - AROVERLAYGROUPS from Environment : null
2025-06-05 13:05:29 [INFO] com.bmc.arsys.arencrypt.ARFips - fipsProviderJsafeJCE installed = false
2025-06-05 13:31:02 [INFO] com.bmc.arsys.apitransport.ApiConfig - jrpcMode: true
2025-06-05 13:31:02 [INFO] com.bmc.arsys.api.Config - jniLoadMode: 1
2025-06-05 13:31:02 [INFO] com.bmc.arsys.api.Config - apiRecordingMode: 0
2025-06-05 13:31:02 [INFO] com.bmc.arsys.api.Config - apiRecordingLogDir: 
2025-06-05 13:31:02 [INFO] com.bmc.arsys.api.Config - useConnectionPooling: true
2025-06-05 13:31:02 [INFO] com.bmc.arsys.api.Config - maxProxiesPerServer: 80
2025-06-05 13:31:02 [INFO] com.bmc.arsys.api.Config - idleConnectionsPerServer: 5
2025-06-05 13:31:02 [INFO] com.bmc.arsys.api.Config - connectionTimeout: 0
2025-06-05 13:31:02 [INFO] com.bmc.arsys.api.Config - connectionLifespan: 0
2025-06-05 13:31:02 [INFO] com.bmc.arsys.api.Config - timeUnit: MINUTES
2025-06-05 13:31:02 [INFO] com.bmc.arsys.api.Config - minimumSupportedServerRpcVersion: 12
2025-06-05 13:31:02 [INFO] com.bmc.arsys.api.Config - connectionMaxRetries: 1
2025-06-05 13:31:02 [INFO] com.bmc.arsys.api.Config - timeLagBetweenRetriesMillSec: 100
2025-06-05 13:31:02 [INFO] com.bmc.arsys.api.Config - stringizeFieldAssignments: false
2025-06-05 13:31:02 [INFO] com.bmc.arsys.api.Config - stringizeSetIfQualification: false
2025-06-05 13:31:02 [INFO] com.bmc.arsys.api.Config - useLegacyQualParser: false
2025-06-05 13:31:02 [INFO] com.bmc.arsys.api.Config - useLegacyAssignParser: false
2025-06-05 13:31:02 [INFO] com.bmc.arsys.api.Config - useLegacyQualFormatter: false
2025-06-05 13:31:02 [INFO] com.bmc.arsys.api.Config - useLegacyAssignFormatter: false
2025-06-05 13:31:02 [INFO] com.bmc.arsys.api.ARServerUser - APITIMEOUT from system property : null
2025-06-05 13:31:02 [INFO] com.bmc.arsys.api.ARServerUser - APITIMEOUT from Environment : null
2025-06-05 13:31:02 [INFO] com.bmc.arsys.api.ARServerUser - AROVERLAYGROUPS from system property : null
2025-06-05 13:31:02 [INFO] com.bmc.arsys.api.ARServerUser - AROVERLAYGROUPS from Environment : null
2025-06-05 13:31:04 [INFO] com.bmc.arsys.arencrypt.ARFips - fipsProviderJsafeJCE installed = false
2025-06-05 13:31:46 [INFO] com.bmc.arsys.api.ProxyManager - UsePooling: true
2025-06-05 13:31:46 [INFO] com.bmc.arsys.api.ProxyManager - , Pool info: server- iss2tstars01, # free proxy- 0, # in used- 0, # not created- 80, establish- июн. 05 2025 13:31:02, last used- июн. 05 2025 13:31:02, # ever reached pool size- 0, # maxProxyPerServer- 80, # idleConnectionsPerServer- 5, connectionTimeout setting- 00:00:00, connectionLifespan setting- 00:00:00
2025-06-05 13:31:46 [ERROR] com.bmc.arsys.apitransport.connection.ApiProxyFactory - Connects to iss2tstars01 through Java Rpc failed with: ERROR (90): Невозможно установить сетевое соединение с сервером AR System; Connection timed out: connect iss2tstars01
2025-06-05 14:18:01 [INFO] com.bmc.arsys.apitransport.ApiConfig - jrpcMode: true
2025-06-05 14:18:01 [INFO] com.bmc.arsys.api.Config - jniLoadMode: 1
2025-06-05 14:18:01 [INFO] com.bmc.arsys.api.Config - apiRecordingMode: 0
2025-06-05 14:18:01 [INFO] com.bmc.arsys.api.Config - apiRecordingLogDir: 
2025-06-05 14:18:01 [INFO] com.bmc.arsys.api.Config - useConnectionPooling: true
2025-06-05 14:18:01 [INFO] com.bmc.arsys.api.Config - maxProxiesPerServer: 80
2025-06-05 14:18:01 [INFO] com.bmc.arsys.api.Config - idleConnectionsPerServer: 5
2025-06-05 14:18:01 [INFO] com.bmc.arsys.api.Config - connectionTimeout: 0
2025-06-05 14:18:01 [INFO] com.bmc.arsys.api.Config - connectionLifespan: 0
2025-06-05 14:18:01 [INFO] com.bmc.arsys.api.Config - timeUnit: MINUTES
2025-06-05 14:18:01 [INFO] com.bmc.arsys.api.Config - minimumSupportedServerRpcVersion: 12
2025-06-05 14:18:01 [INFO] com.bmc.arsys.api.Config - connectionMaxRetries: 1
2025-06-05 14:18:01 [INFO] com.bmc.arsys.api.Config - timeLagBetweenRetriesMillSec: 100
2025-06-05 14:18:01 [INFO] com.bmc.arsys.api.Config - stringizeFieldAssignments: false
2025-06-05 14:18:01 [INFO] com.bmc.arsys.api.Config - stringizeSetIfQualification: false
2025-06-05 14:18:01 [INFO] com.bmc.arsys.api.Config - useLegacyQualParser: false
2025-06-05 14:18:01 [INFO] com.bmc.arsys.api.Config - useLegacyAssignParser: false
2025-06-05 14:18:01 [INFO] com.bmc.arsys.api.Config - useLegacyQualFormatter: false
2025-06-05 14:18:01 [INFO] com.bmc.arsys.api.Config - useLegacyAssignFormatter: false
2025-06-05 14:18:01 [INFO] com.bmc.arsys.api.ARServerUser - APITIMEOUT from system property : null
2025-06-05 14:18:01 [INFO] com.bmc.arsys.api.ARServerUser - APITIMEOUT from Environment : null
2025-06-05 14:18:01 [INFO] com.bmc.arsys.api.ARServerUser - AROVERLAYGROUPS from system property : null
2025-06-05 14:18:01 [INFO] com.bmc.arsys.api.ARServerUser - AROVERLAYGROUPS from Environment : null
2025-06-05 14:18:03 [INFO] com.bmc.arsys.arencrypt.ARFips - fipsProviderJsafeJCE installed = false
2025-06-09 09:15:10 [INFO] com.bmc.arsys.apitransport.ApiConfig - jrpcMode: true
2025-06-09 09:15:10 [INFO] com.bmc.arsys.api.Config - jniLoadMode: 1
2025-06-09 09:15:10 [INFO] com.bmc.arsys.api.Config - apiRecordingMode: 0
2025-06-09 09:15:10 [INFO] com.bmc.arsys.api.Config - apiRecordingLogDir: 
2025-06-09 09:15:10 [INFO] com.bmc.arsys.api.Config - useConnectionPooling: true
2025-06-09 09:15:10 [INFO] com.bmc.arsys.api.Config - maxProxiesPerServer: 80
2025-06-09 09:15:10 [INFO] com.bmc.arsys.api.Config - idleConnectionsPerServer: 5
2025-06-09 09:15:10 [INFO] com.bmc.arsys.api.Config - connectionTimeout: 0
2025-06-09 09:15:10 [INFO] com.bmc.arsys.api.Config - connectionLifespan: 0
2025-06-09 09:15:10 [INFO] com.bmc.arsys.api.Config - timeUnit: MINUTES
2025-06-09 09:15:10 [INFO] com.bmc.arsys.api.Config - minimumSupportedServerRpcVersion: 12
2025-06-09 09:15:10 [INFO] com.bmc.arsys.api.Config - connectionMaxRetries: 1
2025-06-09 09:15:10 [INFO] com.bmc.arsys.api.Config - timeLagBetweenRetriesMillSec: 100
2025-06-09 09:15:10 [INFO] com.bmc.arsys.api.Config - stringizeFieldAssignments: false
2025-06-09 09:15:10 [INFO] com.bmc.arsys.api.Config - stringizeSetIfQualification: false
2025-06-09 09:15:10 [INFO] com.bmc.arsys.api.Config - useLegacyQualParser: false
2025-06-09 09:15:10 [INFO] com.bmc.arsys.api.Config - useLegacyAssignParser: false
2025-06-09 09:15:10 [INFO] com.bmc.arsys.api.Config - useLegacyQualFormatter: false
2025-06-09 09:15:10 [INFO] com.bmc.arsys.api.Config - useLegacyAssignFormatter: false
2025-06-09 09:15:10 [INFO] com.bmc.arsys.api.ARServerUser - APITIMEOUT from system property : null
2025-06-09 09:15:10 [INFO] com.bmc.arsys.api.ARServerUser - APITIMEOUT from Environment : null
2025-06-09 09:15:10 [INFO] com.bmc.arsys.api.ARServerUser - AROVERLAYGROUPS from system property : null
2025-06-09 09:15:10 [INFO] com.bmc.arsys.api.ARServerUser - AROVERLAYGROUPS from Environment : null
2025-06-09 09:15:12 [INFO] com.bmc.arsys.arencrypt.ARFips - fipsProviderJsafeJCE installed = false
2025-06-09 09:15:55 [INFO] com.bmc.arsys.api.ProxyManager - UsePooling: true
2025-06-09 09:15:55 [INFO] com.bmc.arsys.api.ProxyManager - , Pool info: server- iss2tstars01, # free proxy- 0, # in used- 0, # not created- 80, establish- июн. 09 2025 09:15:10, last used- июн. 09 2025 09:15:10, # ever reached pool size- 0, # maxProxyPerServer- 80, # idleConnectionsPerServer- 5, connectionTimeout setting- 00:00:00, connectionLifespan setting- 00:00:00
2025-06-09 09:15:55 [ERROR] com.bmc.arsys.apitransport.connection.ApiProxyFactory - Connects to iss2tstars01 through Java Rpc failed with: ERROR (90): Невозможно установить сетевое соединение с сервером AR System; Connection timed out: connect iss2tstars01
2025-06-10 12:28:14 [INFO] org.example.TagBot.TagBotApplication - Бот запускается...
2025-06-10 12:28:14 [INFO] ru.mail.im.botapi.BotLogger - IM_BOT bot successfully started
2025-06-10 12:28:14 [INFO] ru.mail.im.botapi.BotLogger - IM_BOT bot already started
2025-06-10 12:28:14 [INFO] org.example.TagBot.TagBotApplication - Бот запустился.
2025-06-10 12:30:00 [INFO] org.example.TagBot.EventHandler - Новое сообщение от пользователя: andrey.sanzharov@lukoil.com = {gh}
2025-06-10 12:30:07 [INFO] org.example.TagBot.EventHandler - Callback от пользователя: andrey.sanzharov@lukoil.com| Кнопка: Зарегистрировать обращение
2025-06-10 12:30:17 [INFO] org.example.TagBot.EventHandler - Callback от пользователя: andrey.sanzharov@lukoil.com| Кнопка: Заблокирована учетная запись
2025-06-10 12:30:19 [INFO] org.example.TagBot.EventHandler - Callback от пользователя: andrey.sanzharov@lukoil.com| Кнопка: Да
2025-06-10 12:30:19 [INFO] org.example.TagBot.UserStateManager - Диалог завершен для пользователя: andrey.sanzharov@lukoil.com
2025-06-10 12:30:25 [INFO] org.example.TagBot.EventHandler - Новое сообщение от пользователя: andrey.sanzharov@lukoil.com = {yg}
2025-06-10 12:30:26 [INFO] org.example.TagBot.EventHandler - Callback от пользователя: andrey.sanzharov@lukoil.com| Кнопка: Зарегистрировать обращение
2025-06-10 12:30:41 [INFO] org.example.TagBot.TagBotApplication - Бот запускается...
2025-06-10 12:30:41 [INFO] ru.mail.im.botapi.BotLogger - IM_BOT bot successfully started
2025-06-10 12:30:42 [INFO] ru.mail.im.botapi.BotLogger - IM_BOT bot already started
2025-06-10 12:30:42 [INFO] org.example.TagBot.TagBotApplication - Бот запустился.
2025-06-10 12:30:44 [INFO] org.example.TagBot.EventHandler - Новое сообщение от пользователя: andrey.sanzharov@lukoil.com = {gf}
2025-06-10 12:30:45 [INFO] org.example.TagBot.EventHandler - Callback от пользователя: andrey.sanzharov@lukoil.com| Кнопка: Зарегистрировать обращение
2025-06-10 12:30:46 [INFO] org.example.TagBot.EventHandler - Callback от пользователя: andrey.sanzharov@lukoil.com| Кнопка: Другое
2025-06-10 12:30:48 [INFO] org.example.TagBot.EventHandler - Callback от пользователя: andrey.sanzharov@lukoil.com| Кнопка: От имени другого сотрудника.
2025-06-10 12:30:50 [INFO] org.example.TagBot.EventHandler - Новое сообщение от пользователя: andrey.sanzharov@lukoil.com = {g g g}
2025-06-10 12:30:50 [INFO] org.example.TagBot.UserStateManager - Пользователь написал сообщение: g g g
2025-06-10 12:30:50 [INFO] org.example.TagBot.Handlers - Сработал обработчик validateName
2025-06-10 12:30:50 [INFO] org.example.TagBot.Handlers - Проверка ФИО 'g g g': 2 пробелов => true
2025-06-10 12:30:53 [INFO] org.example.TagBot.EventHandler - Новое сообщение от пользователя: andrey.sanzharov@lukoil.com = {gjngjfgn}
2025-06-10 12:30:53 [INFO] org.example.TagBot.UserStateManager - Пользователь написал сообщение: gjngjfgn
2025-06-10 12:30:53 [INFO] org.example.TagBot.Handlers - Сработал обработчик answers
2025-06-10 12:30:53 [ERROR] org.example.TagBot.HandlerProcessor - Ошибка при выполнении обработчика 'answers': null
2025-06-10 12:31:17 [INFO] org.example.TagBot.TagBotApplication - Бот запускается...
2025-06-10 12:31:17 [INFO] ru.mail.im.botapi.BotLogger - IM_BOT bot successfully started
2025-06-10 12:31:18 [INFO] ru.mail.im.botapi.BotLogger - IM_BOT bot already started
2025-06-10 12:31:18 [INFO] org.example.TagBot.TagBotApplication - Бот запустился.
2025-06-10 13:07:10 [INFO] org.example.TagBot.TagBotApplication - Бот запускается...
2025-06-10 13:07:10 [INFO] ru.mail.im.botapi.BotLogger - IM_BOT bot successfully started
2025-06-10 13:07:10 [INFO] ru.mail.im.botapi.BotLogger - IM_BOT bot already started
2025-06-10 13:07:10 [INFO] org.example.TagBot.TagBotApplication - Бот запустился.
2025-06-10 13:07:15 [INFO] org.example.TagBot.EventHandler - Новое сообщение от пользователя: andrey.sanzharov@lukoil.com = {kjgn\}
2025-06-10 13:07:17 [INFO] org.example.TagBot.EventHandler - Callback от пользователя: andrey.sanzharov@lukoil.com| Кнопка: Зарегистрировать обращение
2025-06-10 13:07:36 [INFO] org.example.TagBot.TagBotApplication - Бот запускается...
2025-06-10 13:07:36 [INFO] ru.mail.im.botapi.BotLogger - IM_BOT bot successfully started
2025-06-10 13:07:36 [INFO] ru.mail.im.botapi.BotLogger - IM_BOT bot already started
2025-06-10 13:07:36 [INFO] org.example.TagBot.TagBotApplication - Бот запустился.
2025-06-10 13:07:40 [INFO] org.example.TagBot.EventHandler - Новое сообщение от пользователя: andrey.sanzharov@lukoil.com = {j}
2025-06-10 13:07:41 [INFO] org.example.TagBot.EventHandler - Callback от пользователя: andrey.sanzharov@lukoil.com| Кнопка: Зарегистрировать обращение
2025-06-10 13:08:19 [INFO] org.example.TagBot.TagBotApplication - Бот запускается...
2025-06-10 13:08:19 [INFO] ru.mail.im.botapi.BotLogger - IM_BOT bot successfully started
2025-06-10 13:08:19 [INFO] ru.mail.im.botapi.BotLogger - IM_BOT bot already started
2025-06-10 13:08:19 [INFO] org.example.TagBot.TagBotApplication - Бот запустился.
2025-06-10 13:08:22 [INFO] org.example.TagBot.EventHandler - Callback от пользователя: andrey.sanzharov@lukoil.com| Кнопка: Не работает телефон
2025-06-10 13:08:22 [WARN] org.example.TagBot.UserStateManager - Нет состояния для пользователя: andrey.sanzharov@lukoil.com
2025-06-10 13:08:25 [INFO] org.example.TagBot.EventHandler - Новое сообщение от пользователя: andrey.sanzharov@lukoil.com = {b}
2025-06-10 13:08:26 [INFO] org.example.TagBot.EventHandler - Callback от пользователя: andrey.sanzharov@lukoil.com| Кнопка: Зарегистрировать обращение
2025-06-10 13:10:21 [INFO] org.example.TagBot.TagBotApplication - Бот запускается...
2025-06-10 13:10:21 [INFO] ru.mail.im.botapi.BotLogger - IM_BOT bot successfully started
2025-06-10 13:10:21 [INFO] ru.mail.im.botapi.BotLogger - IM_BOT bot already started
2025-06-10 13:10:21 [INFO] org.example.TagBot.TagBotApplication - Бот запустился.
2025-06-10 13:10:43 [INFO] org.example.TagBot.EventHandler - Новое сообщение от пользователя: andrey.sanzharov@lukoil.com = {;}
2025-06-10 13:10:44 [INFO] org.example.TagBot.EventHandler - Callback от пользователя: andrey.sanzharov@lukoil.com| Кнопка: Зарегистрировать обращение
2025-06-10 13:10:45 [INFO] org.example.TagBot.EventHandler - Callback от пользователя: andrey.sanzharov@lukoil.com| Кнопка: Другое
2025-06-10 13:10:48 [INFO] org.example.TagBot.EventHandler - Callback от пользователя: andrey.sanzharov@lukoil.com| Кнопка: От имени другого сотрудника.
2025-06-10 13:10:50 [INFO] org.example.TagBot.EventHandler - Новое сообщение от пользователя: andrey.sanzharov@lukoil.com = {k k k}
2025-06-10 13:10:50 [INFO] org.example.TagBot.UserStateManager - Пользователь написал сообщение: k k k
2025-06-10 13:10:50 [INFO] org.example.TagBot.Handlers - Сработал обработчик validateName
2025-06-10 13:10:50 [INFO] org.example.TagBot.Handlers - Проверка ФИО 'k k k': 2 пробелов => true
2025-06-10 13:10:52 [INFO] org.example.TagBot.EventHandler - Новое сообщение от пользователя: andrey.sanzharov@lukoil.com = {jhujbkjb}
2025-06-10 13:10:52 [INFO] org.example.TagBot.UserStateManager - Пользователь написал сообщение: jhujbkjb
2025-06-10 13:10:52 [INFO] org.example.TagBot.Handlers - Сработал обработчик answers
2025-06-10 13:13:47 [INFO] org.example.TagBot.TagBotApplication - Бот запускается...
2025-06-10 13:13:47 [INFO] ru.mail.im.botapi.BotLogger - IM_BOT bot successfully started
2025-06-10 13:13:47 [INFO] ru.mail.im.botapi.BotLogger - IM_BOT bot already started
2025-06-10 13:13:47 [INFO] org.example.TagBot.TagBotApplication - Бот запустился.
2025-06-10 13:14:03 [INFO] org.example.TagBot.EventHandler - Новое сообщение от пользователя: andrey.sanzharov@lukoil.com = {j}
2025-06-10 13:14:04 [INFO] org.example.TagBot.EventHandler - Callback от пользователя: andrey.sanzharov@lukoil.com| Кнопка: Зарегистрировать обращение
2025-06-10 13:15:00 [INFO] org.example.TagBot.TagBotApplication - Бот запускается...
2025-06-10 13:15:00 [INFO] ru.mail.im.botapi.BotLogger - IM_BOT bot successfully started
2025-06-10 13:15:00 [INFO] ru.mail.im.botapi.BotLogger - IM_BOT bot already started
2025-06-10 13:15:00 [INFO] org.example.TagBot.TagBotApplication - Бот запустился.
2025-06-10 13:15:01 [INFO] org.example.TagBot.EventHandler - Новое сообщение от пользователя: andrey.sanzharov@lukoil.com = {kjn}
2025-06-10 13:15:02 [INFO] org.example.TagBot.EventHandler - Callback от пользователя: andrey.sanzharov@lukoil.com| Кнопка: Зарегистрировать обращение
2025-06-10 13:16:51 [INFO] org.example.TagBot.TagBotApplication - Бот запускается...
2025-06-10 13:16:51 [INFO] ru.mail.im.botapi.BotLogger - IM_BOT bot successfully started
2025-06-10 13:16:51 [INFO] ru.mail.im.botapi.BotLogger - IM_BOT bot already started
2025-06-10 13:16:51 [INFO] org.example.TagBot.TagBotApplication - Бот запустился.
2025-06-10 13:16:56 [INFO] org.example.TagBot.EventHandler - Новое сообщение от пользователя: andrey.sanzharov@lukoil.com = {hj}
2025-06-10 13:16:57 [INFO] org.example.TagBot.EventHandler - Callback от пользователя: andrey.sanzharov@lukoil.com| Кнопка: Зарегистрировать обращение
2025-06-10 13:17:01 [INFO] org.example.TagBot.EventHandler - Callback от пользователя: andrey.sanzharov@lukoil.com| Кнопка: Другое
2025-06-10 13:17:03 [INFO] org.example.TagBot.EventHandler - Callback от пользователя: andrey.sanzharov@lukoil.com| Кнопка: Отменить составление заявки.
2025-06-10 13:17:05 [INFO] org.example.TagBot.EventHandler - Новое сообщение от пользователя: andrey.sanzharov@lukoil.com = {eg}
2025-06-10 16:09:39 [INFO] org.example.TagBot.TagBotApplication - Бот запускается...
2025-06-10 16:09:40 [INFO] ru.mail.im.botapi.BotLogger - IM_BOT bot successfully started
2025-06-10 16:09:40 [INFO] ru.mail.im.botapi.BotLogger - IM_BOT bot already started
2025-06-10 16:09:40 [INFO] org.example.TagBot.TagBotApplication - Бот запустился.
2025-06-10 16:17:22 [INFO] org.example.TagBot.TagBotApplication - Бот запускается...
2025-06-10 16:17:23 [INFO] ru.mail.im.botapi.BotLogger - IM_BOT bot successfully started
2025-06-10 16:17:23 [INFO] ru.mail.im.botapi.BotLogger - IM_BOT bot already started
2025-06-10 16:17:23 [INFO] org.example.TagBot.TagBotApplication - Бот запустился.
2025-06-10 16:17:30 [INFO] org.example.TagBot.EventHandler - Новое сообщение от пользователя: andrey.sanzharov@lukoil.com = {h}
2025-06-10 16:17:31 [INFO] org.example.TagBot.EventHandler - Callback от пользователя: andrey.sanzharov@lukoil.com| Кнопка: Зарегистрировать обращение
2025-06-10 16:17:53 [INFO] org.example.TagBot.EventHandler - Callback от пользователя: andrey.sanzharov@lukoil.com| Кнопка: Не работает телефон
2025-06-10 16:17:55 [INFO] org.example.TagBot.EventHandler - Callback от пользователя: andrey.sanzharov@lukoil.com| Кнопка: От себя
2025-06-10 16:17:56 [INFO] org.example.TagBot.UserStateManager - Диалог завершен для пользователя: andrey.sanzharov@lukoil.com
2025-06-10 16:18:38 [INFO] org.example.TagBot.TagBotApplication - Бот запускается...
2025-06-10 16:18:38 [INFO] ru.mail.im.botapi.BotLogger - IM_BOT bot successfully started
2025-06-10 16:18:38 [INFO] ru.mail.im.botapi.BotLogger - IM_BOT bot already started
2025-06-10 16:18:38 [INFO] org.example.TagBot.TagBotApplication - Бот запустился.
2025-06-10 16:18:43 [INFO] org.example.TagBot.EventHandler - Новое сообщение от пользователя: andrey.sanzharov@lukoil.com = {hhj}
2025-06-10 16:18:44 [INFO] org.example.TagBot.EventHandler - Callback от пользователя: andrey.sanzharov@lukoil.com| Кнопка: Зарегистрировать обращение
2025-06-10 16:18:47 [INFO] org.example.TagBot.EventHandler - Callback от пользователя: andrey.sanzharov@lukoil.com| Кнопка: Другое
2025-06-10 16:18:48 [INFO] org.example.TagBot.EventHandler - Callback от пользователя: andrey.sanzharov@lukoil.com| Кнопка: От себя
2025-06-10 16:18:51 [INFO] org.example.TagBot.EventHandler - Новое сообщение от пользователя: andrey.sanzharov@lukoil.com = {fgghghg}
2025-06-10 16:18:51 [INFO] org.example.TagBot.UserStateManager - Пользователь написал сообщение: fgghghg
2025-06-10 16:20:51 [INFO] org.example.TagBot.TagBotApplication - Бот запускается...
2025-06-10 16:20:51 [INFO] ru.mail.im.botapi.BotLogger - IM_BOT bot successfully started
2025-06-10 16:20:51 [INFO] ru.mail.im.botapi.BotLogger - IM_BOT bot already started
2025-06-10 16:20:51 [INFO] org.example.TagBot.TagBotApplication - Бот запустился.
2025-06-10 16:20:56 [INFO] org.example.TagBot.EventHandler - Новое сообщение от пользователя: andrey.sanzharov@lukoil.com = {5}
2025-06-10 16:20:58 [INFO] org.example.TagBot.EventHandler - Callback от пользователя: andrey.sanzharov@lukoil.com| Кнопка: Зарегистрировать обращение
2025-06-10 16:20:59 [INFO] org.example.TagBot.EventHandler - Callback от пользователя: andrey.sanzharov@lukoil.com| Кнопка: Не работает телефон
2025-06-10 16:20:59 [INFO] org.example.TagBot.EventHandler - Callback от пользователя: andrey.sanzharov@lukoil.com| Кнопка: Не работает телефон
2025-06-10 16:20:59 [INFO] org.example.TagBot.EventHandler - Callback от пользователя: andrey.sanzharov@lukoil.com| Кнопка: Не работает телефон
2025-06-10 16:21:00 [INFO] org.example.TagBot.EventHandler - Callback от пользователя: andrey.sanzharov@lukoil.com| Кнопка: Не работает телефон
2025-06-10 16:21:01 [INFO] org.example.TagBot.EventHandler - Callback от пользователя: andrey.sanzharov@lukoil.com| Кнопка: Не работает телефон
2025-06-10 16:21:02 [INFO] org.example.TagBot.EventHandler - Callback от пользователя: andrey.sanzharov@lukoil.com| Кнопка: Не работает телефон
2025-06-10 16:21:06 [INFO] org.example.TagBot.EventHandler - Callback от пользователя: andrey.sanzharov@lukoil.com| Кнопка: Не работает телефон
2025-06-10 16:21:12 [INFO] org.example.TagBot.EventHandler - Callback от пользователя: andrey.sanzharov@lukoil.com| Кнопка: Не работает телефон
2025-06-10 16:21:33 [INFO] org.example.TagBot.TagBotApplication - Бот запускается...
2025-06-10 16:21:34 [INFO] ru.mail.im.botapi.BotLogger - IM_BOT bot successfully started
2025-06-10 16:21:34 [INFO] ru.mail.im.botapi.BotLogger - IM_BOT bot already started
2025-06-10 16:21:34 [INFO] org.example.TagBot.TagBotApplication - Бот запустился.
2025-06-10 16:21:34 [INFO] org.example.TagBot.EventHandler - Callback от пользователя: andrey.sanzharov@lukoil.com| Кнопка: Не работает телефон
2025-06-10 16:21:34 [WARN] org.example.TagBot.UserStateManager - Нет состояния для пользователя: andrey.sanzharov@lukoil.com
2025-06-10 16:21:54 [INFO] org.example.TagBot.EventHandler - Новое сообщение от пользователя: andrey.sanzharov@lukoil.com = {5}
2025-06-10 16:21:55 [INFO] org.example.TagBot.EventHandler - Callback от пользователя: andrey.sanzharov@lukoil.com| Кнопка: Зарегистрировать обращение
2025-06-10 16:21:57 [INFO] org.example.TagBot.EventHandler - Callback от пользователя: andrey.sanzharov@lukoil.com| Кнопка: Не работает телефон
2025-06-10 16:21:58 [INFO] org.example.TagBot.EventHandler - Callback от пользователя: andrey.sanzharov@lukoil.com| Кнопка: От себя
2025-06-10 16:21:58 [INFO] org.example.TagBot.UserStateManager - Диалог завершен для пользователя: andrey.sanzharov@lukoil.com
2025-06-10 16:32:23 [INFO] org.example.TagBot.TagBotApplication - Бот запускается...
2025-06-10 16:32:23 [INFO] ru.mail.im.botapi.BotLogger - IM_BOT bot successfully started
2025-06-10 16:32:23 [INFO] ru.mail.im.botapi.BotLogger - IM_BOT bot already started
2025-06-10 16:32:23 [INFO] org.example.TagBot.TagBotApplication - Бот запустился.
2025-06-10 16:35:02 [INFO] org.example.TagBot.TagBotApplication - Бот запускается...
2025-06-10 16:35:02 [INFO] ru.mail.im.botapi.BotLogger - IM_BOT bot successfully started
2025-06-10 16:35:02 [INFO] ru.mail.im.botapi.BotLogger - IM_BOT bot already started
2025-06-10 16:35:02 [INFO] org.example.TagBot.TagBotApplication - Бот запустился.
2025-06-10 16:35:08 [INFO] org.example.TagBot.EventHandler - Новое сообщение от пользователя: andrey.sanzharov@lukoil.com = {h}
2025-06-10 16:35:09 [INFO] org.example.TagBot.EventHandler - Callback от пользователя: andrey.sanzharov@lukoil.com| Кнопка: Зарегистрировать обращение
2025-06-10 16:35:10 [INFO] org.example.TagBot.EventHandler - Callback от пользователя: andrey.sanzharov@lukoil.com| Кнопка: Не работает телефон
2025-06-10 16:35:11 [INFO] org.example.TagBot.EventHandler - Callback от пользователя: andrey.sanzharov@lukoil.com| Кнопка: От себя
2025-06-10 16:35:11 [INFO] org.example.TagBot.UserStateManager - Диалог завершен для пользователя: andrey.sanzharov@lukoil.com
2025-06-10 16:36:55 [INFO] org.example.TagBot.TagBotApplication - Бот запускается...
2025-06-10 16:36:55 [INFO] ru.mail.im.botapi.BotLogger - IM_BOT bot successfully started
2025-06-10 16:36:55 [INFO] ru.mail.im.botapi.BotLogger - IM_BOT bot already started
2025-06-10 16:36:55 [INFO] org.example.TagBot.TagBotApplication - Бот запустился.
2025-06-10 16:37:01 [INFO] org.example.TagBot.EventHandler - Новое сообщение от пользователя: andrey.sanzharov@lukoil.com = {ррп}
2025-06-10 16:37:02 [INFO] org.example.TagBot.EventHandler - Callback от пользователя: andrey.sanzharov@lukoil.com| Кнопка: Зарегистрировать обращение
2025-06-10 16:37:03 [INFO] org.example.TagBot.EventHandler - Callback от пользователя: andrey.sanzharov@lukoil.com| Кнопка: Не работает телефон
2025-06-10 16:37:04 [INFO] org.example.TagBot.EventHandler - Callback от пользователя: andrey.sanzharov@lukoil.com| Кнопка: От себя
2025-06-10 16:37:05 [INFO] org.example.TagBot.UserStateManager - Диалог завершен для пользователя: andrey.sanzharov@lukoil.com
2025-06-10 17:26:46 [INFO] org.example.TagBot.TagBotApplication - Бот запускается...
2025-06-10 17:26:46 [INFO] ru.mail.im.botapi.BotLogger - IM_BOT bot successfully started
2025-06-10 17:26:46 [INFO] ru.mail.im.botapi.BotLogger - IM_BOT bot already started
2025-06-10 17:26:46 [INFO] org.example.TagBot.TagBotApplication - Бот запустился.
2025-06-10 17:26:59 [INFO] org.example.TagBot.EventHandler - Новое сообщение от пользователя: andrey.sanzharov@lukoil.com = {оо}
2025-06-10 17:27:04 [INFO] org.example.TagBot.EventHandler - Callback от пользователя: andrey.sanzharov@lukoil.com| Кнопка: Зарегистрировать обращение
2025-06-10 17:27:04 [INFO] org.example.TagBot.EventHandler - Callback от пользователя: andrey.sanzharov@lukoil.com| Кнопка: Зарегистрировать обращение
2025-06-10 17:27:05 [INFO] org.example.TagBot.EventHandler - Callback от пользователя: andrey.sanzharov@lukoil.com| Кнопка: Зарегистрировать обращение
2025-06-10 17:27:05 [INFO] org.example.TagBot.EventHandler - Callback от пользователя: andrey.sanzharov@lukoil.com| Кнопка: Зарегистрировать обращение
2025-06-10 17:27:06 [INFO] org.example.TagBot.EventHandler - Callback от пользователя: andrey.sanzharov@lukoil.com| Кнопка: Зарегистрировать обращение
2025-06-10 17:27:08 [INFO] org.example.TagBot.EventHandler - Callback от пользователя: andrey.sanzharov@lukoil.com| Кнопка: Зарегистрировать обращение
2025-06-10 17:27:14 [INFO] org.example.TagBot.TagBotApplication - Бот запускается...
2025-06-10 17:27:15 [INFO] ru.mail.im.botapi.BotLogger - IM_BOT bot successfully started
2025-06-10 17:27:15 [INFO] ru.mail.im.botapi.BotLogger - IM_BOT bot already started
2025-06-10 17:27:15 [INFO] org.example.TagBot.TagBotApplication - Бот запустился.
2025-06-10 17:27:15 [INFO] org.example.TagBot.EventHandler - Callback от пользователя: andrey.sanzharov@lukoil.com| Кнопка: Зарегистрировать обращение
2025-06-10 17:27:15 [WARN] org.example.TagBot.UserStateManager - Нет состояния для пользователя: andrey.sanzharov@lukoil.com
2025-06-11 09:30:37 [INFO] org.example.TagBot.TagBotApplication - Бот запускается...
2025-06-11 09:31:44 [INFO] org.example.TagBot.TagBotApplication - Бот запускается...
2025-06-11 09:36:44 [INFO] org.example.TagBot.TagBotApplication - Бот запускается...
2025-06-11 09:40:16 [INFO] org.example.TagBot.TagBotApplication - Бот запускается...
2025-06-11 09:44:34 [INFO] org.example.TagBot.TagBotApplication - Бот запускается...
2025-06-11 09:45:03 [INFO] org.example.TagBot.TagBotApplication - Бот запускается...
2025-06-11 09:53:27 [INFO] org.example.TagBot.TagBotApplication - Бот запускается...
2025-06-11 09:53:45 [INFO] org.example.TagBot.TagBotApplication - Бот запускается...
2025-06-11 09:59:36 [INFO] org.example.TagBot.TagBotApplication - Бот запускается...
2025-06-11 09:59:56 [INFO] org.example.TagBot.TagBotApplication - Бот запускается...
2025-06-11 10:00:15 [INFO] org.example.TagBot.TagBotApplication - Бот запускается...
2025-06-11 10:00:55 [INFO] org.example.TagBot.TagBotApplication - Бот запускается...
2025-06-11 10:01:32 [INFO] org.example.TagBot.TagBotApplication - Бот запускается...
2025-06-11 10:02:01 [INFO] org.example.TagBot.TagBotApplication - Бот запускается...
2025-06-11 10:07:20 [INFO] org.example.TagBot.TagBotApplication - Бот запускается...
2025-06-11 10:12:41 [INFO] org.example.TagBot.TagBotApplication - Бот запускается...
2025-06-11 10:12:41 [INFO] org.example.TagBot.TagBotApplication - HOST : '{}'
2025-06-11 10:12:41 [INFO] org.example.TagBot.TagBotApplication - TOKEN : '{}'
2025-06-11 10:14:32 [INFO] org.example.TagBot.TagBotApplication - Бот запускается...
2025-06-11 10:14:32 [INFO] org.example.TagBot.TagBotApplication - HOST : '{}'
2025-06-11 10:14:32 [INFO] org.example.TagBot.TagBotApplication - TOKEN : '{}'
2025-06-11 10:20:04 [INFO] org.example.TagBot.TagBotApplication - Бот запускается...
2025-06-11 10:20:04 [INFO] org.example.TagBot.TagBotApplication - HOST : '{}'
2025-06-11 10:20:04 [INFO] org.example.TagBot.TagBotApplication - TOKEN : '{}'
2025-06-11 10:22:44 [INFO] org.example.TagBot.DbManager - База данных уже инициализирована.
2025-06-11 10:22:44 [INFO] org.example.TagBot.TagBotApplication - Бот запускается...
2025-06-11 10:22:44 [INFO] org.example.TagBot.TagBotApplication - HOST : '{}'
2025-06-11 10:22:44 [INFO] org.example.TagBot.TagBotApplication - TOKEN : '{}'
2025-06-11 10:22:44 [INFO] org.example.TagBot.DbManager - Конфигурация получена: token='001.1031916963.1477955322:1000000106', host='https://api.vkteams.ext.lukoil.com/'
2025-06-11 10:23:32 [INFO] org.example.TagBot.TagBotApplication - Бот запускается...
2025-06-11 10:23:32 [INFO] org.example.TagBot.TagBotApplication - HOST : '{}'
2025-06-11 10:23:32 [INFO] org.example.TagBot.TagBotApplication - TOKEN : '{}'
2025-06-11 10:23:49 [INFO] org.example.TagBot.TagBotApplication - Бот запускается...
2025-06-11 10:23:49 [INFO] org.example.TagBot.TagBotApplication - HOST : '{}'
2025-06-11 10:23:49 [INFO] org.example.TagBot.TagBotApplication - TOKEN : '{}'
2025-06-11 10:26:49 [INFO] org.example.TagBot.TagBotApplication - Бот запускается...
2025-06-11 10:26:50 [INFO] org.example.TagBot.TagBotApplication - HOST https://api.vkteams.ext.lukoil.com/: '{}'
2025-06-11 10:26:50 [INFO] org.example.TagBot.TagBotApplication - TOKEN 001.1031916963.1477955322:1000000106: '{}'
2025-06-11 10:27:27 [INFO] org.example.TagBot.TagBotApplication - Бот запускается...
2025-06-11 10:27:27 [INFO] org.example.TagBot.TagBotApplication - HOST https://api.vkteams.ext.lukoil.com/:'
2025-06-11 10:27:27 [INFO] org.example.TagBot.TagBotApplication - TOKEN 001.1031916963.1477955322:1000000106:
2025-06-11 10:27:46 [INFO] org.example.TagBot.TagBotApplication - Бот запускается...
2025-06-11 10:27:46 [INFO] org.example.TagBot.TagBotApplication - HOST https://api.vkteams.ext.lukoil.com/:'
2025-06-11 10:27:46 [INFO] org.example.TagBot.TagBotApplication - TOKEN 001.1031916963.1477955322:1000000106:
2025-06-11 10:27:46 [INFO] ru.mail.im.botapi.BotLogger - IM_BOT bot successfully started
2025-06-11 10:27:46 [INFO] ru.mail.im.botapi.BotLogger - IM_BOT bot already started
2025-06-11 10:27:46 [INFO] org.example.TagBot.TagBotApplication - Бот запустился.
2025-06-11 10:28:26 [INFO] org.example.TagBot.TagBotApplication - Бот запускается...
2025-06-11 10:28:27 [INFO] org.example.TagBot.TagBotApplication - HOST https://api.vkteams.ext.lukoil.com/:
2025-06-11 10:28:27 [INFO] org.example.TagBot.TagBotApplication - TOKEN 001.1031916963.1477955322:1000000106:
2025-06-11 10:28:27 [INFO] ru.mail.im.botapi.BotLogger - IM_BOT bot successfully started
2025-06-11 10:28:27 [INFO] ru.mail.im.botapi.BotLogger - IM_BOT bot already started
2025-06-11 10:28:27 [INFO] org.example.TagBot.TagBotApplication - Бот запустился.
2025-06-11 10:29:47 [INFO] org.example.TagBot.TagBotApplication - Бот запускается...
2025-06-11 10:29:47 [INFO] org.example.TagBot.TagBotApplication - HOST https://api.vkteams.ext.lukoil.com/:
2025-06-11 10:29:47 [INFO] org.example.TagBot.TagBotApplication - TOKEN 001.1031916963.1477955322:1000000106:
2025-06-11 10:29:47 [INFO] ru.mail.im.botapi.BotLogger - IM_BOT bot successfully started
2025-06-11 10:29:47 [INFO] ru.mail.im.botapi.BotLogger - IM_BOT bot already started
2025-06-11 10:29:47 [INFO] org.example.TagBot.TagBotApplication - Бот запустился.
2025-06-11 10:29:51 [INFO] org.example.TagBot.EventHandler - Новое сообщение от пользователя: andrey.sanzharov@lukoil.com = {h}
2025-06-11 10:29:52 [INFO] org.example.TagBot.EventHandler - Callback от пользователя: andrey.sanzharov@lukoil.com| Кнопка: Зарегистрировать обращение
2025-06-11 10:29:57 [INFO] org.example.TagBot.EventHandler - Callback от пользователя: andrey.sanzharov@lukoil.com| Кнопка: Не работает телефон
2025-06-11 10:30:00 [INFO] org.example.TagBot.EventHandler - Callback от пользователя: andrey.sanzharov@lukoil.com| Кнопка: От себя
2025-06-11 10:30:00 [INFO] org.example.TagBot.UserStateManager - Диалог завершен для пользователя: andrey.sanzharov@lukoil.com
2025-06-11 10:56:59 [INFO] org.example.TagBot.TagBotApplication - Бот запускается...
2025-06-11 10:57:00 [INFO] org.example.TagBot.TagBotApplication - HOST https://api.vkteams.ext.lukoil.com/:
2025-06-11 10:57:00 [INFO] org.example.TagBot.TagBotApplication - TOKEN 001.1031916963.1477955322:1000000106:
2025-06-11 10:57:00 [INFO] ru.mail.im.botapi.BotLogger - IM_BOT bot successfully started
2025-06-11 10:57:00 [INFO] ru.mail.im.botapi.BotLogger - IM_BOT bot already started
2025-06-11 10:57:00 [INFO] org.example.TagBot.TagBotApplication - Бот запустился.
2025-06-11 11:00:58 [INFO] org.example.TagBot.TagBotApplication - Бот запускается...
2025-06-11 11:00:58 [INFO] org.example.TagBot.TagBotApplication - DB HOST https://api.vkteams.ext.lukoil.com/:
2025-06-11 11:00:58 [INFO] org.example.TagBot.TagBotApplication - DB TOKEN 001.1031916963.1477955322:1000000106:
2025-06-11 11:00:58 [INFO] ru.mail.im.botapi.BotLogger - IM_BOT bot successfully started
2025-06-11 11:00:58 [INFO] ru.mail.im.botapi.BotLogger - IM_BOT bot already started
2025-06-11 11:00:58 [INFO] org.example.TagBot.TagBotApplication - Бот запустился.
2025-06-11 11:18:26 [INFO] org.example.TagBot.TagBotApplication - Бот запускается...
2025-06-11 11:18:26 [INFO] org.example.TagBot.DbManager - Конфигурация получена: token='001.1031916963.1477955322:1000000106', host='https://api.vkteams.ext.lukoil.com/'
2025-06-11 11:18:26 [INFO] org.example.TagBot.TagBotApplication - DB HOST https://api.vkteams.ext.lukoil.com/:
2025-06-11 11:18:26 [INFO] org.example.TagBot.TagBotApplication - DB TOKEN 001.1031916963.1477955322:1000000106:
2025-06-11 11:18:26 [INFO] ru.mail.im.botapi.BotLogger - IM_BOT bot successfully started
2025-06-11 11:18:26 [INFO] ru.mail.im.botapi.BotLogger - IM_BOT bot already started
2025-06-11 11:18:26 [INFO] org.example.TagBot.TagBotApplication - Бот запустился.
2025-06-11 12:19:04 [INFO] org.example.TagBot.TagBotApplication - Бот запускается...
2025-06-11 12:19:05 [INFO] org.example.TagBot.DbManager - Конфигурация получена: token='001.1031916963.1477955322:1000000106', host='https://api.vkteams.ext.lukoil.com/'
2025-06-11 12:19:05 [INFO] org.example.TagBot.TagBotApplication - DB HOST https://api.vkteams.ext.lukoil.com/:
2025-06-11 12:19:05 [INFO] org.example.TagBot.TagBotApplication - DB TOKEN 001.1031916963.1477955322:1000000106:
2025-06-11 12:19:05 [INFO] ru.mail.im.botapi.BotLogger - IM_BOT bot successfully started
2025-06-11 12:19:05 [INFO] ru.mail.im.botapi.BotLogger - IM_BOT bot already started
2025-06-11 12:19:05 [INFO] org.example.TagBot.TagBotApplication - Бот запустился.
2025-06-11 12:24:28 [INFO] org.example.TagBot.TagBotApplication - Бот запускается...
2025-06-11 12:24:33 [INFO] org.example.TagBot.TagBotApplication - Бот запускается...
2025-06-11 12:24:42 [INFO] org.example.TagBot.TagBotApplication - Бот запускается...
2025-06-11 12:24:56 [INFO] org.example.TagBot.TagBotApplication - Бот запускается...
2025-06-11 12:24:56 [INFO] org.example.TagBot.DbManager - Конфигурация получена: token='001.1031916963.1477955322:1000000106', host='https://api.vkteams.ext.lukoil.com/'
2025-06-11 12:24:56 [INFO] org.example.TagBot.TagBotApplication - DB HOST https://api.vkteams.ext.lukoil.com/:
2025-06-11 12:24:56 [INFO] org.example.TagBot.TagBotApplication - DB TOKEN 001.1031916963.1477955322:1000000106:
2025-06-11 12:24:56 [INFO] ru.mail.im.botapi.BotLogger - IM_BOT bot successfully started
2025-06-11 12:24:56 [INFO] ru.mail.im.botapi.BotLogger - IM_BOT bot already started
2025-06-11 12:24:56 [INFO] org.example.TagBot.TagBotApplication - Бот запустился.
2025-06-11 12:44:16 [INFO] org.example.TagBot.TagBotApplication - Бот запускается...
2025-06-11 12:44:16 [INFO] org.example.TagBot.DbManager - Конфигурация получена: token='001.1031916963.1477955322:1000000106', host='https://api.vkteams.ext.lukoil.com/'
2025-06-11 12:44:16 [INFO] org.example.TagBot.TagBotApplication - DB HOST https://api.vkteams.ext.lukoil.com/:
2025-06-11 12:44:16 [INFO] org.example.TagBot.TagBotApplication - DB TOKEN 001.1031916963.1477955322:1000000106:
2025-06-11 12:44:17 [INFO] ru.mail.im.botapi.BotLogger - IM_BOT bot successfully started
2025-06-11 12:44:17 [INFO] ru.mail.im.botapi.BotLogger - IM_BOT bot already started
2025-06-11 12:44:17 [INFO] org.example.TagBot.TagBotApplication - Бот запустился.
2025-06-11 12:44:28 [INFO] org.example.TagBot.EventHandler - Новое сообщение от пользователя: andrey.sanzharov@lukoil.com = {gj}
2025-06-11 12:44:29 [INFO] org.example.TagBot.EventHandler - Callback от пользователя: andrey.sanzharov@lukoil.com| Кнопка: Зарегистрировать обращение
2025-06-11 12:44:31 [INFO] org.example.TagBot.EventHandler - Callback от пользователя: andrey.sanzharov@lukoil.com| Кнопка: Другое
2025-06-11 12:44:32 [INFO] org.example.TagBot.EventHandler - Callback от пользователя: andrey.sanzharov@lukoil.com| Кнопка: От имени другого сотрудника.
2025-06-11 12:44:34 [INFO] org.example.TagBot.EventHandler - Новое сообщение от пользователя: andrey.sanzharov@lukoil.com = {g g g}
2025-06-11 12:44:34 [INFO] org.example.TagBot.UserStateManager - Пользователь написал сообщение: g g g
2025-06-11 12:44:34 [INFO] org.example.TagBot.Handlers - Сработал обработчик validateName
2025-06-11 12:44:34 [INFO] org.example.TagBot.Handlers - Проверка ФИО 'g g g': 2 пробелов => true
2025-06-11 12:44:35 [INFO] org.example.TagBot.EventHandler - Новое сообщение от пользователя: andrey.sanzharov@lukoil.com = {fgjnfjgngf}
2025-06-11 12:44:35 [INFO] org.example.TagBot.UserStateManager - Пользователь написал сообщение: fgjnfjgngf
2025-06-11 12:44:35 [INFO] org.example.TagBot.Handlers - Сработал обработчик answers
